 
****************************************
Report : timing
        -path full
        -delay min
        -max_paths 100
Design : SYSTEM_TOP
Version: K-2015.06
Date   : Fri Aug 16 10:27:16 2024
****************************************

Operating Conditions: scmetro_tsmc_cl013g_rvt_ff_1p32v_m40c   Library: scmetro_tsmc_cl013g_rvt_ff_1p32v_m40c
Wire Load Model Mode: top

  Startpoint: B0/current_state_reg[3]
              (rising edge-triggered flip-flop clocked by REF_CLK)
  Endpoint: B2/OUT_VALID_reg
            (rising edge-triggered flip-flop clocked by ALU_CLK)
  Path Group: ALU_CLK
  Path Type: min

  Point                                                   Incr       Path
  --------------------------------------------------------------------------
  clock REF_CLK (rise edge)                               0.00       0.00
  clock network delay (ideal)                             0.00       0.00
  B0/current_state_reg[3]/CK (DFFRQX2M)                   0.00       0.00 r
  B0/current_state_reg[3]/Q (DFFRQX2M)                    0.51       0.51 r
  B0/U7/Y (NOR2BX2M)                                      0.13       0.64 f
  B0/U17/Y (NAND3X2M)                                     0.10       0.74 r
  B0/U14/Y (NOR2X2M)                                      0.08       0.82 f
  B0/EN (SYS_CTRL)                                        0.00       0.82 f
  B2/en (alU)                                             0.00       0.82 f
  B2/OUT_VALID_reg/D (DFFRQX2M)                           0.00       0.82 f
  data arrival time                                                  0.82

  clock ALU_CLK (rise edge)                               0.00       0.00
  clock network delay (ideal)                             0.00       0.00
  clock uncertainty                                       0.10       0.10
  B2/OUT_VALID_reg/CK (DFFRQX2M)                          0.00       0.10 r
  library hold time                                      -0.02       0.08
  data required time                                                 0.08
  --------------------------------------------------------------------------
  data required time                                                 0.08
  data arrival time                                                 -0.82
  --------------------------------------------------------------------------
  slack (MET)                                                        0.74


  Startpoint: B1/RegFile_reg[1][1]
              (rising edge-triggered flip-flop clocked by REF_CLK)
  Endpoint: B2/ALU_OUT_reg[1]
            (rising edge-triggered flip-flop clocked by ALU_CLK)
  Path Group: ALU_CLK
  Path Type: min

  Point                                    Incr       Path
  -----------------------------------------------------------
  clock REF_CLK (rise edge)                0.00       0.00
  clock network delay (ideal)              0.00       0.00
  B1/RegFile_reg[1][1]/CK (DFFRQX2M)       0.00       0.00 r
  B1/RegFile_reg[1][1]/Q (DFFRQX2M)        0.50       0.50 r
  B1/REG1[1] (RegFile)                     0.00       0.50 r
  B2/B[1] (alU)                            0.00       0.50 r
  B2/U127/Y (OAI21X2M)                     0.10       0.60 f
  B2/U46/Y (AOI211X2M)                     0.14       0.74 r
  B2/U44/Y (AOI31X2M)                      0.11       0.86 f
  B2/ALU_OUT_reg[1]/D (DFFRQX2M)           0.00       0.86 f
  data arrival time                                   0.86

  clock ALU_CLK (rise edge)                0.00       0.00
  clock network delay (ideal)              0.00       0.00
  clock uncertainty                        0.10       0.10
  B2/ALU_OUT_reg[1]/CK (DFFRQX2M)          0.00       0.10 r
  library hold time                       -0.02       0.08
  data required time                                  0.08
  -----------------------------------------------------------
  data required time                                  0.08
  data arrival time                                  -0.86
  -----------------------------------------------------------
  slack (MET)                                         0.78


  Startpoint: B1/RegFile_reg[1][0]
              (rising edge-triggered flip-flop clocked by REF_CLK)
  Endpoint: B2/ALU_OUT_reg[0]
            (rising edge-triggered flip-flop clocked by ALU_CLK)
  Path Group: ALU_CLK
  Path Type: min

  Point                                    Incr       Path
  -----------------------------------------------------------
  clock REF_CLK (rise edge)                0.00       0.00
  clock network delay (ideal)              0.00       0.00
  B1/RegFile_reg[1][0]/CK (DFFRQX2M)       0.00       0.00 r
  B1/RegFile_reg[1][0]/Q (DFFRQX2M)        0.53       0.53 r
  B1/REG1[0] (RegFile)                     0.00       0.53 r
  B2/B[0] (alU)                            0.00       0.53 r
  B2/U123/Y (OAI21X2M)                     0.11       0.64 f
  B2/U42/Y (AOI211X2M)                     0.14       0.78 r
  B2/U40/Y (AOI31X2M)                      0.11       0.89 f
  B2/ALU_OUT_reg[0]/D (DFFRQX2M)           0.00       0.89 f
  data arrival time                                   0.89

  clock ALU_CLK (rise edge)                0.00       0.00
  clock network delay (ideal)              0.00       0.00
  clock uncertainty                        0.10       0.10
  B2/ALU_OUT_reg[0]/CK (DFFRQX2M)          0.00       0.10 r
  library hold time                       -0.02       0.08
  data required time                                  0.08
  -----------------------------------------------------------
  data required time                                  0.08
  data arrival time                                  -0.89
  -----------------------------------------------------------
  slack (MET)                                         0.81


  Startpoint: B1/RegFile_reg[1][3]
              (rising edge-triggered flip-flop clocked by REF_CLK)
  Endpoint: B2/ALU_OUT_reg[3]
            (rising edge-triggered flip-flop clocked by ALU_CLK)
  Path Group: ALU_CLK
  Path Type: min

  Point                                    Incr       Path
  -----------------------------------------------------------
  clock REF_CLK (rise edge)                0.00       0.00
  clock network delay (ideal)              0.00       0.00
  B1/RegFile_reg[1][3]/CK (DFFRQX2M)       0.00       0.00 r
  B1/RegFile_reg[1][3]/Q (DFFRQX2M)        0.49       0.49 r
  B1/REG1[3] (RegFile)                     0.00       0.49 r
  B2/B[3] (alU)                            0.00       0.49 r
  B2/U107/Y (OAI222X1M)                    0.16       0.65 f
  B2/U54/Y (AOI221XLM)                     0.20       0.84 r
  B2/U52/Y (AOI31X2M)                      0.12       0.97 f
  B2/ALU_OUT_reg[3]/D (DFFRQX2M)           0.00       0.97 f
  data arrival time                                   0.97

  clock ALU_CLK (rise edge)                0.00       0.00
  clock network delay (ideal)              0.00       0.00
  clock uncertainty                        0.10       0.10
  B2/ALU_OUT_reg[3]/CK (DFFRQX2M)          0.00       0.10 r
  library hold time                       -0.02       0.08
  data required time                                  0.08
  -----------------------------------------------------------
  data required time                                  0.08
  data arrival time                                  -0.97
  -----------------------------------------------------------
  slack (MET)                                         0.89


  Startpoint: B1/RegFile_reg[1][2]
              (rising edge-triggered flip-flop clocked by REF_CLK)
  Endpoint: B2/ALU_OUT_reg[2]
            (rising edge-triggered flip-flop clocked by ALU_CLK)
  Path Group: ALU_CLK
  Path Type: min

  Point                                    Incr       Path
  -----------------------------------------------------------
  clock REF_CLK (rise edge)                0.00       0.00
  clock network delay (ideal)              0.00       0.00
  B1/RegFile_reg[1][2]/CK (DFFRQX2M)       0.00       0.00 r
  B1/RegFile_reg[1][2]/Q (DFFRQX2M)        0.49       0.49 r
  B1/REG1[2] (RegFile)                     0.00       0.49 r
  B2/B[2] (alU)                            0.00       0.49 r
  B2/U104/Y (OAI222X1M)                    0.16       0.65 f
  B2/U50/Y (AOI221XLM)                     0.20       0.84 r
  B2/U48/Y (AOI31X2M)                      0.12       0.97 f
  B2/ALU_OUT_reg[2]/D (DFFRQX2M)           0.00       0.97 f
  data arrival time                                   0.97

  clock ALU_CLK (rise edge)                0.00       0.00
  clock network delay (ideal)              0.00       0.00
  clock uncertainty                        0.10       0.10
  B2/ALU_OUT_reg[2]/CK (DFFRQX2M)          0.00       0.10 r
  library hold time                       -0.02       0.08
  data required time                                  0.08
  -----------------------------------------------------------
  data required time                                  0.08
  data arrival time                                  -0.97
  -----------------------------------------------------------
  slack (MET)                                         0.89


  Startpoint: B1/RegFile_reg[1][4]
              (rising edge-triggered flip-flop clocked by REF_CLK)
  Endpoint: B2/ALU_OUT_reg[4]
            (rising edge-triggered flip-flop clocked by ALU_CLK)
  Path Group: ALU_CLK
  Path Type: min

  Point                                    Incr       Path
  -----------------------------------------------------------
  clock REF_CLK (rise edge)                0.00       0.00
  clock network delay (ideal)              0.00       0.00
  B1/RegFile_reg[1][4]/CK (DFFRQX2M)       0.00       0.00 r
  B1/RegFile_reg[1][4]/Q (DFFRQX2M)        0.51       0.51 r
  B1/REG1[4] (RegFile)                     0.00       0.51 r
  B2/B[4] (alU)                            0.00       0.51 r
  B2/U110/Y (OAI222X1M)                    0.17       0.67 f
  B2/U58/Y (AOI221XLM)                     0.20       0.87 r
  B2/U56/Y (AOI31X2M)                      0.12       0.99 f
  B2/ALU_OUT_reg[4]/D (DFFRQX2M)           0.00       0.99 f
  data arrival time                                   0.99

  clock ALU_CLK (rise edge)                0.00       0.00
  clock network delay (ideal)              0.00       0.00
  clock uncertainty                        0.10       0.10
  B2/ALU_OUT_reg[4]/CK (DFFRQX2M)          0.00       0.10 r
  library hold time                       -0.02       0.08
  data required time                                  0.08
  -----------------------------------------------------------
  data required time                                  0.08
  data arrival time                                  -0.99
  -----------------------------------------------------------
  slack (MET)                                         0.91


  Startpoint: B1/RegFile_reg[1][5]
              (rising edge-triggered flip-flop clocked by REF_CLK)
  Endpoint: B2/ALU_OUT_reg[5]
            (rising edge-triggered flip-flop clocked by ALU_CLK)
  Path Group: ALU_CLK
  Path Type: min

  Point                                    Incr       Path
  -----------------------------------------------------------
  clock REF_CLK (rise edge)                0.00       0.00
  clock network delay (ideal)              0.00       0.00
  B1/RegFile_reg[1][5]/CK (DFFRQX2M)       0.00       0.00 r
  B1/RegFile_reg[1][5]/Q (DFFRQX2M)        0.51       0.51 r
  B1/REG1[5] (RegFile)                     0.00       0.51 r
  B2/B[5] (alU)                            0.00       0.51 r
  B2/U114/Y (OAI222X1M)                    0.17       0.67 f
  B2/U62/Y (AOI221XLM)                     0.20       0.87 r
  B2/U60/Y (AOI31X2M)                      0.12       0.99 f
  B2/ALU_OUT_reg[5]/D (DFFRQX2M)           0.00       0.99 f
  data arrival time                                   0.99

  clock ALU_CLK (rise edge)                0.00       0.00
  clock network delay (ideal)              0.00       0.00
  clock uncertainty                        0.10       0.10
  B2/ALU_OUT_reg[5]/CK (DFFRQX2M)          0.00       0.10 r
  library hold time                       -0.02       0.08
  data required time                                  0.08
  -----------------------------------------------------------
  data required time                                  0.08
  data arrival time                                  -0.99
  -----------------------------------------------------------
  slack (MET)                                         0.91


  Startpoint: B1/RegFile_reg[1][7]
              (rising edge-triggered flip-flop clocked by REF_CLK)
  Endpoint: B2/ALU_OUT_reg[7]
            (rising edge-triggered flip-flop clocked by ALU_CLK)
  Path Group: ALU_CLK
  Path Type: min

  Point                                    Incr       Path
  -----------------------------------------------------------
  clock REF_CLK (rise edge)                0.00       0.00
  clock network delay (ideal)              0.00       0.00
  B1/RegFile_reg[1][7]/CK (DFFRQX2M)       0.00       0.00 r
  B1/RegFile_reg[1][7]/Q (DFFRQX2M)        0.52       0.52 r
  B1/REG1[7] (RegFile)                     0.00       0.52 r
  B2/B[7] (alU)                            0.00       0.52 r
  B2/U118/Y (OAI222X1M)                    0.17       0.70 f
  B2/U66/Y (AOI221XLM)                     0.20       0.89 r
  B2/U64/Y (AOI31X2M)                      0.12       1.02 f
  B2/ALU_OUT_reg[7]/D (DFFRQX2M)           0.00       1.02 f
  data arrival time                                   1.02

  clock ALU_CLK (rise edge)                0.00       0.00
  clock network delay (ideal)              0.00       0.00
  clock uncertainty                        0.10       0.10
  B2/ALU_OUT_reg[7]/CK (DFFRQX2M)          0.00       0.10 r
  library hold time                       -0.02       0.08
  data required time                                  0.08
  -----------------------------------------------------------
  data required time                                  0.08
  data arrival time                                  -1.02
  -----------------------------------------------------------
  slack (MET)                                         0.94


  Startpoint: B0/current_state_reg[3]
              (rising edge-triggered flip-flop clocked by REF_CLK)
  Endpoint: B2/ALU_OUT_reg[15]
            (rising edge-triggered flip-flop clocked by ALU_CLK)
  Path Group: ALU_CLK
  Path Type: min

  Point                                                   Incr       Path
  --------------------------------------------------------------------------
  clock REF_CLK (rise edge)                               0.00       0.00
  clock network delay (ideal)                             0.00       0.00
  B0/current_state_reg[3]/CK (DFFRQX2M)                   0.00       0.00 r
  B0/current_state_reg[3]/Q (DFFRQX2M)                    0.51       0.51 r
  B0/U7/Y (NOR2BX2M)                                      0.13       0.64 f
  B0/U17/Y (NAND3X2M)                                     0.10       0.74 r
  B0/U14/Y (NOR2X2M)                                      0.08       0.82 f
  B0/EN (SYS_CTRL)                                        0.00       0.82 f
  B2/en (alU)                                             0.00       0.82 f
  B2/U31/Y (NAND2X2M)                                     0.15       0.97 r
  B2/U4/Y (OAI2BB1X2M)                                    0.07       1.04 f
  B2/ALU_OUT_reg[15]/D (DFFRQX2M)                         0.00       1.04 f
  data arrival time                                                  1.04

  clock ALU_CLK (rise edge)                               0.00       0.00
  clock network delay (ideal)                             0.00       0.00
  clock uncertainty                                       0.10       0.10
  B2/ALU_OUT_reg[15]/CK (DFFRQX2M)                        0.00       0.10 r
  library hold time                                      -0.02       0.08
  data required time                                                 0.08
  --------------------------------------------------------------------------
  data required time                                                 0.08
  data arrival time                                                 -1.04
  --------------------------------------------------------------------------
  slack (MET)                                                        0.96


  Startpoint: B0/current_state_reg[3]
              (rising edge-triggered flip-flop clocked by REF_CLK)
  Endpoint: B2/ALU_OUT_reg[14]
            (rising edge-triggered flip-flop clocked by ALU_CLK)
  Path Group: ALU_CLK
  Path Type: min

  Point                                                   Incr       Path
  --------------------------------------------------------------------------
  clock REF_CLK (rise edge)                               0.00       0.00
  clock network delay (ideal)                             0.00       0.00
  B0/current_state_reg[3]/CK (DFFRQX2M)                   0.00       0.00 r
  B0/current_state_reg[3]/Q (DFFRQX2M)                    0.51       0.51 r
  B0/U7/Y (NOR2BX2M)                                      0.13       0.64 f
  B0/U17/Y (NAND3X2M)                                     0.10       0.74 r
  B0/U14/Y (NOR2X2M)                                      0.08       0.82 f
  B0/EN (SYS_CTRL)                                        0.00       0.82 f
  B2/en (alU)                                             0.00       0.82 f
  B2/U31/Y (NAND2X2M)                                     0.15       0.97 r
  B2/U7/Y (OAI2BB1X2M)                                    0.07       1.04 f
  B2/ALU_OUT_reg[14]/D (DFFRQX2M)                         0.00       1.04 f
  data arrival time                                                  1.04

  clock ALU_CLK (rise edge)                               0.00       0.00
  clock network delay (ideal)                             0.00       0.00
  clock uncertainty                                       0.10       0.10
  B2/ALU_OUT_reg[14]/CK (DFFRQX2M)                        0.00       0.10 r
  library hold time                                      -0.02       0.08
  data required time                                                 0.08
  --------------------------------------------------------------------------
  data required time                                                 0.08
  data arrival time                                                 -1.04
  --------------------------------------------------------------------------
  slack (MET)                                                        0.96


  Startpoint: B0/current_state_reg[3]
              (rising edge-triggered flip-flop clocked by REF_CLK)
  Endpoint: B2/ALU_OUT_reg[13]
            (rising edge-triggered flip-flop clocked by ALU_CLK)
  Path Group: ALU_CLK
  Path Type: min

  Point                                                   Incr       Path
  --------------------------------------------------------------------------
  clock REF_CLK (rise edge)                               0.00       0.00
  clock network delay (ideal)                             0.00       0.00
  B0/current_state_reg[3]/CK (DFFRQX2M)                   0.00       0.00 r
  B0/current_state_reg[3]/Q (DFFRQX2M)                    0.51       0.51 r
  B0/U7/Y (NOR2BX2M)                                      0.13       0.64 f
  B0/U17/Y (NAND3X2M)                                     0.10       0.74 r
  B0/U14/Y (NOR2X2M)                                      0.08       0.82 f
  B0/EN (SYS_CTRL)                                        0.00       0.82 f
  B2/en (alU)                                             0.00       0.82 f
  B2/U31/Y (NAND2X2M)                                     0.15       0.97 r
  B2/U9/Y (OAI2BB1X2M)                                    0.07       1.04 f
  B2/ALU_OUT_reg[13]/D (DFFRQX2M)                         0.00       1.04 f
  data arrival time                                                  1.04

  clock ALU_CLK (rise edge)                               0.00       0.00
  clock network delay (ideal)                             0.00       0.00
  clock uncertainty                                       0.10       0.10
  B2/ALU_OUT_reg[13]/CK (DFFRQX2M)                        0.00       0.10 r
  library hold time                                      -0.02       0.08
  data required time                                                 0.08
  --------------------------------------------------------------------------
  data required time                                                 0.08
  data arrival time                                                 -1.04
  --------------------------------------------------------------------------
  slack (MET)                                                        0.96


  Startpoint: B0/current_state_reg[3]
              (rising edge-triggered flip-flop clocked by REF_CLK)
  Endpoint: B2/ALU_OUT_reg[12]
            (rising edge-triggered flip-flop clocked by ALU_CLK)
  Path Group: ALU_CLK
  Path Type: min

  Point                                                   Incr       Path
  --------------------------------------------------------------------------
  clock REF_CLK (rise edge)                               0.00       0.00
  clock network delay (ideal)                             0.00       0.00
  B0/current_state_reg[3]/CK (DFFRQX2M)                   0.00       0.00 r
  B0/current_state_reg[3]/Q (DFFRQX2M)                    0.51       0.51 r
  B0/U7/Y (NOR2BX2M)                                      0.13       0.64 f
  B0/U17/Y (NAND3X2M)                                     0.10       0.74 r
  B0/U14/Y (NOR2X2M)                                      0.08       0.82 f
  B0/EN (SYS_CTRL)                                        0.00       0.82 f
  B2/en (alU)                                             0.00       0.82 f
  B2/U31/Y (NAND2X2M)                                     0.15       0.97 r
  B2/U8/Y (OAI2BB1X2M)                                    0.07       1.04 f
  B2/ALU_OUT_reg[12]/D (DFFRQX2M)                         0.00       1.04 f
  data arrival time                                                  1.04

  clock ALU_CLK (rise edge)                               0.00       0.00
  clock network delay (ideal)                             0.00       0.00
  clock uncertainty                                       0.10       0.10
  B2/ALU_OUT_reg[12]/CK (DFFRQX2M)                        0.00       0.10 r
  library hold time                                      -0.02       0.08
  data required time                                                 0.08
  --------------------------------------------------------------------------
  data required time                                                 0.08
  data arrival time                                                 -1.04
  --------------------------------------------------------------------------
  slack (MET)                                                        0.96


  Startpoint: B0/current_state_reg[3]
              (rising edge-triggered flip-flop clocked by REF_CLK)
  Endpoint: B2/ALU_OUT_reg[11]
            (rising edge-triggered flip-flop clocked by ALU_CLK)
  Path Group: ALU_CLK
  Path Type: min

  Point                                                   Incr       Path
  --------------------------------------------------------------------------
  clock REF_CLK (rise edge)                               0.00       0.00
  clock network delay (ideal)                             0.00       0.00
  B0/current_state_reg[3]/CK (DFFRQX2M)                   0.00       0.00 r
  B0/current_state_reg[3]/Q (DFFRQX2M)                    0.51       0.51 r
  B0/U7/Y (NOR2BX2M)                                      0.13       0.64 f
  B0/U17/Y (NAND3X2M)                                     0.10       0.74 r
  B0/U14/Y (NOR2X2M)                                      0.08       0.82 f
  B0/EN (SYS_CTRL)                                        0.00       0.82 f
  B2/en (alU)                                             0.00       0.82 f
  B2/U31/Y (NAND2X2M)                                     0.15       0.97 r
  B2/U12/Y (OAI2BB1X2M)                                   0.07       1.04 f
  B2/ALU_OUT_reg[11]/D (DFFRQX2M)                         0.00       1.04 f
  data arrival time                                                  1.04

  clock ALU_CLK (rise edge)                               0.00       0.00
  clock network delay (ideal)                             0.00       0.00
  clock uncertainty                                       0.10       0.10
  B2/ALU_OUT_reg[11]/CK (DFFRQX2M)                        0.00       0.10 r
  library hold time                                      -0.02       0.08
  data required time                                                 0.08
  --------------------------------------------------------------------------
  data required time                                                 0.08
  data arrival time                                                 -1.04
  --------------------------------------------------------------------------
  slack (MET)                                                        0.96


  Startpoint: B0/current_state_reg[3]
              (rising edge-triggered flip-flop clocked by REF_CLK)
  Endpoint: B2/ALU_OUT_reg[10]
            (rising edge-triggered flip-flop clocked by ALU_CLK)
  Path Group: ALU_CLK
  Path Type: min

  Point                                                   Incr       Path
  --------------------------------------------------------------------------
  clock REF_CLK (rise edge)                               0.00       0.00
  clock network delay (ideal)                             0.00       0.00
  B0/current_state_reg[3]/CK (DFFRQX2M)                   0.00       0.00 r
  B0/current_state_reg[3]/Q (DFFRQX2M)                    0.51       0.51 r
  B0/U7/Y (NOR2BX2M)                                      0.13       0.64 f
  B0/U17/Y (NAND3X2M)                                     0.10       0.74 r
  B0/U14/Y (NOR2X2M)                                      0.08       0.82 f
  B0/EN (SYS_CTRL)                                        0.00       0.82 f
  B2/en (alU)                                             0.00       0.82 f
  B2/U31/Y (NAND2X2M)                                     0.15       0.97 r
  B2/U11/Y (OAI2BB1X2M)                                   0.07       1.04 f
  B2/ALU_OUT_reg[10]/D (DFFRQX2M)                         0.00       1.04 f
  data arrival time                                                  1.04

  clock ALU_CLK (rise edge)                               0.00       0.00
  clock network delay (ideal)                             0.00       0.00
  clock uncertainty                                       0.10       0.10
  B2/ALU_OUT_reg[10]/CK (DFFRQX2M)                        0.00       0.10 r
  library hold time                                      -0.02       0.08
  data required time                                                 0.08
  --------------------------------------------------------------------------
  data required time                                                 0.08
  data arrival time                                                 -1.04
  --------------------------------------------------------------------------
  slack (MET)                                                        0.96


  Startpoint: B0/current_state_reg[3]
              (rising edge-triggered flip-flop clocked by REF_CLK)
  Endpoint: B2/ALU_OUT_reg[9]
            (rising edge-triggered flip-flop clocked by ALU_CLK)
  Path Group: ALU_CLK
  Path Type: min

  Point                                                   Incr       Path
  --------------------------------------------------------------------------
  clock REF_CLK (rise edge)                               0.00       0.00
  clock network delay (ideal)                             0.00       0.00
  B0/current_state_reg[3]/CK (DFFRQX2M)                   0.00       0.00 r
  B0/current_state_reg[3]/Q (DFFRQX2M)                    0.51       0.51 r
  B0/U7/Y (NOR2BX2M)                                      0.13       0.64 f
  B0/U17/Y (NAND3X2M)                                     0.10       0.74 r
  B0/U14/Y (NOR2X2M)                                      0.08       0.82 f
  B0/EN (SYS_CTRL)                                        0.00       0.82 f
  B2/en (alU)                                             0.00       0.82 f
  B2/U31/Y (NAND2X2M)                                     0.15       0.97 r
  B2/U10/Y (OAI2BB1X2M)                                   0.07       1.04 f
  B2/ALU_OUT_reg[9]/D (DFFRQX2M)                          0.00       1.04 f
  data arrival time                                                  1.04

  clock ALU_CLK (rise edge)                               0.00       0.00
  clock network delay (ideal)                             0.00       0.00
  clock uncertainty                                       0.10       0.10
  B2/ALU_OUT_reg[9]/CK (DFFRQX2M)                         0.00       0.10 r
  library hold time                                      -0.02       0.08
  data required time                                                 0.08
  --------------------------------------------------------------------------
  data required time                                                 0.08
  data arrival time                                                 -1.04
  --------------------------------------------------------------------------
  slack (MET)                                                        0.96


  Startpoint: B0/current_state_reg[3]
              (rising edge-triggered flip-flop clocked by REF_CLK)
  Endpoint: B2/ALU_OUT_reg[8]
            (rising edge-triggered flip-flop clocked by ALU_CLK)
  Path Group: ALU_CLK
  Path Type: min

  Point                                                   Incr       Path
  --------------------------------------------------------------------------
  clock REF_CLK (rise edge)                               0.00       0.00
  clock network delay (ideal)                             0.00       0.00
  B0/current_state_reg[3]/CK (DFFRQX2M)                   0.00       0.00 r
  B0/current_state_reg[3]/Q (DFFRQX2M)                    0.51       0.51 r
  B0/U7/Y (NOR2BX2M)                                      0.13       0.64 f
  B0/U17/Y (NAND3X2M)                                     0.10       0.74 r
  B0/U14/Y (NOR2X2M)                                      0.08       0.82 f
  B0/EN (SYS_CTRL)                                        0.00       0.82 f
  B2/en (alU)                                             0.00       0.82 f
  B2/U39/Y (INVX2M)                                       0.21       1.03 r
  B2/U68/Y (AOI21X2M)                                     0.06       1.10 f
  B2/ALU_OUT_reg[8]/D (DFFRQX2M)                          0.00       1.10 f
  data arrival time                                                  1.10

  clock ALU_CLK (rise edge)                               0.00       0.00
  clock network delay (ideal)                             0.00       0.00
  clock uncertainty                                       0.10       0.10
  B2/ALU_OUT_reg[8]/CK (DFFRQX2M)                         0.00       0.10 r
  library hold time                                      -0.02       0.08
  data required time                                                 0.08
  --------------------------------------------------------------------------
  data required time                                                 0.08
  data arrival time                                                 -1.10
  --------------------------------------------------------------------------
  slack (MET)                                                        1.01


  Startpoint: B0/current_state_reg[3]
              (rising edge-triggered flip-flop clocked by REF_CLK)
  Endpoint: B2/ALU_OUT_reg[6]
            (rising edge-triggered flip-flop clocked by ALU_CLK)
  Path Group: ALU_CLK
  Path Type: min

  Point                                                   Incr       Path
  --------------------------------------------------------------------------
  clock REF_CLK (rise edge)                               0.00       0.00
  clock network delay (ideal)                             0.00       0.00
  B0/current_state_reg[3]/CK (DFFRQX2M)                   0.00       0.00 r
  B0/current_state_reg[3]/Q (DFFRQX2M)                    0.51       0.51 r
  B0/U7/Y (NOR2BX2M)                                      0.13       0.64 f
  B0/U17/Y (NAND3X2M)                                     0.10       0.74 r
  B0/U14/Y (NOR2X2M)                                      0.08       0.82 f
  B0/EN (SYS_CTRL)                                        0.00       0.82 f
  B2/en (alU)                                             0.00       0.82 f
  B2/U39/Y (INVX2M)                                       0.21       1.03 r
  B2/U75/Y (AOI31X2M)                                     0.06       1.09 f
  B2/ALU_OUT_reg[6]/D (DFFRQX2M)                          0.00       1.09 f
  data arrival time                                                  1.09

  clock ALU_CLK (rise edge)                               0.00       0.00
  clock network delay (ideal)                             0.00       0.00
  clock uncertainty                                       0.10       0.10
  B2/ALU_OUT_reg[6]/CK (DFFRQX2M)                         0.00       0.10 r
  library hold time                                      -0.02       0.08
  data required time                                                 0.08
  --------------------------------------------------------------------------
  data required time                                                 0.08
  data arrival time                                                 -1.09
  --------------------------------------------------------------------------
  slack (MET)                                                        1.02


  Startpoint: RX_IN (input port clocked by RX_CLK)
  Endpoint: B4/B0/B2/samples_reg[1]
            (rising edge-triggered flip-flop clocked by RX_CLK)
  Path Group: INREG
  Path Type: min

  Point                                                   Incr       Path
  --------------------------------------------------------------------------
  clock RX_CLK (rise edge)                                0.00       0.00
  clock network delay (ideal)                             0.00       0.00
  input external delay                                   54.26      54.26 f
  RX_IN (in)                                              0.04      54.30 f
  B4/RX_IN (UART_TOP)                                     0.00      54.30 f
  B4/B0/RX_IN (UART_RX_DATA_WIDTH8_scale_WIDTH6)          0.00      54.30 f
  B4/B0/B2/RX_IN (data_sampling_scale_WIDTH6)             0.00      54.30 f
  B4/B0/B2/U18/Y (INVX2M)                                 0.08      54.37 r
  B4/B0/B2/U10/Y (OAI2BB2X1M)                             0.08      54.45 f
  B4/B0/B2/samples_reg[1]/D (DFFRX1M)                     0.00      54.45 f
  data arrival time                                                 54.45

  clock RX_CLK (rise edge)                                0.00       0.00
  clock network delay (ideal)                             0.00       0.00
  clock uncertainty                                       0.10       0.10
  B4/B0/B2/samples_reg[1]/CK (DFFRX1M)                    0.00       0.10 r
  library hold time                                      -0.01       0.09
  data required time                                                 0.09
  --------------------------------------------------------------------------
  data required time                                                 0.09
  data arrival time                                                -54.45
  --------------------------------------------------------------------------
  slack (MET)                                                       54.36


  Startpoint: RX_IN (input port clocked by RX_CLK)
  Endpoint: B4/B0/B2/samples_reg[0]
            (rising edge-triggered flip-flop clocked by RX_CLK)
  Path Group: INREG
  Path Type: min

  Point                                                   Incr       Path
  --------------------------------------------------------------------------
  clock RX_CLK (rise edge)                                0.00       0.00
  clock network delay (ideal)                             0.00       0.00
  input external delay                                   54.26      54.26 f
  RX_IN (in)                                              0.04      54.30 f
  B4/RX_IN (UART_TOP)                                     0.00      54.30 f
  B4/B0/RX_IN (UART_RX_DATA_WIDTH8_scale_WIDTH6)          0.00      54.30 f
  B4/B0/B2/RX_IN (data_sampling_scale_WIDTH6)             0.00      54.30 f
  B4/B0/B2/U18/Y (INVX2M)                                 0.08      54.37 r
  B4/B0/B2/U6/Y (OAI2BB2X1M)                              0.08      54.45 f
  B4/B0/B2/samples_reg[0]/D (DFFRX1M)                     0.00      54.45 f
  data arrival time                                                 54.45

  clock RX_CLK (rise edge)                                0.00       0.00
  clock network delay (ideal)                             0.00       0.00
  clock uncertainty                                       0.10       0.10
  B4/B0/B2/samples_reg[0]/CK (DFFRX1M)                    0.00       0.10 r
  library hold time                                      -0.01       0.09
  data required time                                                 0.09
  --------------------------------------------------------------------------
  data required time                                                 0.09
  data arrival time                                                -54.45
  --------------------------------------------------------------------------
  slack (MET)                                                       54.36


  Startpoint: RX_IN (input port clocked by RX_CLK)
  Endpoint: B4/B0/B2/samples_reg[2]
            (rising edge-triggered flip-flop clocked by RX_CLK)
  Path Group: INREG
  Path Type: min

  Point                                                   Incr       Path
  --------------------------------------------------------------------------
  clock RX_CLK (rise edge)                                0.00       0.00
  clock network delay (ideal)                             0.00       0.00
  input external delay                                   54.26      54.26 f
  RX_IN (in)                                              0.04      54.30 f
  B4/RX_IN (UART_TOP)                                     0.00      54.30 f
  B4/B0/RX_IN (UART_RX_DATA_WIDTH8_scale_WIDTH6)          0.00      54.30 f
  B4/B0/B2/RX_IN (data_sampling_scale_WIDTH6)             0.00      54.30 f
  B4/B0/B2/U18/Y (INVX2M)                                 0.08      54.37 r
  B4/B0/B2/U14/Y (OAI2BB2X1M)                             0.09      54.47 f
  B4/B0/B2/samples_reg[2]/D (DFFRX1M)                     0.00      54.47 f
  data arrival time                                                 54.47

  clock RX_CLK (rise edge)                                0.00       0.00
  clock network delay (ideal)                             0.00       0.00
  clock uncertainty                                       0.10       0.10
  B4/B0/B2/samples_reg[2]/CK (DFFRX1M)                    0.00       0.10 r
  library hold time                                      -0.01       0.09
  data required time                                                 0.09
  --------------------------------------------------------------------------
  data required time                                                 0.09
  data arrival time                                                -54.47
  --------------------------------------------------------------------------
  slack (MET)                                                       54.38


  Startpoint: RX_IN (input port clocked by RX_CLK)
  Endpoint: B4/B0/B0/current_state_reg[0]
            (rising edge-triggered flip-flop clocked by RX_CLK)
  Path Group: INREG
  Path Type: min

  Point                                                   Incr       Path
  --------------------------------------------------------------------------
  clock RX_CLK (rise edge)                                0.00       0.00
  clock network delay (ideal)                             0.00       0.00
  input external delay                                   54.26      54.26 r
  RX_IN (in)                                              0.05      54.31 r
  B4/RX_IN (UART_TOP)                                     0.00      54.31 r
  B4/B0/RX_IN (UART_RX_DATA_WIDTH8_scale_WIDTH6)          0.00      54.31 r
  B4/B0/B0/RX_IN (UART_RX_FSM_scale_WIDTH6)               0.00      54.31 r
  B4/B0/B0/U24/Y (OA22X2M)                                0.15      54.46 r
  B4/B0/B0/U23/Y (OAI22X1M)                               0.07      54.53 f
  B4/B0/B0/current_state_reg[0]/D (DFFRX1M)               0.00      54.53 f
  data arrival time                                                 54.53

  clock RX_CLK (rise edge)                                0.00       0.00
  clock network delay (ideal)                             0.00       0.00
  clock uncertainty                                       0.10       0.10
  B4/B0/B0/current_state_reg[0]/CK (DFFRX1M)              0.00       0.10 r
  library hold time                                      -0.01       0.09
  data required time                                                 0.09
  --------------------------------------------------------------------------
  data required time                                                 0.09
  data arrival time                                                -54.53
  --------------------------------------------------------------------------
  slack (MET)                                                       54.44


  Startpoint: RX_IN (input port clocked by RX_CLK)
  Endpoint: B4/B0/B1/edge_cnt_reg[5]
            (rising edge-triggered flip-flop clocked by RX_CLK)
  Path Group: INREG
  Path Type: min

  Point                                                   Incr       Path
  --------------------------------------------------------------------------
  clock RX_CLK (rise edge)                                0.00       0.00
  clock network delay (ideal)                             0.00       0.00
  input external delay                                   54.26      54.26 r
  RX_IN (in)                                              0.05      54.31 r
  B4/RX_IN (UART_TOP)                                     0.00      54.31 r
  B4/B0/RX_IN (UART_RX_DATA_WIDTH8_scale_WIDTH6)          0.00      54.31 r
  B4/B0/B0/RX_IN (UART_RX_FSM_scale_WIDTH6)               0.00      54.31 r
  B4/B0/B0/U22/Y (OAI21X2M)                               0.09      54.39 f
  B4/B0/B0/enable (UART_RX_FSM_scale_WIDTH6)              0.00      54.39 f
  B4/B0/B1/enable (edge_bit_counter_scale_WIDTH6)         0.00      54.39 f
  B4/B0/B1/U59/Y (NAND3BX2M)                              0.07      54.46 r
  B4/B0/B1/U58/Y (BUFX2M)                                 0.23      54.69 r
  B4/B0/B1/U29/Y (NOR2X2M)                                0.07      54.76 f
  B4/B0/B1/edge_cnt_reg[5]/D (DFFRX1M)                    0.00      54.76 f
  data arrival time                                                 54.76

  clock RX_CLK (rise edge)                                0.00       0.00
  clock network delay (ideal)                             0.00       0.00
  clock uncertainty                                       0.10       0.10
  B4/B0/B1/edge_cnt_reg[5]/CK (DFFRX1M)                   0.00       0.10 r
  library hold time                                      -0.01       0.09
  data required time                                                 0.09
  --------------------------------------------------------------------------
  data required time                                                 0.09
  data arrival time                                                -54.76
  --------------------------------------------------------------------------
  slack (MET)                                                       54.67


  Startpoint: RX_IN (input port clocked by RX_CLK)
  Endpoint: B4/B0/B1/edge_cnt_reg[1]
            (rising edge-triggered flip-flop clocked by RX_CLK)
  Path Group: INREG
  Path Type: min

  Point                                                   Incr       Path
  --------------------------------------------------------------------------
  clock RX_CLK (rise edge)                                0.00       0.00
  clock network delay (ideal)                             0.00       0.00
  input external delay                                   54.26      54.26 r
  RX_IN (in)                                              0.05      54.31 r
  B4/RX_IN (UART_TOP)                                     0.00      54.31 r
  B4/B0/RX_IN (UART_RX_DATA_WIDTH8_scale_WIDTH6)          0.00      54.31 r
  B4/B0/B0/RX_IN (UART_RX_FSM_scale_WIDTH6)               0.00      54.31 r
  B4/B0/B0/U22/Y (OAI21X2M)                               0.09      54.39 f
  B4/B0/B0/enable (UART_RX_FSM_scale_WIDTH6)              0.00      54.39 f
  B4/B0/B1/enable (edge_bit_counter_scale_WIDTH6)         0.00      54.39 f
  B4/B0/B1/U59/Y (NAND3BX2M)                              0.07      54.46 r
  B4/B0/B1/U58/Y (BUFX2M)                                 0.23      54.69 r
  B4/B0/B1/U21/Y (NOR2X2M)                                0.07      54.76 f
  B4/B0/B1/edge_cnt_reg[1]/D (DFFRX1M)                    0.00      54.76 f
  data arrival time                                                 54.76

  clock RX_CLK (rise edge)                                0.00       0.00
  clock network delay (ideal)                             0.00       0.00
  clock uncertainty                                       0.10       0.10
  B4/B0/B1/edge_cnt_reg[1]/CK (DFFRX1M)                   0.00       0.10 r
  library hold time                                      -0.01       0.09
  data required time                                                 0.09
  --------------------------------------------------------------------------
  data required time                                                 0.09
  data arrival time                                                -54.76
  --------------------------------------------------------------------------
  slack (MET)                                                       54.67


  Startpoint: RX_IN (input port clocked by RX_CLK)
  Endpoint: B4/B0/B1/edge_cnt_reg[2]
            (rising edge-triggered flip-flop clocked by RX_CLK)
  Path Group: INREG
  Path Type: min

  Point                                                   Incr       Path
  --------------------------------------------------------------------------
  clock RX_CLK (rise edge)                                0.00       0.00
  clock network delay (ideal)                             0.00       0.00
  input external delay                                   54.26      54.26 r
  RX_IN (in)                                              0.05      54.31 r
  B4/RX_IN (UART_TOP)                                     0.00      54.31 r
  B4/B0/RX_IN (UART_RX_DATA_WIDTH8_scale_WIDTH6)          0.00      54.31 r
  B4/B0/B0/RX_IN (UART_RX_FSM_scale_WIDTH6)               0.00      54.31 r
  B4/B0/B0/U22/Y (OAI21X2M)                               0.09      54.39 f
  B4/B0/B0/enable (UART_RX_FSM_scale_WIDTH6)              0.00      54.39 f
  B4/B0/B1/enable (edge_bit_counter_scale_WIDTH6)         0.00      54.39 f
  B4/B0/B1/U59/Y (NAND3BX2M)                              0.07      54.46 r
  B4/B0/B1/U58/Y (BUFX2M)                                 0.23      54.69 r
  B4/B0/B1/U23/Y (NOR2X2M)                                0.07      54.76 f
  B4/B0/B1/edge_cnt_reg[2]/D (DFFRX1M)                    0.00      54.76 f
  data arrival time                                                 54.76

  clock RX_CLK (rise edge)                                0.00       0.00
  clock network delay (ideal)                             0.00       0.00
  clock uncertainty                                       0.10       0.10
  B4/B0/B1/edge_cnt_reg[2]/CK (DFFRX1M)                   0.00       0.10 r
  library hold time                                      -0.01       0.09
  data required time                                                 0.09
  --------------------------------------------------------------------------
  data required time                                                 0.09
  data arrival time                                                -54.76
  --------------------------------------------------------------------------
  slack (MET)                                                       54.67


  Startpoint: RX_IN (input port clocked by RX_CLK)
  Endpoint: B4/B0/B1/edge_cnt_reg[3]
            (rising edge-triggered flip-flop clocked by RX_CLK)
  Path Group: INREG
  Path Type: min

  Point                                                   Incr       Path
  --------------------------------------------------------------------------
  clock RX_CLK (rise edge)                                0.00       0.00
  clock network delay (ideal)                             0.00       0.00
  input external delay                                   54.26      54.26 r
  RX_IN (in)                                              0.05      54.31 r
  B4/RX_IN (UART_TOP)                                     0.00      54.31 r
  B4/B0/RX_IN (UART_RX_DATA_WIDTH8_scale_WIDTH6)          0.00      54.31 r
  B4/B0/B0/RX_IN (UART_RX_FSM_scale_WIDTH6)               0.00      54.31 r
  B4/B0/B0/U22/Y (OAI21X2M)                               0.09      54.39 f
  B4/B0/B0/enable (UART_RX_FSM_scale_WIDTH6)              0.00      54.39 f
  B4/B0/B1/enable (edge_bit_counter_scale_WIDTH6)         0.00      54.39 f
  B4/B0/B1/U59/Y (NAND3BX2M)                              0.07      54.46 r
  B4/B0/B1/U58/Y (BUFX2M)                                 0.23      54.69 r
  B4/B0/B1/U25/Y (NOR2X2M)                                0.07      54.76 f
  B4/B0/B1/edge_cnt_reg[3]/D (DFFRX1M)                    0.00      54.76 f
  data arrival time                                                 54.76

  clock RX_CLK (rise edge)                                0.00       0.00
  clock network delay (ideal)                             0.00       0.00
  clock uncertainty                                       0.10       0.10
  B4/B0/B1/edge_cnt_reg[3]/CK (DFFRX1M)                   0.00       0.10 r
  library hold time                                      -0.01       0.09
  data required time                                                 0.09
  --------------------------------------------------------------------------
  data required time                                                 0.09
  data arrival time                                                -54.76
  --------------------------------------------------------------------------
  slack (MET)                                                       54.67


  Startpoint: RX_IN (input port clocked by RX_CLK)
  Endpoint: B4/B0/B1/edge_cnt_reg[4]
            (rising edge-triggered flip-flop clocked by RX_CLK)
  Path Group: INREG
  Path Type: min

  Point                                                   Incr       Path
  --------------------------------------------------------------------------
  clock RX_CLK (rise edge)                                0.00       0.00
  clock network delay (ideal)                             0.00       0.00
  input external delay                                   54.26      54.26 r
  RX_IN (in)                                              0.05      54.31 r
  B4/RX_IN (UART_TOP)                                     0.00      54.31 r
  B4/B0/RX_IN (UART_RX_DATA_WIDTH8_scale_WIDTH6)          0.00      54.31 r
  B4/B0/B0/RX_IN (UART_RX_FSM_scale_WIDTH6)               0.00      54.31 r
  B4/B0/B0/U22/Y (OAI21X2M)                               0.09      54.39 f
  B4/B0/B0/enable (UART_RX_FSM_scale_WIDTH6)              0.00      54.39 f
  B4/B0/B1/enable (edge_bit_counter_scale_WIDTH6)         0.00      54.39 f
  B4/B0/B1/U59/Y (NAND3BX2M)                              0.07      54.46 r
  B4/B0/B1/U58/Y (BUFX2M)                                 0.23      54.69 r
  B4/B0/B1/U27/Y (NOR2X2M)                                0.07      54.76 f
  B4/B0/B1/edge_cnt_reg[4]/D (DFFRX1M)                    0.00      54.76 f
  data arrival time                                                 54.76

  clock RX_CLK (rise edge)                                0.00       0.00
  clock network delay (ideal)                             0.00       0.00
  clock uncertainty                                       0.10       0.10
  B4/B0/B1/edge_cnt_reg[4]/CK (DFFRX1M)                   0.00       0.10 r
  library hold time                                      -0.01       0.09
  data required time                                                 0.09
  --------------------------------------------------------------------------
  data required time                                                 0.09
  data arrival time                                                -54.76
  --------------------------------------------------------------------------
  slack (MET)                                                       54.67


  Startpoint: RX_IN (input port clocked by RX_CLK)
  Endpoint: B4/B0/B1/bit_cnt_reg[2]
            (rising edge-triggered flip-flop clocked by RX_CLK)
  Path Group: INREG
  Path Type: min

  Point                                                   Incr       Path
  --------------------------------------------------------------------------
  clock RX_CLK (rise edge)                                0.00       0.00
  clock network delay (ideal)                             0.00       0.00
  input external delay                                   54.26      54.26 r
  RX_IN (in)                                              0.05      54.31 r
  B4/RX_IN (UART_TOP)                                     0.00      54.31 r
  B4/B0/RX_IN (UART_RX_DATA_WIDTH8_scale_WIDTH6)          0.00      54.31 r
  B4/B0/B0/RX_IN (UART_RX_FSM_scale_WIDTH6)               0.00      54.31 r
  B4/B0/B0/U22/Y (OAI21X2M)                               0.09      54.39 f
  B4/B0/B0/enable (UART_RX_FSM_scale_WIDTH6)              0.00      54.39 f
  B4/B0/B1/enable (edge_bit_counter_scale_WIDTH6)         0.00      54.39 f
  B4/B0/B1/U59/Y (NAND3BX2M)                              0.07      54.46 r
  B4/B0/B1/U58/Y (BUFX2M)                                 0.23      54.69 r
  B4/B0/B1/U61/Y (AOI2B1X1M)                              0.07      54.76 f
  B4/B0/B1/bit_cnt_reg[2]/D (DFFRX1M)                     0.00      54.76 f
  data arrival time                                                 54.76

  clock RX_CLK (rise edge)                                0.00       0.00
  clock network delay (ideal)                             0.00       0.00
  clock uncertainty                                       0.10       0.10
  B4/B0/B1/bit_cnt_reg[2]/CK (DFFRX1M)                    0.00       0.10 r
  library hold time                                      -0.02       0.08
  data required time                                                 0.08
  --------------------------------------------------------------------------
  data required time                                                 0.08
  data arrival time                                                -54.76
  --------------------------------------------------------------------------
  slack (MET)                                                       54.67


  Startpoint: RX_IN (input port clocked by RX_CLK)
  Endpoint: B4/B0/B1/bit_cnt_reg[1]
            (rising edge-triggered flip-flop clocked by RX_CLK)
  Path Group: INREG
  Path Type: min

  Point                                                   Incr       Path
  --------------------------------------------------------------------------
  clock RX_CLK (rise edge)                                0.00       0.00
  clock network delay (ideal)                             0.00       0.00
  input external delay                                   54.26      54.26 r
  RX_IN (in)                                              0.05      54.31 r
  B4/RX_IN (UART_TOP)                                     0.00      54.31 r
  B4/B0/RX_IN (UART_RX_DATA_WIDTH8_scale_WIDTH6)          0.00      54.31 r
  B4/B0/B0/RX_IN (UART_RX_FSM_scale_WIDTH6)               0.00      54.31 r
  B4/B0/B0/U22/Y (OAI21X2M)                               0.09      54.39 f
  B4/B0/B0/enable (UART_RX_FSM_scale_WIDTH6)              0.00      54.39 f
  B4/B0/B1/enable (edge_bit_counter_scale_WIDTH6)         0.00      54.39 f
  B4/B0/B1/U59/Y (NAND3BX2M)                              0.07      54.46 r
  B4/B0/B1/U58/Y (BUFX2M)                                 0.23      54.69 r
  B4/B0/B1/U65/Y (AOI2B1X1M)                              0.07      54.76 f
  B4/B0/B1/bit_cnt_reg[1]/D (DFFRX1M)                     0.00      54.76 f
  data arrival time                                                 54.76

  clock RX_CLK (rise edge)                                0.00       0.00
  clock network delay (ideal)                             0.00       0.00
  clock uncertainty                                       0.10       0.10
  B4/B0/B1/bit_cnt_reg[1]/CK (DFFRX1M)                    0.00       0.10 r
  library hold time                                      -0.02       0.08
  data required time                                                 0.08
  --------------------------------------------------------------------------
  data required time                                                 0.08
  data arrival time                                                -54.76
  --------------------------------------------------------------------------
  slack (MET)                                                       54.67


  Startpoint: RX_IN (input port clocked by RX_CLK)
  Endpoint: B4/B0/B1/edge_cnt_reg[0]
            (rising edge-triggered flip-flop clocked by RX_CLK)
  Path Group: INREG
  Path Type: min

  Point                                                   Incr       Path
  --------------------------------------------------------------------------
  clock RX_CLK (rise edge)                                0.00       0.00
  clock network delay (ideal)                             0.00       0.00
  input external delay                                   54.26      54.26 r
  RX_IN (in)                                              0.05      54.31 r
  B4/RX_IN (UART_TOP)                                     0.00      54.31 r
  B4/B0/RX_IN (UART_RX_DATA_WIDTH8_scale_WIDTH6)          0.00      54.31 r
  B4/B0/B0/RX_IN (UART_RX_FSM_scale_WIDTH6)               0.00      54.31 r
  B4/B0/B0/U22/Y (OAI21X2M)                               0.09      54.39 f
  B4/B0/B0/enable (UART_RX_FSM_scale_WIDTH6)              0.00      54.39 f
  B4/B0/B1/enable (edge_bit_counter_scale_WIDTH6)         0.00      54.39 f
  B4/B0/B1/U59/Y (NAND3BX2M)                              0.07      54.46 r
  B4/B0/B1/U58/Y (BUFX2M)                                 0.23      54.69 r
  B4/B0/B1/U31/Y (INVX2M)                                 0.08      54.77 f
  B4/B0/B1/U17/Y (OAI2B11X2M)                             0.06      54.83 r
  B4/B0/B1/edge_cnt_reg[0]/D (DFFSQX2M)                   0.00      54.83 r
  data arrival time                                                 54.83

  clock RX_CLK (rise edge)                                0.00       0.00
  clock network delay (ideal)                             0.00       0.00
  clock uncertainty                                       0.10       0.10
  B4/B0/B1/edge_cnt_reg[0]/CK (DFFSQX2M)                  0.00       0.10 r
  library hold time                                      -0.05       0.05
  data required time                                                 0.05
  --------------------------------------------------------------------------
  data required time                                                 0.05
  data arrival time                                                -54.83
  --------------------------------------------------------------------------
  slack (MET)                                                       54.78


  Startpoint: RX_IN (input port clocked by RX_CLK)
  Endpoint: B4/B0/B1/bit_cnt_reg[0]
            (rising edge-triggered flip-flop clocked by RX_CLK)
  Path Group: INREG
  Path Type: min

  Point                                                   Incr       Path
  --------------------------------------------------------------------------
  clock RX_CLK (rise edge)                                0.00       0.00
  clock network delay (ideal)                             0.00       0.00
  input external delay                                   54.26      54.26 r
  RX_IN (in)                                              0.05      54.31 r
  B4/RX_IN (UART_TOP)                                     0.00      54.31 r
  B4/B0/RX_IN (UART_RX_DATA_WIDTH8_scale_WIDTH6)          0.00      54.31 r
  B4/B0/B0/RX_IN (UART_RX_FSM_scale_WIDTH6)               0.00      54.31 r
  B4/B0/B0/U22/Y (OAI21X2M)                               0.09      54.39 f
  B4/B0/B0/enable (UART_RX_FSM_scale_WIDTH6)              0.00      54.39 f
  B4/B0/B1/enable (edge_bit_counter_scale_WIDTH6)         0.00      54.39 f
  B4/B0/B1/U59/Y (NAND3BX2M)                              0.07      54.46 r
  B4/B0/B1/U58/Y (BUFX2M)                                 0.23      54.69 r
  B4/B0/B1/U57/Y (AOI2B1X1M)                              0.09      54.78 f
  B4/B0/B1/U54/Y (OAI211X2M)                              0.08      54.86 r
  B4/B0/B1/bit_cnt_reg[0]/D (DFFSQX2M)                    0.00      54.86 r
  data arrival time                                                 54.86

  clock RX_CLK (rise edge)                                0.00       0.00
  clock network delay (ideal)                             0.00       0.00
  clock uncertainty                                       0.10       0.10
  B4/B0/B1/bit_cnt_reg[0]/CK (DFFSQX2M)                   0.00       0.10 r
  library hold time                                      -0.05       0.05
  data required time                                                 0.05
  --------------------------------------------------------------------------
  data required time                                                 0.05
  data arrival time                                                -54.86
  --------------------------------------------------------------------------
  slack (MET)                                                       54.81


  Startpoint: RX_IN (input port clocked by RX_CLK)
  Endpoint: B4/B0/B1/bit_cnt_reg[3]
            (rising edge-triggered flip-flop clocked by RX_CLK)
  Path Group: INREG
  Path Type: min

  Point                                                   Incr       Path
  --------------------------------------------------------------------------
  clock RX_CLK (rise edge)                                0.00       0.00
  clock network delay (ideal)                             0.00       0.00
  input external delay                                   54.26      54.26 r
  RX_IN (in)                                              0.05      54.31 r
  B4/RX_IN (UART_TOP)                                     0.00      54.31 r
  B4/B0/RX_IN (UART_RX_DATA_WIDTH8_scale_WIDTH6)          0.00      54.31 r
  B4/B0/B0/RX_IN (UART_RX_FSM_scale_WIDTH6)               0.00      54.31 r
  B4/B0/B0/U22/Y (OAI21X2M)                               0.09      54.39 f
  B4/B0/B0/enable (UART_RX_FSM_scale_WIDTH6)              0.00      54.39 f
  B4/B0/B1/enable (edge_bit_counter_scale_WIDTH6)         0.00      54.39 f
  B4/B0/B1/U59/Y (NAND3BX2M)                              0.07      54.46 r
  B4/B0/B1/U58/Y (BUFX2M)                                 0.23      54.69 r
  B4/B0/B1/U31/Y (INVX2M)                                 0.08      54.77 f
  B4/B0/B1/U69/Y (AND2X2M)                                0.16      54.93 f
  B4/B0/B1/bit_cnt_reg[3]/D (DFFRX1M)                     0.00      54.93 f
  data arrival time                                                 54.93

  clock RX_CLK (rise edge)                                0.00       0.00
  clock network delay (ideal)                             0.00       0.00
  clock uncertainty                                       0.10       0.10
  B4/B0/B1/bit_cnt_reg[3]/CK (DFFRX1M)                    0.00       0.10 r
  library hold time                                      -0.01       0.09
  data required time                                                 0.09
  --------------------------------------------------------------------------
  data required time                                                 0.09
  data arrival time                                                -54.93
  --------------------------------------------------------------------------
  slack (MET)                                                       54.84


  Startpoint: B9/B2/mem_reg[7][7]
              (rising edge-triggered flip-flop clocked by REF_CLK)
  Endpoint: B9/B2/mem_reg[7][7]
            (rising edge-triggered flip-flop clocked by REF_CLK)
  Path Group: REF_CLK
  Path Type: min

  Point                                    Incr       Path
  -----------------------------------------------------------
  clock REF_CLK (rise edge)                0.00       0.00
  clock network delay (ideal)              0.00       0.00
  B9/B2/mem_reg[7][7]/CK (DFFHQX2M)        0.00       0.00 r
  B9/B2/mem_reg[7][7]/Q (DFFHQX2M)         0.25       0.25 r
  B9/B2/U125/Y (OAI2BB2X1M)                0.15       0.40 r
  B9/B2/mem_reg[7][7]/D (DFFHQX2M)         0.00       0.40 r
  data arrival time                                   0.40

  clock REF_CLK (rise edge)                0.00       0.00
  clock network delay (ideal)              0.00       0.00
  clock uncertainty                        0.10       0.10
  B9/B2/mem_reg[7][7]/CK (DFFHQX2M)        0.00       0.10 r
  library hold time                       -0.05       0.05
  data required time                                  0.05
  -----------------------------------------------------------
  data required time                                  0.05
  data arrival time                                  -0.40
  -----------------------------------------------------------
  slack (MET)                                         0.35


  Startpoint: B6/sync_reg[1]
              (rising edge-triggered flip-flop clocked by REF_CLK)
  Endpoint: B6/SYNC_RST_reg
            (rising edge-triggered flip-flop clocked by REF_CLK)
  Path Group: REF_CLK
  Path Type: min

  Point                                    Incr       Path
  -----------------------------------------------------------
  clock REF_CLK (rise edge)                0.00       0.00
  clock network delay (ideal)              0.00       0.00
  B6/sync_reg[1]/CK (DFFRQX2M)             0.00       0.00 r
  B6/sync_reg[1]/Q (DFFRQX2M)              0.46       0.46 f
  B6/SYNC_RST_reg/D (DFFRQX2M)             0.00       0.46 f
  data arrival time                                   0.46

  clock REF_CLK (rise edge)                0.00       0.00
  clock network delay (ideal)              0.00       0.00
  clock uncertainty                        0.10       0.10
  B6/SYNC_RST_reg/CK (DFFRQX2M)            0.00       0.10 r
  library hold time                       -0.02       0.08
  data required time                                  0.08
  -----------------------------------------------------------
  data required time                                  0.08
  data arrival time                                  -0.46
  -----------------------------------------------------------
  slack (MET)                                         0.38


  Startpoint: B6/sync_reg[0]/CK
              (internal path startpoint clocked by REF_CLK)
  Endpoint: B6/sync_reg[1]
            (rising edge-triggered flip-flop clocked by REF_CLK)
  Path Group: REF_CLK
  Path Type: min

  Point                                    Incr       Path
  -----------------------------------------------------------
  clock REF_CLK (rise edge)                0.00       0.00
  clock network delay (ideal)              0.00       0.00
  input external delay                     0.00       0.00 r
  B6/sync_reg[0]/CK (DFFRQX2M)             0.00       0.00 r
  B6/sync_reg[0]/Q (DFFRQX2M)              0.46       0.46 f
  B6/sync_reg[1]/D (DFFRQX2M)              0.00       0.46 f
  data arrival time                                   0.46

  clock REF_CLK (rise edge)                0.00       0.00
  clock network delay (ideal)              0.00       0.00
  clock uncertainty                        0.10       0.10
  B6/sync_reg[1]/CK (DFFRQX2M)             0.00       0.10 r
  library hold time                       -0.02       0.08
  data required time                                  0.08
  -----------------------------------------------------------
  data required time                                  0.08
  data arrival time                                  -0.46
  -----------------------------------------------------------
  slack (MET)                                         0.38


  Startpoint: B9/B1/sync0_reg[1]
              (rising edge-triggered flip-flop clocked by REF_CLK)
  Endpoint: B9/B1/sync1_reg[1]
            (rising edge-triggered flip-flop clocked by REF_CLK)
  Path Group: REF_CLK
  Path Type: min

  Point                                    Incr       Path
  -----------------------------------------------------------
  clock REF_CLK (rise edge)                0.00       0.00
  clock network delay (ideal)              0.00       0.00
  B9/B1/sync0_reg[1]/CK (DFFRQX2M)         0.00       0.00 r
  B9/B1/sync0_reg[1]/Q (DFFRQX2M)          0.46       0.46 f
  B9/B1/sync1_reg[1]/D (DFFRQX2M)          0.00       0.46 f
  data arrival time                                   0.46

  clock REF_CLK (rise edge)                0.00       0.00
  clock network delay (ideal)              0.00       0.00
  clock uncertainty                        0.10       0.10
  B9/B1/sync1_reg[1]/CK (DFFRQX2M)         0.00       0.10 r
  library hold time                       -0.02       0.08
  data required time                                  0.08
  -----------------------------------------------------------
  data required time                                  0.08
  data arrival time                                  -0.46
  -----------------------------------------------------------
  slack (MET)                                         0.38


  Startpoint: B9/B1/sync0_reg[0]
              (rising edge-triggered flip-flop clocked by REF_CLK)
  Endpoint: B9/B1/sync1_reg[0]
            (rising edge-triggered flip-flop clocked by REF_CLK)
  Path Group: REF_CLK
  Path Type: min

  Point                                    Incr       Path
  -----------------------------------------------------------
  clock REF_CLK (rise edge)                0.00       0.00
  clock network delay (ideal)              0.00       0.00
  B9/B1/sync0_reg[0]/CK (DFFRQX2M)         0.00       0.00 r
  B9/B1/sync0_reg[0]/Q (DFFRQX2M)          0.46       0.46 f
  B9/B1/sync1_reg[0]/D (DFFRQX2M)          0.00       0.46 f
  data arrival time                                   0.46

  clock REF_CLK (rise edge)                0.00       0.00
  clock network delay (ideal)              0.00       0.00
  clock uncertainty                        0.10       0.10
  B9/B1/sync1_reg[0]/CK (DFFRQX2M)         0.00       0.10 r
  library hold time                       -0.02       0.08
  data required time                                  0.08
  -----------------------------------------------------------
  data required time                                  0.08
  data arrival time                                  -0.46
  -----------------------------------------------------------
  slack (MET)                                         0.38


  Startpoint: B9/B1/sync0_reg[3]
              (rising edge-triggered flip-flop clocked by REF_CLK)
  Endpoint: B9/B1/sync1_reg[3]
            (rising edge-triggered flip-flop clocked by REF_CLK)
  Path Group: REF_CLK
  Path Type: min

  Point                                    Incr       Path
  -----------------------------------------------------------
  clock REF_CLK (rise edge)                0.00       0.00
  clock network delay (ideal)              0.00       0.00
  B9/B1/sync0_reg[3]/CK (DFFRQX2M)         0.00       0.00 r
  B9/B1/sync0_reg[3]/Q (DFFRQX2M)          0.46       0.46 f
  B9/B1/sync1_reg[3]/D (DFFRQX2M)          0.00       0.46 f
  data arrival time                                   0.46

  clock REF_CLK (rise edge)                0.00       0.00
  clock network delay (ideal)              0.00       0.00
  clock uncertainty                        0.10       0.10
  B9/B1/sync1_reg[3]/CK (DFFRQX2M)         0.00       0.10 r
  library hold time                       -0.02       0.08
  data required time                                  0.08
  -----------------------------------------------------------
  data required time                                  0.08
  data arrival time                                  -0.46
  -----------------------------------------------------------
  slack (MET)                                         0.38


  Startpoint: B9/B1/sync0_reg[2]
              (rising edge-triggered flip-flop clocked by REF_CLK)
  Endpoint: B9/B1/sync1_reg[2]
            (rising edge-triggered flip-flop clocked by REF_CLK)
  Path Group: REF_CLK
  Path Type: min

  Point                                    Incr       Path
  -----------------------------------------------------------
  clock REF_CLK (rise edge)                0.00       0.00
  clock network delay (ideal)              0.00       0.00
  B9/B1/sync0_reg[2]/CK (DFFRQX2M)         0.00       0.00 r
  B9/B1/sync0_reg[2]/Q (DFFRQX2M)          0.46       0.46 f
  B9/B1/sync1_reg[2]/D (DFFRQX2M)          0.00       0.46 f
  data arrival time                                   0.46

  clock REF_CLK (rise edge)                0.00       0.00
  clock network delay (ideal)              0.00       0.00
  clock uncertainty                        0.10       0.10
  B9/B1/sync1_reg[2]/CK (DFFRQX2M)         0.00       0.10 r
  library hold time                       -0.02       0.08
  data required time                                  0.08
  -----------------------------------------------------------
  data required time                                  0.08
  data arrival time                                  -0.46
  -----------------------------------------------------------
  slack (MET)                                         0.38


  Startpoint: B5/sync_reg[0]
              (rising edge-triggered flip-flop clocked by REF_CLK)
  Endpoint: B5/sync_reg[1]
            (rising edge-triggered flip-flop clocked by REF_CLK)
  Path Group: REF_CLK
  Path Type: min

  Point                                    Incr       Path
  -----------------------------------------------------------
  clock REF_CLK (rise edge)                0.00       0.00
  clock network delay (ideal)              0.00       0.00
  B5/sync_reg[0]/CK (DFFRQX2M)             0.00       0.00 r
  B5/sync_reg[0]/Q (DFFRQX2M)              0.46       0.46 f
  B5/sync_reg[1]/D (DFFRQX2M)              0.00       0.46 f
  data arrival time                                   0.46

  clock REF_CLK (rise edge)                0.00       0.00
  clock network delay (ideal)              0.00       0.00
  clock uncertainty                        0.10       0.10
  B5/sync_reg[1]/CK (DFFRQX2M)             0.00       0.10 r
  library hold time                       -0.02       0.08
  data required time                                  0.08
  -----------------------------------------------------------
  data required time                                  0.08
  data arrival time                                  -0.46
  -----------------------------------------------------------
  slack (MET)                                         0.38


  Startpoint: B0/current_count_reg
              (rising edge-triggered flip-flop clocked by REF_CLK)
  Endpoint: B0/current_count_reg
            (rising edge-triggered flip-flop clocked by REF_CLK)
  Path Group: REF_CLK
  Path Type: min

  Point                                    Incr       Path
  -----------------------------------------------------------
  clock REF_CLK (rise edge)                0.00       0.00
  clock network delay (ideal)              0.00       0.00
  B0/current_count_reg/CK (DFFRQX2M)       0.00       0.00 r
  B0/current_count_reg/Q (DFFRQX2M)        0.40       0.40 r
  B0/U82/Y (NOR2X2M)                       0.08       0.48 f
  B0/current_count_reg/D (DFFRQX2M)        0.00       0.48 f
  data arrival time                                   0.48

  clock REF_CLK (rise edge)                0.00       0.00
  clock network delay (ideal)              0.00       0.00
  clock uncertainty                        0.10       0.10
  B0/current_count_reg/CK (DFFRQX2M)       0.00       0.10 r
  library hold time                       -0.02       0.08
  data required time                                  0.08
  -----------------------------------------------------------
  data required time                                  0.08
  data arrival time                                  -0.48
  -----------------------------------------------------------
  slack (MET)                                         0.40


  Startpoint: B5/sync_reg[1]
              (rising edge-triggered flip-flop clocked by REF_CLK)
  Endpoint: B5/p_gen_reg
            (rising edge-triggered flip-flop clocked by REF_CLK)
  Path Group: REF_CLK
  Path Type: min

  Point                                    Incr       Path
  -----------------------------------------------------------
  clock REF_CLK (rise edge)                0.00       0.00
  clock network delay (ideal)              0.00       0.00
  B5/sync_reg[1]/CK (DFFRQX2M)             0.00       0.00 r
  B5/sync_reg[1]/Q (DFFRQX2M)              0.48       0.48 f
  B5/p_gen_reg/D (DFFRQX2M)                0.00       0.48 f
  data arrival time                                   0.48

  clock REF_CLK (rise edge)                0.00       0.00
  clock network delay (ideal)              0.00       0.00
  clock uncertainty                        0.10       0.10
  B5/p_gen_reg/CK (DFFRQX2M)               0.00       0.10 r
  library hold time                       -0.02       0.08
  data required time                                  0.08
  -----------------------------------------------------------
  data required time                                  0.08
  data arrival time                                  -0.48
  -----------------------------------------------------------
  slack (MET)                                         0.40


  Startpoint: B9/B1/waddr_reg[3]
              (rising edge-triggered flip-flop clocked by REF_CLK)
  Endpoint: B9/B1/waddr_reg[3]
            (rising edge-triggered flip-flop clocked by REF_CLK)
  Path Group: REF_CLK
  Path Type: min

  Point                                    Incr       Path
  -----------------------------------------------------------
  clock REF_CLK (rise edge)                0.00       0.00
  clock network delay (ideal)              0.00       0.00
  B9/B1/waddr_reg[3]/CK (DFFRQX2M)         0.00       0.00 r
  B9/B1/waddr_reg[3]/Q (DFFRQX2M)          0.43       0.43 r
  B9/B1/U9/Y (XNOR2X2M)                    0.06       0.49 f
  B9/B1/waddr_reg[3]/D (DFFRQX2M)          0.00       0.49 f
  data arrival time                                   0.49

  clock REF_CLK (rise edge)                0.00       0.00
  clock network delay (ideal)              0.00       0.00
  clock uncertainty                        0.10       0.10
  B9/B1/waddr_reg[3]/CK (DFFRQX2M)         0.00       0.10 r
  library hold time                       -0.02       0.08
  data required time                                  0.08
  -----------------------------------------------------------
  data required time                                  0.08
  data arrival time                                  -0.49
  -----------------------------------------------------------
  slack (MET)                                         0.40


  Startpoint: B9/B1/waddr_reg[2]
              (rising edge-triggered flip-flop clocked by REF_CLK)
  Endpoint: B9/B1/waddr_reg[2]
            (rising edge-triggered flip-flop clocked by REF_CLK)
  Path Group: REF_CLK
  Path Type: min

  Point                                    Incr       Path
  -----------------------------------------------------------
  clock REF_CLK (rise edge)                0.00       0.00
  clock network delay (ideal)              0.00       0.00
  B9/B1/waddr_reg[2]/CK (DFFRQX2M)         0.00       0.00 r
  B9/B1/waddr_reg[2]/Q (DFFRQX2M)          0.45       0.45 r
  B9/B1/U8/Y (XNOR2X2M)                    0.06       0.51 f
  B9/B1/waddr_reg[2]/D (DFFRQX2M)          0.00       0.51 f
  data arrival time                                   0.51

  clock REF_CLK (rise edge)                0.00       0.00
  clock network delay (ideal)              0.00       0.00
  clock uncertainty                        0.10       0.10
  B9/B1/waddr_reg[2]/CK (DFFRQX2M)         0.00       0.10 r
  library hold time                       -0.02       0.08
  data required time                                  0.08
  -----------------------------------------------------------
  data required time                                  0.08
  data arrival time                                  -0.51
  -----------------------------------------------------------
  slack (MET)                                         0.43


  Startpoint: B9/B2/mem_reg[5][7]
              (rising edge-triggered flip-flop clocked by REF_CLK)
  Endpoint: B9/B2/mem_reg[5][7]
            (rising edge-triggered flip-flop clocked by REF_CLK)
  Path Group: REF_CLK
  Path Type: min

  Point                                    Incr       Path
  -----------------------------------------------------------
  clock REF_CLK (rise edge)                0.00       0.00
  clock network delay (ideal)              0.00       0.00
  B9/B2/mem_reg[5][7]/CK (DFFQX4M)         0.00       0.00 r
  B9/B2/mem_reg[5][7]/Q (DFFQX4M)          0.33       0.33 r
  B9/B2/U113/Y (OAI2BB2X1M)                0.14       0.47 r
  B9/B2/mem_reg[5][7]/D (DFFQX4M)          0.00       0.47 r
  data arrival time                                   0.47

  clock REF_CLK (rise edge)                0.00       0.00
  clock network delay (ideal)              0.00       0.00
  clock uncertainty                        0.10       0.10
  B9/B2/mem_reg[5][7]/CK (DFFQX4M)         0.00       0.10 r
  library hold time                       -0.06       0.04
  data required time                                  0.04
  -----------------------------------------------------------
  data required time                                  0.04
  data arrival time                                  -0.47
  -----------------------------------------------------------
  slack (MET)                                         0.43


  Startpoint: B9/B2/mem_reg[7][1]
              (rising edge-triggered flip-flop clocked by REF_CLK)
  Endpoint: B9/B2/mem_reg[7][1]
            (rising edge-triggered flip-flop clocked by REF_CLK)
  Path Group: REF_CLK
  Path Type: min

  Point                                    Incr       Path
  -----------------------------------------------------------
  clock REF_CLK (rise edge)                0.00       0.00
  clock network delay (ideal)              0.00       0.00
  B9/B2/mem_reg[7][1]/CK (DFFQX4M)         0.00       0.00 r
  B9/B2/mem_reg[7][1]/Q (DFFQX4M)          0.33       0.33 r
  B9/B2/U123/Y (OAI2BB2X1M)                0.14       0.47 r
  B9/B2/mem_reg[7][1]/D (DFFQX4M)          0.00       0.47 r
  data arrival time                                   0.47

  clock REF_CLK (rise edge)                0.00       0.00
  clock network delay (ideal)              0.00       0.00
  clock uncertainty                        0.10       0.10
  B9/B2/mem_reg[7][1]/CK (DFFQX4M)         0.00       0.10 r
  library hold time                       -0.06       0.04
  data required time                                  0.04
  -----------------------------------------------------------
  data required time                                  0.04
  data arrival time                                  -0.47
  -----------------------------------------------------------
  slack (MET)                                         0.43


  Startpoint: B9/B2/mem_reg[6][7]
              (rising edge-triggered flip-flop clocked by REF_CLK)
  Endpoint: B9/B2/mem_reg[6][7]
            (rising edge-triggered flip-flop clocked by REF_CLK)
  Path Group: REF_CLK
  Path Type: min

  Point                                    Incr       Path
  -----------------------------------------------------------
  clock REF_CLK (rise edge)                0.00       0.00
  clock network delay (ideal)              0.00       0.00
  B9/B2/mem_reg[6][7]/CK (DFFQX4M)         0.00       0.00 r
  B9/B2/mem_reg[6][7]/Q (DFFQX4M)          0.33       0.33 r
  B9/B2/U121/Y (OAI2BB2X1M)                0.14       0.47 r
  B9/B2/mem_reg[6][7]/D (DFFQX4M)          0.00       0.47 r
  data arrival time                                   0.47

  clock REF_CLK (rise edge)                0.00       0.00
  clock network delay (ideal)              0.00       0.00
  clock uncertainty                        0.10       0.10
  B9/B2/mem_reg[6][7]/CK (DFFQX4M)         0.00       0.10 r
  library hold time                       -0.06       0.04
  data required time                                  0.04
  -----------------------------------------------------------
  data required time                                  0.04
  data arrival time                                  -0.47
  -----------------------------------------------------------
  slack (MET)                                         0.43


  Startpoint: B9/B2/mem_reg[6][2]
              (rising edge-triggered flip-flop clocked by REF_CLK)
  Endpoint: B9/B2/mem_reg[6][2]
            (rising edge-triggered flip-flop clocked by REF_CLK)
  Path Group: REF_CLK
  Path Type: min

  Point                                    Incr       Path
  -----------------------------------------------------------
  clock REF_CLK (rise edge)                0.00       0.00
  clock network delay (ideal)              0.00       0.00
  B9/B2/mem_reg[6][2]/CK (DFFQX2M)         0.00       0.00 r
  B9/B2/mem_reg[6][2]/Q (DFFQX2M)          0.33       0.33 r
  B9/B2/U116/Y (OAI2BB2X1M)                0.15       0.48 r
  B9/B2/mem_reg[6][2]/D (DFFQX2M)          0.00       0.48 r
  data arrival time                                   0.48

  clock REF_CLK (rise edge)                0.00       0.00
  clock network delay (ideal)              0.00       0.00
  clock uncertainty                        0.10       0.10
  B9/B2/mem_reg[6][2]/CK (DFFQX2M)         0.00       0.10 r
  library hold time                       -0.06       0.04
  data required time                                  0.04
  -----------------------------------------------------------
  data required time                                  0.04
  data arrival time                                  -0.48
  -----------------------------------------------------------
  slack (MET)                                         0.44


  Startpoint: B9/B2/mem_reg[6][0]
              (rising edge-triggered flip-flop clocked by REF_CLK)
  Endpoint: B9/B2/mem_reg[6][0]
            (rising edge-triggered flip-flop clocked by REF_CLK)
  Path Group: REF_CLK
  Path Type: min

  Point                                    Incr       Path
  -----------------------------------------------------------
  clock REF_CLK (rise edge)                0.00       0.00
  clock network delay (ideal)              0.00       0.00
  B9/B2/mem_reg[6][0]/CK (DFFQX2M)         0.00       0.00 r
  B9/B2/mem_reg[6][0]/Q (DFFQX2M)          0.33       0.33 r
  B9/B2/U114/Y (OAI2BB2X1M)                0.15       0.48 r
  B9/B2/mem_reg[6][0]/D (DFFQX2M)          0.00       0.48 r
  data arrival time                                   0.48

  clock REF_CLK (rise edge)                0.00       0.00
  clock network delay (ideal)              0.00       0.00
  clock uncertainty                        0.10       0.10
  B9/B2/mem_reg[6][0]/CK (DFFQX2M)         0.00       0.10 r
  library hold time                       -0.06       0.04
  data required time                                  0.04
  -----------------------------------------------------------
  data required time                                  0.04
  data arrival time                                  -0.48
  -----------------------------------------------------------
  slack (MET)                                         0.44


  Startpoint: B9/B2/mem_reg[2][2]
              (rising edge-triggered flip-flop clocked by REF_CLK)
  Endpoint: B9/B2/mem_reg[2][2]
            (rising edge-triggered flip-flop clocked by REF_CLK)
  Path Group: REF_CLK
  Path Type: min

  Point                                    Incr       Path
  -----------------------------------------------------------
  clock REF_CLK (rise edge)                0.00       0.00
  clock network delay (ideal)              0.00       0.00
  B9/B2/mem_reg[2][2]/CK (DFFQX2M)         0.00       0.00 r
  B9/B2/mem_reg[2][2]/Q (DFFQX2M)          0.33       0.33 r
  B9/B2/U93/Y (OAI2BB2X1M)                 0.15       0.48 r
  B9/B2/mem_reg[2][2]/D (DFFQX2M)          0.00       0.48 r
  data arrival time                                   0.48

  clock REF_CLK (rise edge)                0.00       0.00
  clock network delay (ideal)              0.00       0.00
  clock uncertainty                        0.10       0.10
  B9/B2/mem_reg[2][2]/CK (DFFQX2M)         0.00       0.10 r
  library hold time                       -0.06       0.04
  data required time                                  0.04
  -----------------------------------------------------------
  data required time                                  0.04
  data arrival time                                  -0.48
  -----------------------------------------------------------
  slack (MET)                                         0.44


  Startpoint: B9/B2/mem_reg[2][0]
              (rising edge-triggered flip-flop clocked by REF_CLK)
  Endpoint: B9/B2/mem_reg[2][0]
            (rising edge-triggered flip-flop clocked by REF_CLK)
  Path Group: REF_CLK
  Path Type: min

  Point                                    Incr       Path
  -----------------------------------------------------------
  clock REF_CLK (rise edge)                0.00       0.00
  clock network delay (ideal)              0.00       0.00
  B9/B2/mem_reg[2][0]/CK (DFFQX2M)         0.00       0.00 r
  B9/B2/mem_reg[2][0]/Q (DFFQX2M)          0.33       0.33 r
  B9/B2/U91/Y (OAI2BB2X1M)                 0.15       0.48 r
  B9/B2/mem_reg[2][0]/D (DFFQX2M)          0.00       0.48 r
  data arrival time                                   0.48

  clock REF_CLK (rise edge)                0.00       0.00
  clock network delay (ideal)              0.00       0.00
  clock uncertainty                        0.10       0.10
  B9/B2/mem_reg[2][0]/CK (DFFQX2M)         0.00       0.10 r
  library hold time                       -0.06       0.04
  data required time                                  0.04
  -----------------------------------------------------------
  data required time                                  0.04
  data arrival time                                  -0.48
  -----------------------------------------------------------
  slack (MET)                                         0.44


  Startpoint: B9/B2/mem_reg[6][4]
              (rising edge-triggered flip-flop clocked by REF_CLK)
  Endpoint: B9/B2/mem_reg[6][4]
            (rising edge-triggered flip-flop clocked by REF_CLK)
  Path Group: REF_CLK
  Path Type: min

  Point                                    Incr       Path
  -----------------------------------------------------------
  clock REF_CLK (rise edge)                0.00       0.00
  clock network delay (ideal)              0.00       0.00
  B9/B2/mem_reg[6][4]/CK (DFFQX2M)         0.00       0.00 r
  B9/B2/mem_reg[6][4]/Q (DFFQX2M)          0.33       0.33 r
  B9/B2/U118/Y (OAI2BB2X1M)                0.15       0.48 r
  B9/B2/mem_reg[6][4]/D (DFFQX2M)          0.00       0.48 r
  data arrival time                                   0.48

  clock REF_CLK (rise edge)                0.00       0.00
  clock network delay (ideal)              0.00       0.00
  clock uncertainty                        0.10       0.10
  B9/B2/mem_reg[6][4]/CK (DFFQX2M)         0.00       0.10 r
  library hold time                       -0.06       0.04
  data required time                                  0.04
  -----------------------------------------------------------
  data required time                                  0.04
  data arrival time                                  -0.48
  -----------------------------------------------------------
  slack (MET)                                         0.44


  Startpoint: B9/B2/mem_reg[2][6]
              (rising edge-triggered flip-flop clocked by REF_CLK)
  Endpoint: B9/B2/mem_reg[2][6]
            (rising edge-triggered flip-flop clocked by REF_CLK)
  Path Group: REF_CLK
  Path Type: min

  Point                                    Incr       Path
  -----------------------------------------------------------
  clock REF_CLK (rise edge)                0.00       0.00
  clock network delay (ideal)              0.00       0.00
  B9/B2/mem_reg[2][6]/CK (DFFQX2M)         0.00       0.00 r
  B9/B2/mem_reg[2][6]/Q (DFFQX2M)          0.33       0.33 r
  B9/B2/U97/Y (OAI2BB2X1M)                 0.15       0.48 r
  B9/B2/mem_reg[2][6]/D (DFFQX2M)          0.00       0.48 r
  data arrival time                                   0.48

  clock REF_CLK (rise edge)                0.00       0.00
  clock network delay (ideal)              0.00       0.00
  clock uncertainty                        0.10       0.10
  B9/B2/mem_reg[2][6]/CK (DFFQX2M)         0.00       0.10 r
  library hold time                       -0.06       0.04
  data required time                                  0.04
  -----------------------------------------------------------
  data required time                                  0.04
  data arrival time                                  -0.48
  -----------------------------------------------------------
  slack (MET)                                         0.44


  Startpoint: B9/B2/mem_reg[2][4]
              (rising edge-triggered flip-flop clocked by REF_CLK)
  Endpoint: B9/B2/mem_reg[2][4]
            (rising edge-triggered flip-flop clocked by REF_CLK)
  Path Group: REF_CLK
  Path Type: min

  Point                                    Incr       Path
  -----------------------------------------------------------
  clock REF_CLK (rise edge)                0.00       0.00
  clock network delay (ideal)              0.00       0.00
  B9/B2/mem_reg[2][4]/CK (DFFQX2M)         0.00       0.00 r
  B9/B2/mem_reg[2][4]/Q (DFFQX2M)          0.33       0.33 r
  B9/B2/U95/Y (OAI2BB2X1M)                 0.15       0.48 r
  B9/B2/mem_reg[2][4]/D (DFFQX2M)          0.00       0.48 r
  data arrival time                                   0.48

  clock REF_CLK (rise edge)                0.00       0.00
  clock network delay (ideal)              0.00       0.00
  clock uncertainty                        0.10       0.10
  B9/B2/mem_reg[2][4]/CK (DFFQX2M)         0.00       0.10 r
  library hold time                       -0.06       0.04
  data required time                                  0.04
  -----------------------------------------------------------
  data required time                                  0.04
  data arrival time                                  -0.48
  -----------------------------------------------------------
  slack (MET)                                         0.44


  Startpoint: B9/B2/mem_reg[6][6]
              (rising edge-triggered flip-flop clocked by REF_CLK)
  Endpoint: B9/B2/mem_reg[6][6]
            (rising edge-triggered flip-flop clocked by REF_CLK)
  Path Group: REF_CLK
  Path Type: min

  Point                                    Incr       Path
  -----------------------------------------------------------
  clock REF_CLK (rise edge)                0.00       0.00
  clock network delay (ideal)              0.00       0.00
  B9/B2/mem_reg[6][6]/CK (DFFQX2M)         0.00       0.00 r
  B9/B2/mem_reg[6][6]/Q (DFFQX2M)          0.33       0.33 r
  B9/B2/U120/Y (OAI2BB2X1M)                0.15       0.48 r
  B9/B2/mem_reg[6][6]/D (DFFQX2M)          0.00       0.48 r
  data arrival time                                   0.48

  clock REF_CLK (rise edge)                0.00       0.00
  clock network delay (ideal)              0.00       0.00
  clock uncertainty                        0.10       0.10
  B9/B2/mem_reg[6][6]/CK (DFFQX2M)         0.00       0.10 r
  library hold time                       -0.06       0.04
  data required time                                  0.04
  -----------------------------------------------------------
  data required time                                  0.04
  data arrival time                                  -0.48
  -----------------------------------------------------------
  slack (MET)                                         0.44


  Startpoint: B9/B2/mem_reg[2][5]
              (rising edge-triggered flip-flop clocked by REF_CLK)
  Endpoint: B9/B2/mem_reg[2][5]
            (rising edge-triggered flip-flop clocked by REF_CLK)
  Path Group: REF_CLK
  Path Type: min

  Point                                    Incr       Path
  -----------------------------------------------------------
  clock REF_CLK (rise edge)                0.00       0.00
  clock network delay (ideal)              0.00       0.00
  B9/B2/mem_reg[2][5]/CK (DFFQX2M)         0.00       0.00 r
  B9/B2/mem_reg[2][5]/Q (DFFQX2M)          0.33       0.33 r
  B9/B2/U96/Y (OAI2BB2X1M)                 0.15       0.48 r
  B9/B2/mem_reg[2][5]/D (DFFQX2M)          0.00       0.48 r
  data arrival time                                   0.48

  clock REF_CLK (rise edge)                0.00       0.00
  clock network delay (ideal)              0.00       0.00
  clock uncertainty                        0.10       0.10
  B9/B2/mem_reg[2][5]/CK (DFFQX2M)         0.00       0.10 r
  library hold time                       -0.06       0.04
  data required time                                  0.04
  -----------------------------------------------------------
  data required time                                  0.04
  data arrival time                                  -0.48
  -----------------------------------------------------------
  slack (MET)                                         0.44


  Startpoint: B9/B2/mem_reg[5][6]
              (rising edge-triggered flip-flop clocked by REF_CLK)
  Endpoint: B9/B2/mem_reg[5][6]
            (rising edge-triggered flip-flop clocked by REF_CLK)
  Path Group: REF_CLK
  Path Type: min

  Point                                    Incr       Path
  -----------------------------------------------------------
  clock REF_CLK (rise edge)                0.00       0.00
  clock network delay (ideal)              0.00       0.00
  B9/B2/mem_reg[5][6]/CK (DFFQX2M)         0.00       0.00 r
  B9/B2/mem_reg[5][6]/Q (DFFQX2M)          0.33       0.33 r
  B9/B2/U112/Y (OAI2BB2X1M)                0.15       0.48 r
  B9/B2/mem_reg[5][6]/D (DFFQX2M)          0.00       0.48 r
  data arrival time                                   0.48

  clock REF_CLK (rise edge)                0.00       0.00
  clock network delay (ideal)              0.00       0.00
  clock uncertainty                        0.10       0.10
  B9/B2/mem_reg[5][6]/CK (DFFQX2M)         0.00       0.10 r
  library hold time                       -0.06       0.04
  data required time                                  0.04
  -----------------------------------------------------------
  data required time                                  0.04
  data arrival time                                  -0.48
  -----------------------------------------------------------
  slack (MET)                                         0.44


  Startpoint: B9/B2/mem_reg[5][2]
              (rising edge-triggered flip-flop clocked by REF_CLK)
  Endpoint: B9/B2/mem_reg[5][2]
            (rising edge-triggered flip-flop clocked by REF_CLK)
  Path Group: REF_CLK
  Path Type: min

  Point                                    Incr       Path
  -----------------------------------------------------------
  clock REF_CLK (rise edge)                0.00       0.00
  clock network delay (ideal)              0.00       0.00
  B9/B2/mem_reg[5][2]/CK (DFFQX2M)         0.00       0.00 r
  B9/B2/mem_reg[5][2]/Q (DFFQX2M)          0.33       0.33 r
  B9/B2/U108/Y (OAI2BB2X1M)                0.15       0.48 r
  B9/B2/mem_reg[5][2]/D (DFFQX2M)          0.00       0.48 r
  data arrival time                                   0.48

  clock REF_CLK (rise edge)                0.00       0.00
  clock network delay (ideal)              0.00       0.00
  clock uncertainty                        0.10       0.10
  B9/B2/mem_reg[5][2]/CK (DFFQX2M)         0.00       0.10 r
  library hold time                       -0.06       0.04
  data required time                                  0.04
  -----------------------------------------------------------
  data required time                                  0.04
  data arrival time                                  -0.48
  -----------------------------------------------------------
  slack (MET)                                         0.44


  Startpoint: B9/B2/mem_reg[5][0]
              (rising edge-triggered flip-flop clocked by REF_CLK)
  Endpoint: B9/B2/mem_reg[5][0]
            (rising edge-triggered flip-flop clocked by REF_CLK)
  Path Group: REF_CLK
  Path Type: min

  Point                                    Incr       Path
  -----------------------------------------------------------
  clock REF_CLK (rise edge)                0.00       0.00
  clock network delay (ideal)              0.00       0.00
  B9/B2/mem_reg[5][0]/CK (DFFQX2M)         0.00       0.00 r
  B9/B2/mem_reg[5][0]/Q (DFFQX2M)          0.33       0.33 r
  B9/B2/U106/Y (OAI2BB2X1M)                0.15       0.48 r
  B9/B2/mem_reg[5][0]/D (DFFQX2M)          0.00       0.48 r
  data arrival time                                   0.48

  clock REF_CLK (rise edge)                0.00       0.00
  clock network delay (ideal)              0.00       0.00
  clock uncertainty                        0.10       0.10
  B9/B2/mem_reg[5][0]/CK (DFFQX2M)         0.00       0.10 r
  library hold time                       -0.06       0.04
  data required time                                  0.04
  -----------------------------------------------------------
  data required time                                  0.04
  data arrival time                                  -0.48
  -----------------------------------------------------------
  slack (MET)                                         0.44


  Startpoint: B9/B2/mem_reg[1][2]
              (rising edge-triggered flip-flop clocked by REF_CLK)
  Endpoint: B9/B2/mem_reg[1][2]
            (rising edge-triggered flip-flop clocked by REF_CLK)
  Path Group: REF_CLK
  Path Type: min

  Point                                    Incr       Path
  -----------------------------------------------------------
  clock REF_CLK (rise edge)                0.00       0.00
  clock network delay (ideal)              0.00       0.00
  B9/B2/mem_reg[1][2]/CK (DFFQX2M)         0.00       0.00 r
  B9/B2/mem_reg[1][2]/Q (DFFQX2M)          0.33       0.33 r
  B9/B2/U85/Y (OAI2BB2X1M)                 0.15       0.48 r
  B9/B2/mem_reg[1][2]/D (DFFQX2M)          0.00       0.48 r
  data arrival time                                   0.48

  clock REF_CLK (rise edge)                0.00       0.00
  clock network delay (ideal)              0.00       0.00
  clock uncertainty                        0.10       0.10
  B9/B2/mem_reg[1][2]/CK (DFFQX2M)         0.00       0.10 r
  library hold time                       -0.06       0.04
  data required time                                  0.04
  -----------------------------------------------------------
  data required time                                  0.04
  data arrival time                                  -0.48
  -----------------------------------------------------------
  slack (MET)                                         0.44


  Startpoint: B9/B2/mem_reg[1][0]
              (rising edge-triggered flip-flop clocked by REF_CLK)
  Endpoint: B9/B2/mem_reg[1][0]
            (rising edge-triggered flip-flop clocked by REF_CLK)
  Path Group: REF_CLK
  Path Type: min

  Point                                    Incr       Path
  -----------------------------------------------------------
  clock REF_CLK (rise edge)                0.00       0.00
  clock network delay (ideal)              0.00       0.00
  B9/B2/mem_reg[1][0]/CK (DFFQX2M)         0.00       0.00 r
  B9/B2/mem_reg[1][0]/Q (DFFQX2M)          0.33       0.33 r
  B9/B2/U83/Y (OAI2BB2X1M)                 0.15       0.48 r
  B9/B2/mem_reg[1][0]/D (DFFQX2M)          0.00       0.48 r
  data arrival time                                   0.48

  clock REF_CLK (rise edge)                0.00       0.00
  clock network delay (ideal)              0.00       0.00
  clock uncertainty                        0.10       0.10
  B9/B2/mem_reg[1][0]/CK (DFFQX2M)         0.00       0.10 r
  library hold time                       -0.06       0.04
  data required time                                  0.04
  -----------------------------------------------------------
  data required time                                  0.04
  data arrival time                                  -0.48
  -----------------------------------------------------------
  slack (MET)                                         0.44


  Startpoint: B9/B2/mem_reg[5][4]
              (rising edge-triggered flip-flop clocked by REF_CLK)
  Endpoint: B9/B2/mem_reg[5][4]
            (rising edge-triggered flip-flop clocked by REF_CLK)
  Path Group: REF_CLK
  Path Type: min

  Point                                    Incr       Path
  -----------------------------------------------------------
  clock REF_CLK (rise edge)                0.00       0.00
  clock network delay (ideal)              0.00       0.00
  B9/B2/mem_reg[5][4]/CK (DFFQX2M)         0.00       0.00 r
  B9/B2/mem_reg[5][4]/Q (DFFQX2M)          0.33       0.33 r
  B9/B2/U110/Y (OAI2BB2X1M)                0.15       0.48 r
  B9/B2/mem_reg[5][4]/D (DFFQX2M)          0.00       0.48 r
  data arrival time                                   0.48

  clock REF_CLK (rise edge)                0.00       0.00
  clock network delay (ideal)              0.00       0.00
  clock uncertainty                        0.10       0.10
  B9/B2/mem_reg[5][4]/CK (DFFQX2M)         0.00       0.10 r
  library hold time                       -0.06       0.04
  data required time                                  0.04
  -----------------------------------------------------------
  data required time                                  0.04
  data arrival time                                  -0.48
  -----------------------------------------------------------
  slack (MET)                                         0.44


  Startpoint: B9/B2/mem_reg[1][6]
              (rising edge-triggered flip-flop clocked by REF_CLK)
  Endpoint: B9/B2/mem_reg[1][6]
            (rising edge-triggered flip-flop clocked by REF_CLK)
  Path Group: REF_CLK
  Path Type: min

  Point                                    Incr       Path
  -----------------------------------------------------------
  clock REF_CLK (rise edge)                0.00       0.00
  clock network delay (ideal)              0.00       0.00
  B9/B2/mem_reg[1][6]/CK (DFFQX2M)         0.00       0.00 r
  B9/B2/mem_reg[1][6]/Q (DFFQX2M)          0.33       0.33 r
  B9/B2/U89/Y (OAI2BB2X1M)                 0.15       0.48 r
  B9/B2/mem_reg[1][6]/D (DFFQX2M)          0.00       0.48 r
  data arrival time                                   0.48

  clock REF_CLK (rise edge)                0.00       0.00
  clock network delay (ideal)              0.00       0.00
  clock uncertainty                        0.10       0.10
  B9/B2/mem_reg[1][6]/CK (DFFQX2M)         0.00       0.10 r
  library hold time                       -0.06       0.04
  data required time                                  0.04
  -----------------------------------------------------------
  data required time                                  0.04
  data arrival time                                  -0.48
  -----------------------------------------------------------
  slack (MET)                                         0.44


  Startpoint: B9/B2/mem_reg[1][4]
              (rising edge-triggered flip-flop clocked by REF_CLK)
  Endpoint: B9/B2/mem_reg[1][4]
            (rising edge-triggered flip-flop clocked by REF_CLK)
  Path Group: REF_CLK
  Path Type: min

  Point                                    Incr       Path
  -----------------------------------------------------------
  clock REF_CLK (rise edge)                0.00       0.00
  clock network delay (ideal)              0.00       0.00
  B9/B2/mem_reg[1][4]/CK (DFFQX2M)         0.00       0.00 r
  B9/B2/mem_reg[1][4]/Q (DFFQX2M)          0.33       0.33 r
  B9/B2/U87/Y (OAI2BB2X1M)                 0.15       0.48 r
  B9/B2/mem_reg[1][4]/D (DFFQX2M)          0.00       0.48 r
  data arrival time                                   0.48

  clock REF_CLK (rise edge)                0.00       0.00
  clock network delay (ideal)              0.00       0.00
  clock uncertainty                        0.10       0.10
  B9/B2/mem_reg[1][4]/CK (DFFQX2M)         0.00       0.10 r
  library hold time                       -0.06       0.04
  data required time                                  0.04
  -----------------------------------------------------------
  data required time                                  0.04
  data arrival time                                  -0.48
  -----------------------------------------------------------
  slack (MET)                                         0.44


  Startpoint: B9/B2/mem_reg[1][5]
              (rising edge-triggered flip-flop clocked by REF_CLK)
  Endpoint: B9/B2/mem_reg[1][5]
            (rising edge-triggered flip-flop clocked by REF_CLK)
  Path Group: REF_CLK
  Path Type: min

  Point                                    Incr       Path
  -----------------------------------------------------------
  clock REF_CLK (rise edge)                0.00       0.00
  clock network delay (ideal)              0.00       0.00
  B9/B2/mem_reg[1][5]/CK (DFFQX2M)         0.00       0.00 r
  B9/B2/mem_reg[1][5]/Q (DFFQX2M)          0.33       0.33 r
  B9/B2/U88/Y (OAI2BB2X1M)                 0.15       0.48 r
  B9/B2/mem_reg[1][5]/D (DFFQX2M)          0.00       0.48 r
  data arrival time                                   0.48

  clock REF_CLK (rise edge)                0.00       0.00
  clock network delay (ideal)              0.00       0.00
  clock uncertainty                        0.10       0.10
  B9/B2/mem_reg[1][5]/CK (DFFQX2M)         0.00       0.10 r
  library hold time                       -0.06       0.04
  data required time                                  0.04
  -----------------------------------------------------------
  data required time                                  0.04
  data arrival time                                  -0.48
  -----------------------------------------------------------
  slack (MET)                                         0.44


  Startpoint: B9/B2/mem_reg[1][7]
              (rising edge-triggered flip-flop clocked by REF_CLK)
  Endpoint: B9/B2/mem_reg[1][7]
            (rising edge-triggered flip-flop clocked by REF_CLK)
  Path Group: REF_CLK
  Path Type: min

  Point                                    Incr       Path
  -----------------------------------------------------------
  clock REF_CLK (rise edge)                0.00       0.00
  clock network delay (ideal)              0.00       0.00
  B9/B2/mem_reg[1][7]/CK (DFFQX2M)         0.00       0.00 r
  B9/B2/mem_reg[1][7]/Q (DFFQX2M)          0.33       0.33 r
  B9/B2/U90/Y (OAI2BB2X1M)                 0.15       0.48 r
  B9/B2/mem_reg[1][7]/D (DFFQX2M)          0.00       0.48 r
  data arrival time                                   0.48

  clock REF_CLK (rise edge)                0.00       0.00
  clock network delay (ideal)              0.00       0.00
  clock uncertainty                        0.10       0.10
  B9/B2/mem_reg[1][7]/CK (DFFQX2M)         0.00       0.10 r
  library hold time                       -0.06       0.04
  data required time                                  0.04
  -----------------------------------------------------------
  data required time                                  0.04
  data arrival time                                  -0.48
  -----------------------------------------------------------
  slack (MET)                                         0.44


  Startpoint: B9/B2/mem_reg[7][2]
              (rising edge-triggered flip-flop clocked by REF_CLK)
  Endpoint: B9/B2/mem_reg[7][2]
            (rising edge-triggered flip-flop clocked by REF_CLK)
  Path Group: REF_CLK
  Path Type: min

  Point                                    Incr       Path
  -----------------------------------------------------------
  clock REF_CLK (rise edge)                0.00       0.00
  clock network delay (ideal)              0.00       0.00
  B9/B2/mem_reg[7][2]/CK (DFFQX2M)         0.00       0.00 r
  B9/B2/mem_reg[7][2]/Q (DFFQX2M)          0.33       0.33 r
  B9/B2/U124/Y (OAI2BB2X1M)                0.15       0.48 r
  B9/B2/mem_reg[7][2]/D (DFFQX2M)          0.00       0.48 r
  data arrival time                                   0.48

  clock REF_CLK (rise edge)                0.00       0.00
  clock network delay (ideal)              0.00       0.00
  clock uncertainty                        0.10       0.10
  B9/B2/mem_reg[7][2]/CK (DFFQX2M)         0.00       0.10 r
  library hold time                       -0.06       0.04
  data required time                                  0.04
  -----------------------------------------------------------
  data required time                                  0.04
  data arrival time                                  -0.48
  -----------------------------------------------------------
  slack (MET)                                         0.44


  Startpoint: B9/B2/mem_reg[3][2]
              (rising edge-triggered flip-flop clocked by REF_CLK)
  Endpoint: B9/B2/mem_reg[3][2]
            (rising edge-triggered flip-flop clocked by REF_CLK)
  Path Group: REF_CLK
  Path Type: min

  Point                                    Incr       Path
  -----------------------------------------------------------
  clock REF_CLK (rise edge)                0.00       0.00
  clock network delay (ideal)              0.00       0.00
  B9/B2/mem_reg[3][2]/CK (DFFQX2M)         0.00       0.00 r
  B9/B2/mem_reg[3][2]/Q (DFFQX2M)          0.33       0.33 r
  B9/B2/U100/Y (OAI2BB2X1M)                0.15       0.48 r
  B9/B2/mem_reg[3][2]/D (DFFQX2M)          0.00       0.48 r
  data arrival time                                   0.48

  clock REF_CLK (rise edge)                0.00       0.00
  clock network delay (ideal)              0.00       0.00
  clock uncertainty                        0.10       0.10
  B9/B2/mem_reg[3][2]/CK (DFFQX2M)         0.00       0.10 r
  library hold time                       -0.06       0.04
  data required time                                  0.04
  -----------------------------------------------------------
  data required time                                  0.04
  data arrival time                                  -0.48
  -----------------------------------------------------------
  slack (MET)                                         0.44


  Startpoint: B9/B2/mem_reg[3][0]
              (rising edge-triggered flip-flop clocked by REF_CLK)
  Endpoint: B9/B2/mem_reg[3][0]
            (rising edge-triggered flip-flop clocked by REF_CLK)
  Path Group: REF_CLK
  Path Type: min

  Point                                    Incr       Path
  -----------------------------------------------------------
  clock REF_CLK (rise edge)                0.00       0.00
  clock network delay (ideal)              0.00       0.00
  B9/B2/mem_reg[3][0]/CK (DFFQX2M)         0.00       0.00 r
  B9/B2/mem_reg[3][0]/Q (DFFQX2M)          0.33       0.33 r
  B9/B2/U98/Y (OAI2BB2X1M)                 0.15       0.48 r
  B9/B2/mem_reg[3][0]/D (DFFQX2M)          0.00       0.48 r
  data arrival time                                   0.48

  clock REF_CLK (rise edge)                0.00       0.00
  clock network delay (ideal)              0.00       0.00
  clock uncertainty                        0.10       0.10
  B9/B2/mem_reg[3][0]/CK (DFFQX2M)         0.00       0.10 r
  library hold time                       -0.06       0.04
  data required time                                  0.04
  -----------------------------------------------------------
  data required time                                  0.04
  data arrival time                                  -0.48
  -----------------------------------------------------------
  slack (MET)                                         0.44


  Startpoint: B9/B2/mem_reg[3][6]
              (rising edge-triggered flip-flop clocked by REF_CLK)
  Endpoint: B9/B2/mem_reg[3][6]
            (rising edge-triggered flip-flop clocked by REF_CLK)
  Path Group: REF_CLK
  Path Type: min

  Point                                    Incr       Path
  -----------------------------------------------------------
  clock REF_CLK (rise edge)                0.00       0.00
  clock network delay (ideal)              0.00       0.00
  B9/B2/mem_reg[3][6]/CK (DFFQX2M)         0.00       0.00 r
  B9/B2/mem_reg[3][6]/Q (DFFQX2M)          0.33       0.33 r
  B9/B2/U104/Y (OAI2BB2X1M)                0.15       0.48 r
  B9/B2/mem_reg[3][6]/D (DFFQX2M)          0.00       0.48 r
  data arrival time                                   0.48

  clock REF_CLK (rise edge)                0.00       0.00
  clock network delay (ideal)              0.00       0.00
  clock uncertainty                        0.10       0.10
  B9/B2/mem_reg[3][6]/CK (DFFQX2M)         0.00       0.10 r
  library hold time                       -0.06       0.04
  data required time                                  0.04
  -----------------------------------------------------------
  data required time                                  0.04
  data arrival time                                  -0.48
  -----------------------------------------------------------
  slack (MET)                                         0.44


  Startpoint: B9/B2/mem_reg[3][4]
              (rising edge-triggered flip-flop clocked by REF_CLK)
  Endpoint: B9/B2/mem_reg[3][4]
            (rising edge-triggered flip-flop clocked by REF_CLK)
  Path Group: REF_CLK
  Path Type: min

  Point                                    Incr       Path
  -----------------------------------------------------------
  clock REF_CLK (rise edge)                0.00       0.00
  clock network delay (ideal)              0.00       0.00
  B9/B2/mem_reg[3][4]/CK (DFFQX2M)         0.00       0.00 r
  B9/B2/mem_reg[3][4]/Q (DFFQX2M)          0.33       0.33 r
  B9/B2/U102/Y (OAI2BB2X1M)                0.15       0.48 r
  B9/B2/mem_reg[3][4]/D (DFFQX2M)          0.00       0.48 r
  data arrival time                                   0.48

  clock REF_CLK (rise edge)                0.00       0.00
  clock network delay (ideal)              0.00       0.00
  clock uncertainty                        0.10       0.10
  B9/B2/mem_reg[3][4]/CK (DFFQX2M)         0.00       0.10 r
  library hold time                       -0.06       0.04
  data required time                                  0.04
  -----------------------------------------------------------
  data required time                                  0.04
  data arrival time                                  -0.48
  -----------------------------------------------------------
  slack (MET)                                         0.44


  Startpoint: B9/B2/mem_reg[3][7]
              (rising edge-triggered flip-flop clocked by REF_CLK)
  Endpoint: B9/B2/mem_reg[3][7]
            (rising edge-triggered flip-flop clocked by REF_CLK)
  Path Group: REF_CLK
  Path Type: min

  Point                                    Incr       Path
  -----------------------------------------------------------
  clock REF_CLK (rise edge)                0.00       0.00
  clock network delay (ideal)              0.00       0.00
  B9/B2/mem_reg[3][7]/CK (DFFQX2M)         0.00       0.00 r
  B9/B2/mem_reg[3][7]/Q (DFFQX2M)          0.33       0.33 r
  B9/B2/U105/Y (OAI2BB2X1M)                0.15       0.48 r
  B9/B2/mem_reg[3][7]/D (DFFQX2M)          0.00       0.48 r
  data arrival time                                   0.48

  clock REF_CLK (rise edge)                0.00       0.00
  clock network delay (ideal)              0.00       0.00
  clock uncertainty                        0.10       0.10
  B9/B2/mem_reg[3][7]/CK (DFFQX2M)         0.00       0.10 r
  library hold time                       -0.06       0.04
  data required time                                  0.04
  -----------------------------------------------------------
  data required time                                  0.04
  data arrival time                                  -0.48
  -----------------------------------------------------------
  slack (MET)                                         0.44


  Startpoint: B9/B2/mem_reg[3][5]
              (rising edge-triggered flip-flop clocked by REF_CLK)
  Endpoint: B9/B2/mem_reg[3][5]
            (rising edge-triggered flip-flop clocked by REF_CLK)
  Path Group: REF_CLK
  Path Type: min

  Point                                    Incr       Path
  -----------------------------------------------------------
  clock REF_CLK (rise edge)                0.00       0.00
  clock network delay (ideal)              0.00       0.00
  B9/B2/mem_reg[3][5]/CK (DFFQX2M)         0.00       0.00 r
  B9/B2/mem_reg[3][5]/Q (DFFQX2M)          0.33       0.33 r
  B9/B2/U103/Y (OAI2BB2X1M)                0.15       0.48 r
  B9/B2/mem_reg[3][5]/D (DFFQX2M)          0.00       0.48 r
  data arrival time                                   0.48

  clock REF_CLK (rise edge)                0.00       0.00
  clock network delay (ideal)              0.00       0.00
  clock uncertainty                        0.10       0.10
  B9/B2/mem_reg[3][5]/CK (DFFQX2M)         0.00       0.10 r
  library hold time                       -0.06       0.04
  data required time                                  0.04
  -----------------------------------------------------------
  data required time                                  0.04
  data arrival time                                  -0.48
  -----------------------------------------------------------
  slack (MET)                                         0.44


  Startpoint: B9/B2/mem_reg[7][0]
              (rising edge-triggered flip-flop clocked by REF_CLK)
  Endpoint: B9/B2/mem_reg[7][0]
            (rising edge-triggered flip-flop clocked by REF_CLK)
  Path Group: REF_CLK
  Path Type: min

  Point                                    Incr       Path
  -----------------------------------------------------------
  clock REF_CLK (rise edge)                0.00       0.00
  clock network delay (ideal)              0.00       0.00
  B9/B2/mem_reg[7][0]/CK (DFFQX2M)         0.00       0.00 r
  B9/B2/mem_reg[7][0]/Q (DFFQX2M)          0.33       0.33 r
  B9/B2/U122/Y (OAI2BB2X1M)                0.15       0.48 r
  B9/B2/mem_reg[7][0]/D (DFFQX2M)          0.00       0.48 r
  data arrival time                                   0.48

  clock REF_CLK (rise edge)                0.00       0.00
  clock network delay (ideal)              0.00       0.00
  clock uncertainty                        0.10       0.10
  B9/B2/mem_reg[7][0]/CK (DFFQX2M)         0.00       0.10 r
  library hold time                       -0.06       0.04
  data required time                                  0.04
  -----------------------------------------------------------
  data required time                                  0.04
  data arrival time                                  -0.48
  -----------------------------------------------------------
  slack (MET)                                         0.44


  Startpoint: B9/B2/mem_reg[4][6]
              (rising edge-triggered flip-flop clocked by REF_CLK)
  Endpoint: B9/B2/mem_reg[4][6]
            (rising edge-triggered flip-flop clocked by REF_CLK)
  Path Group: REF_CLK
  Path Type: min

  Point                                    Incr       Path
  -----------------------------------------------------------
  clock REF_CLK (rise edge)                0.00       0.00
  clock network delay (ideal)              0.00       0.00
  B9/B2/mem_reg[4][6]/CK (DFFQX2M)         0.00       0.00 r
  B9/B2/mem_reg[4][6]/Q (DFFQX2M)          0.33       0.33 r
  B9/B2/U71/Y (OAI2BB2X1M)                 0.15       0.48 r
  B9/B2/mem_reg[4][6]/D (DFFQX2M)          0.00       0.48 r
  data arrival time                                   0.48

  clock REF_CLK (rise edge)                0.00       0.00
  clock network delay (ideal)              0.00       0.00
  clock uncertainty                        0.10       0.10
  B9/B2/mem_reg[4][6]/CK (DFFQX2M)         0.00       0.10 r
  library hold time                       -0.06       0.04
  data required time                                  0.04
  -----------------------------------------------------------
  data required time                                  0.04
  data arrival time                                  -0.48
  -----------------------------------------------------------
  slack (MET)                                         0.44


  Startpoint: B9/B2/mem_reg[4][2]
              (rising edge-triggered flip-flop clocked by REF_CLK)
  Endpoint: B9/B2/mem_reg[4][2]
            (rising edge-triggered flip-flop clocked by REF_CLK)
  Path Group: REF_CLK
  Path Type: min

  Point                                    Incr       Path
  -----------------------------------------------------------
  clock REF_CLK (rise edge)                0.00       0.00
  clock network delay (ideal)              0.00       0.00
  B9/B2/mem_reg[4][2]/CK (DFFQX2M)         0.00       0.00 r
  B9/B2/mem_reg[4][2]/Q (DFFQX2M)          0.33       0.33 r
  B9/B2/U67/Y (OAI2BB2X1M)                 0.15       0.48 r
  B9/B2/mem_reg[4][2]/D (DFFQX2M)          0.00       0.48 r
  data arrival time                                   0.48

  clock REF_CLK (rise edge)                0.00       0.00
  clock network delay (ideal)              0.00       0.00
  clock uncertainty                        0.10       0.10
  B9/B2/mem_reg[4][2]/CK (DFFQX2M)         0.00       0.10 r
  library hold time                       -0.06       0.04
  data required time                                  0.04
  -----------------------------------------------------------
  data required time                                  0.04
  data arrival time                                  -0.48
  -----------------------------------------------------------
  slack (MET)                                         0.44


  Startpoint: B9/B2/mem_reg[4][0]
              (rising edge-triggered flip-flop clocked by REF_CLK)
  Endpoint: B9/B2/mem_reg[4][0]
            (rising edge-triggered flip-flop clocked by REF_CLK)
  Path Group: REF_CLK
  Path Type: min

  Point                                    Incr       Path
  -----------------------------------------------------------
  clock REF_CLK (rise edge)                0.00       0.00
  clock network delay (ideal)              0.00       0.00
  B9/B2/mem_reg[4][0]/CK (DFFQX2M)         0.00       0.00 r
  B9/B2/mem_reg[4][0]/Q (DFFQX2M)          0.33       0.33 r
  B9/B2/U65/Y (OAI2BB2X1M)                 0.15       0.48 r
  B9/B2/mem_reg[4][0]/D (DFFQX2M)          0.00       0.48 r
  data arrival time                                   0.48

  clock REF_CLK (rise edge)                0.00       0.00
  clock network delay (ideal)              0.00       0.00
  clock uncertainty                        0.10       0.10
  B9/B2/mem_reg[4][0]/CK (DFFQX2M)         0.00       0.10 r
  library hold time                       -0.06       0.04
  data required time                                  0.04
  -----------------------------------------------------------
  data required time                                  0.04
  data arrival time                                  -0.48
  -----------------------------------------------------------
  slack (MET)                                         0.44


  Startpoint: B9/B2/mem_reg[0][6]
              (rising edge-triggered flip-flop clocked by REF_CLK)
  Endpoint: B9/B2/mem_reg[0][6]
            (rising edge-triggered flip-flop clocked by REF_CLK)
  Path Group: REF_CLK
  Path Type: min

  Point                                    Incr       Path
  -----------------------------------------------------------
  clock REF_CLK (rise edge)                0.00       0.00
  clock network delay (ideal)              0.00       0.00
  B9/B2/mem_reg[0][6]/CK (DFFQX2M)         0.00       0.00 r
  B9/B2/mem_reg[0][6]/Q (DFFQX2M)          0.33       0.33 r
  B9/B2/U63/Y (OAI2BB2X1M)                 0.15       0.48 r
  B9/B2/mem_reg[0][6]/D (DFFQX2M)          0.00       0.48 r
  data arrival time                                   0.48

  clock REF_CLK (rise edge)                0.00       0.00
  clock network delay (ideal)              0.00       0.00
  clock uncertainty                        0.10       0.10
  B9/B2/mem_reg[0][6]/CK (DFFQX2M)         0.00       0.10 r
  library hold time                       -0.06       0.04
  data required time                                  0.04
  -----------------------------------------------------------
  data required time                                  0.04
  data arrival time                                  -0.48
  -----------------------------------------------------------
  slack (MET)                                         0.44


  Startpoint: B9/B2/mem_reg[0][5]
              (rising edge-triggered flip-flop clocked by REF_CLK)
  Endpoint: B9/B2/mem_reg[0][5]
            (rising edge-triggered flip-flop clocked by REF_CLK)
  Path Group: REF_CLK
  Path Type: min

  Point                                    Incr       Path
  -----------------------------------------------------------
  clock REF_CLK (rise edge)                0.00       0.00
  clock network delay (ideal)              0.00       0.00
  B9/B2/mem_reg[0][5]/CK (DFFQX2M)         0.00       0.00 r
  B9/B2/mem_reg[0][5]/Q (DFFQX2M)          0.33       0.33 r
  B9/B2/U62/Y (OAI2BB2X1M)                 0.15       0.48 r
  B9/B2/mem_reg[0][5]/D (DFFQX2M)          0.00       0.48 r
  data arrival time                                   0.48

  clock REF_CLK (rise edge)                0.00       0.00
  clock network delay (ideal)              0.00       0.00
  clock uncertainty                        0.10       0.10
  B9/B2/mem_reg[0][5]/CK (DFFQX2M)         0.00       0.10 r
  library hold time                       -0.06       0.04
  data required time                                  0.04
  -----------------------------------------------------------
  data required time                                  0.04
  data arrival time                                  -0.48
  -----------------------------------------------------------
  slack (MET)                                         0.44


  Startpoint: B9/B2/mem_reg[0][4]
              (rising edge-triggered flip-flop clocked by REF_CLK)
  Endpoint: B9/B2/mem_reg[0][4]
            (rising edge-triggered flip-flop clocked by REF_CLK)
  Path Group: REF_CLK
  Path Type: min

  Point                                    Incr       Path
  -----------------------------------------------------------
  clock REF_CLK (rise edge)                0.00       0.00
  clock network delay (ideal)              0.00       0.00
  B9/B2/mem_reg[0][4]/CK (DFFQX2M)         0.00       0.00 r
  B9/B2/mem_reg[0][4]/Q (DFFQX2M)          0.33       0.33 r
  B9/B2/U61/Y (OAI2BB2X1M)                 0.15       0.48 r
  B9/B2/mem_reg[0][4]/D (DFFQX2M)          0.00       0.48 r
  data arrival time                                   0.48

  clock REF_CLK (rise edge)                0.00       0.00
  clock network delay (ideal)              0.00       0.00
  clock uncertainty                        0.10       0.10
  B9/B2/mem_reg[0][4]/CK (DFFQX2M)         0.00       0.10 r
  library hold time                       -0.06       0.04
  data required time                                  0.04
  -----------------------------------------------------------
  data required time                                  0.04
  data arrival time                                  -0.48
  -----------------------------------------------------------
  slack (MET)                                         0.44


  Startpoint: B9/B2/mem_reg[0][2]
              (rising edge-triggered flip-flop clocked by REF_CLK)
  Endpoint: B9/B2/mem_reg[0][2]
            (rising edge-triggered flip-flop clocked by REF_CLK)
  Path Group: REF_CLK
  Path Type: min

  Point                                    Incr       Path
  -----------------------------------------------------------
  clock REF_CLK (rise edge)                0.00       0.00
  clock network delay (ideal)              0.00       0.00
  B9/B2/mem_reg[0][2]/CK (DFFQX2M)         0.00       0.00 r
  B9/B2/mem_reg[0][2]/Q (DFFQX2M)          0.33       0.33 r
  B9/B2/U59/Y (OAI2BB2X1M)                 0.15       0.48 r
  B9/B2/mem_reg[0][2]/D (DFFQX2M)          0.00       0.48 r
  data arrival time                                   0.48

  clock REF_CLK (rise edge)                0.00       0.00
  clock network delay (ideal)              0.00       0.00
  clock uncertainty                        0.10       0.10
  B9/B2/mem_reg[0][2]/CK (DFFQX2M)         0.00       0.10 r
  library hold time                       -0.06       0.04
  data required time                                  0.04
  -----------------------------------------------------------
  data required time                                  0.04
  data arrival time                                  -0.48
  -----------------------------------------------------------
  slack (MET)                                         0.44


  Startpoint: B9/B2/mem_reg[0][0]
              (rising edge-triggered flip-flop clocked by REF_CLK)
  Endpoint: B9/B2/mem_reg[0][0]
            (rising edge-triggered flip-flop clocked by REF_CLK)
  Path Group: REF_CLK
  Path Type: min

  Point                                    Incr       Path
  -----------------------------------------------------------
  clock REF_CLK (rise edge)                0.00       0.00
  clock network delay (ideal)              0.00       0.00
  B9/B2/mem_reg[0][0]/CK (DFFQX2M)         0.00       0.00 r
  B9/B2/mem_reg[0][0]/Q (DFFQX2M)          0.33       0.33 r
  B9/B2/U57/Y (OAI2BB2X1M)                 0.15       0.48 r
  B9/B2/mem_reg[0][0]/D (DFFQX2M)          0.00       0.48 r
  data arrival time                                   0.48

  clock REF_CLK (rise edge)                0.00       0.00
  clock network delay (ideal)              0.00       0.00
  clock uncertainty                        0.10       0.10
  B9/B2/mem_reg[0][0]/CK (DFFQX2M)         0.00       0.10 r
  library hold time                       -0.06       0.04
  data required time                                  0.04
  -----------------------------------------------------------
  data required time                                  0.04
  data arrival time                                  -0.48
  -----------------------------------------------------------
  slack (MET)                                         0.44


  Startpoint: B9/B2/mem_reg[4][4]
              (rising edge-triggered flip-flop clocked by REF_CLK)
  Endpoint: B9/B2/mem_reg[4][4]
            (rising edge-triggered flip-flop clocked by REF_CLK)
  Path Group: REF_CLK
  Path Type: min

  Point                                    Incr       Path
  -----------------------------------------------------------
  clock REF_CLK (rise edge)                0.00       0.00
  clock network delay (ideal)              0.00       0.00
  B9/B2/mem_reg[4][4]/CK (DFFQX2M)         0.00       0.00 r
  B9/B2/mem_reg[4][4]/Q (DFFQX2M)          0.33       0.33 r
  B9/B2/U69/Y (OAI2BB2X1M)                 0.15       0.48 r
  B9/B2/mem_reg[4][4]/D (DFFQX2M)          0.00       0.48 r
  data arrival time                                   0.48

  clock REF_CLK (rise edge)                0.00       0.00
  clock network delay (ideal)              0.00       0.00
  clock uncertainty                        0.10       0.10
  B9/B2/mem_reg[4][4]/CK (DFFQX2M)         0.00       0.10 r
  library hold time                       -0.06       0.04
  data required time                                  0.04
  -----------------------------------------------------------
  data required time                                  0.04
  data arrival time                                  -0.48
  -----------------------------------------------------------
  slack (MET)                                         0.44


  Startpoint: B9/B2/mem_reg[0][7]
              (rising edge-triggered flip-flop clocked by REF_CLK)
  Endpoint: B9/B2/mem_reg[0][7]
            (rising edge-triggered flip-flop clocked by REF_CLK)
  Path Group: REF_CLK
  Path Type: min

  Point                                    Incr       Path
  -----------------------------------------------------------
  clock REF_CLK (rise edge)                0.00       0.00
  clock network delay (ideal)              0.00       0.00
  B9/B2/mem_reg[0][7]/CK (DFFQX2M)         0.00       0.00 r
  B9/B2/mem_reg[0][7]/Q (DFFQX2M)          0.33       0.33 r
  B9/B2/U64/Y (OAI2BB2X1M)                 0.15       0.48 r
  B9/B2/mem_reg[0][7]/D (DFFQX2M)          0.00       0.48 r
  data arrival time                                   0.48

  clock REF_CLK (rise edge)                0.00       0.00
  clock network delay (ideal)              0.00       0.00
  clock uncertainty                        0.10       0.10
  B9/B2/mem_reg[0][7]/CK (DFFQX2M)         0.00       0.10 r
  library hold time                       -0.06       0.04
  data required time                                  0.04
  -----------------------------------------------------------
  data required time                                  0.04
  data arrival time                                  -0.48
  -----------------------------------------------------------
  slack (MET)                                         0.44


  Startpoint: B9/B2/mem_reg[1][1]
              (rising edge-triggered flip-flop clocked by REF_CLK)
  Endpoint: B9/B2/mem_reg[1][1]
            (rising edge-triggered flip-flop clocked by REF_CLK)
  Path Group: REF_CLK
  Path Type: min

  Point                                    Incr       Path
  -----------------------------------------------------------
  clock REF_CLK (rise edge)                0.00       0.00
  clock network delay (ideal)              0.00       0.00
  B9/B2/mem_reg[1][1]/CK (DFFQX2M)         0.00       0.00 r
  B9/B2/mem_reg[1][1]/Q (DFFQX2M)          0.33       0.33 r
  B9/B2/U84/Y (OAI2BB2X1M)                 0.15       0.48 r
  B9/B2/mem_reg[1][1]/D (DFFQX2M)          0.00       0.48 r
  data arrival time                                   0.48

  clock REF_CLK (rise edge)                0.00       0.00
  clock network delay (ideal)              0.00       0.00
  clock uncertainty                        0.10       0.10
  B9/B2/mem_reg[1][1]/CK (DFFQX2M)         0.00       0.10 r
  library hold time                       -0.06       0.04
  data required time                                  0.04
  -----------------------------------------------------------
  data required time                                  0.04
  data arrival time                                  -0.48
  -----------------------------------------------------------
  slack (MET)                                         0.44


  Startpoint: B9/B2/mem_reg[6][1]
              (rising edge-triggered flip-flop clocked by REF_CLK)
  Endpoint: B9/B2/mem_reg[6][1]
            (rising edge-triggered flip-flop clocked by REF_CLK)
  Path Group: REF_CLK
  Path Type: min

  Point                                    Incr       Path
  -----------------------------------------------------------
  clock REF_CLK (rise edge)                0.00       0.00
  clock network delay (ideal)              0.00       0.00
  B9/B2/mem_reg[6][1]/CK (DFFQX2M)         0.00       0.00 r
  B9/B2/mem_reg[6][1]/Q (DFFQX2M)          0.33       0.33 r
  B9/B2/U115/Y (OAI2BB2X1M)                0.15       0.48 r
  B9/B2/mem_reg[6][1]/D (DFFQX2M)          0.00       0.48 r
  data arrival time                                   0.48

  clock REF_CLK (rise edge)                0.00       0.00
  clock network delay (ideal)              0.00       0.00
  clock uncertainty                        0.10       0.10
  B9/B2/mem_reg[6][1]/CK (DFFQX2M)         0.00       0.10 r
  library hold time                       -0.06       0.04
  data required time                                  0.04
  -----------------------------------------------------------
  data required time                                  0.04
  data arrival time                                  -0.48
  -----------------------------------------------------------
  slack (MET)                                         0.44


  Startpoint: B9/B2/mem_reg[1][3]
              (rising edge-triggered flip-flop clocked by REF_CLK)
  Endpoint: B9/B2/mem_reg[1][3]
            (rising edge-triggered flip-flop clocked by REF_CLK)
  Path Group: REF_CLK
  Path Type: min

  Point                                    Incr       Path
  -----------------------------------------------------------
  clock REF_CLK (rise edge)                0.00       0.00
  clock network delay (ideal)              0.00       0.00
  B9/B2/mem_reg[1][3]/CK (DFFQX2M)         0.00       0.00 r
  B9/B2/mem_reg[1][3]/Q (DFFQX2M)          0.33       0.33 r
  B9/B2/U86/Y (OAI2BB2X1M)                 0.15       0.48 r
  B9/B2/mem_reg[1][3]/D (DFFQX2M)          0.00       0.48 r
  data arrival time                                   0.48

  clock REF_CLK (rise edge)                0.00       0.00
  clock network delay (ideal)              0.00       0.00
  clock uncertainty                        0.10       0.10
  B9/B2/mem_reg[1][3]/CK (DFFQX2M)         0.00       0.10 r
  library hold time                       -0.06       0.04
  data required time                                  0.04
  -----------------------------------------------------------
  data required time                                  0.04
  data arrival time                                  -0.48
  -----------------------------------------------------------
  slack (MET)                                         0.44


  Startpoint: B9/B2/mem_reg[5][3]
              (rising edge-triggered flip-flop clocked by REF_CLK)
  Endpoint: B9/B2/mem_reg[5][3]
            (rising edge-triggered flip-flop clocked by REF_CLK)
  Path Group: REF_CLK
  Path Type: min

  Point                                    Incr       Path
  -----------------------------------------------------------
  clock REF_CLK (rise edge)                0.00       0.00
  clock network delay (ideal)              0.00       0.00
  B9/B2/mem_reg[5][3]/CK (DFFQX2M)         0.00       0.00 r
  B9/B2/mem_reg[5][3]/Q (DFFQX2M)          0.33       0.33 r
  B9/B2/U109/Y (OAI2BB2X1M)                0.15       0.48 r
  B9/B2/mem_reg[5][3]/D (DFFQX2M)          0.00       0.48 r
  data arrival time                                   0.48

  clock REF_CLK (rise edge)                0.00       0.00
  clock network delay (ideal)              0.00       0.00
  clock uncertainty                        0.10       0.10
  B9/B2/mem_reg[5][3]/CK (DFFQX2M)         0.00       0.10 r
  library hold time                       -0.06       0.04
  data required time                                  0.04
  -----------------------------------------------------------
  data required time                                  0.04
  data arrival time                                  -0.48
  -----------------------------------------------------------
  slack (MET)                                         0.44


  Startpoint: B9/B2/mem_reg[5][5]
              (rising edge-triggered flip-flop clocked by REF_CLK)
  Endpoint: B9/B2/mem_reg[5][5]
            (rising edge-triggered flip-flop clocked by REF_CLK)
  Path Group: REF_CLK
  Path Type: min

  Point                                    Incr       Path
  -----------------------------------------------------------
  clock REF_CLK (rise edge)                0.00       0.00
  clock network delay (ideal)              0.00       0.00
  B9/B2/mem_reg[5][5]/CK (DFFQX2M)         0.00       0.00 r
  B9/B2/mem_reg[5][5]/Q (DFFQX2M)          0.33       0.33 r
  B9/B2/U111/Y (OAI2BB2X1M)                0.15       0.48 r
  B9/B2/mem_reg[5][5]/D (DFFQX2M)          0.00       0.48 r
  data arrival time                                   0.48

  clock REF_CLK (rise edge)                0.00       0.00
  clock network delay (ideal)              0.00       0.00
  clock uncertainty                        0.10       0.10
  B9/B2/mem_reg[5][5]/CK (DFFQX2M)         0.00       0.10 r
  library hold time                       -0.06       0.04
  data required time                                  0.04
  -----------------------------------------------------------
  data required time                                  0.04
  data arrival time                                  -0.48
  -----------------------------------------------------------
  slack (MET)                                         0.44


  Startpoint: B9/B2/mem_reg[3][1]
              (rising edge-triggered flip-flop clocked by REF_CLK)
  Endpoint: B9/B2/mem_reg[3][1]
            (rising edge-triggered flip-flop clocked by REF_CLK)
  Path Group: REF_CLK
  Path Type: min

  Point                                    Incr       Path
  -----------------------------------------------------------
  clock REF_CLK (rise edge)                0.00       0.00
  clock network delay (ideal)              0.00       0.00
  B9/B2/mem_reg[3][1]/CK (DFFQX2M)         0.00       0.00 r
  B9/B2/mem_reg[3][1]/Q (DFFQX2M)          0.33       0.33 r
  B9/B2/U99/Y (OAI2BB2X1M)                 0.15       0.48 r
  B9/B2/mem_reg[3][1]/D (DFFQX2M)          0.00       0.48 r
  data arrival time                                   0.48

  clock REF_CLK (rise edge)                0.00       0.00
  clock network delay (ideal)              0.00       0.00
  clock uncertainty                        0.10       0.10
  B9/B2/mem_reg[3][1]/CK (DFFQX2M)         0.00       0.10 r
  library hold time                       -0.06       0.04
  data required time                                  0.04
  -----------------------------------------------------------
  data required time                                  0.04
  data arrival time                                  -0.48
  -----------------------------------------------------------
  slack (MET)                                         0.44


  Startpoint: B9/B2/mem_reg[2][3]
              (rising edge-triggered flip-flop clocked by REF_CLK)
  Endpoint: B9/B2/mem_reg[2][3]
            (rising edge-triggered flip-flop clocked by REF_CLK)
  Path Group: REF_CLK
  Path Type: min

  Point                                    Incr       Path
  -----------------------------------------------------------
  clock REF_CLK (rise edge)                0.00       0.00
  clock network delay (ideal)              0.00       0.00
  B9/B2/mem_reg[2][3]/CK (DFFQX2M)         0.00       0.00 r
  B9/B2/mem_reg[2][3]/Q (DFFQX2M)          0.33       0.33 r
  B9/B2/U94/Y (OAI2BB2X1M)                 0.15       0.48 r
  B9/B2/mem_reg[2][3]/D (DFFQX2M)          0.00       0.48 r
  data arrival time                                   0.48

  clock REF_CLK (rise edge)                0.00       0.00
  clock network delay (ideal)              0.00       0.00
  clock uncertainty                        0.10       0.10
  B9/B2/mem_reg[2][3]/CK (DFFQX2M)         0.00       0.10 r
  library hold time                       -0.06       0.04
  data required time                                  0.04
  -----------------------------------------------------------
  data required time                                  0.04
  data arrival time                                  -0.48
  -----------------------------------------------------------
  slack (MET)                                         0.44


  Startpoint: B9/B2/mem_reg[6][3]
              (rising edge-triggered flip-flop clocked by REF_CLK)
  Endpoint: B9/B2/mem_reg[6][3]
            (rising edge-triggered flip-flop clocked by REF_CLK)
  Path Group: REF_CLK
  Path Type: min

  Point                                    Incr       Path
  -----------------------------------------------------------
  clock REF_CLK (rise edge)                0.00       0.00
  clock network delay (ideal)              0.00       0.00
  B9/B2/mem_reg[6][3]/CK (DFFQX2M)         0.00       0.00 r
  B9/B2/mem_reg[6][3]/Q (DFFQX2M)          0.33       0.33 r
  B9/B2/U117/Y (OAI2BB2X1M)                0.15       0.48 r
  B9/B2/mem_reg[6][3]/D (DFFQX2M)          0.00       0.48 r
  data arrival time                                   0.48

  clock REF_CLK (rise edge)                0.00       0.00
  clock network delay (ideal)              0.00       0.00
  clock uncertainty                        0.10       0.10
  B9/B2/mem_reg[6][3]/CK (DFFQX2M)         0.00       0.10 r
  library hold time                       -0.06       0.04
  data required time                                  0.04
  -----------------------------------------------------------
  data required time                                  0.04
  data arrival time                                  -0.48
  -----------------------------------------------------------
  slack (MET)                                         0.44


  Startpoint: B9/B2/mem_reg[3][3]
              (rising edge-triggered flip-flop clocked by REF_CLK)
  Endpoint: B9/B2/mem_reg[3][3]
            (rising edge-triggered flip-flop clocked by REF_CLK)
  Path Group: REF_CLK
  Path Type: min

  Point                                    Incr       Path
  -----------------------------------------------------------
  clock REF_CLK (rise edge)                0.00       0.00
  clock network delay (ideal)              0.00       0.00
  B9/B2/mem_reg[3][3]/CK (DFFQX2M)         0.00       0.00 r
  B9/B2/mem_reg[3][3]/Q (DFFQX2M)          0.34       0.34 r
  B9/B2/U101/Y (OAI2BB2X1M)                0.15       0.48 r
  B9/B2/mem_reg[3][3]/D (DFFQX2M)          0.00       0.48 r
  data arrival time                                   0.48

  clock REF_CLK (rise edge)                0.00       0.00
  clock network delay (ideal)              0.00       0.00
  clock uncertainty                        0.10       0.10
  B9/B2/mem_reg[3][3]/CK (DFFQX2M)         0.00       0.10 r
  library hold time                       -0.06       0.04
  data required time                                  0.04
  -----------------------------------------------------------
  data required time                                  0.04
  data arrival time                                  -0.48
  -----------------------------------------------------------
  slack (MET)                                         0.44


  Startpoint: B9/B2/mem_reg[2][1]
              (rising edge-triggered flip-flop clocked by REF_CLK)
  Endpoint: B9/B2/mem_reg[2][1]
            (rising edge-triggered flip-flop clocked by REF_CLK)
  Path Group: REF_CLK
  Path Type: min

  Point                                    Incr       Path
  -----------------------------------------------------------
  clock REF_CLK (rise edge)                0.00       0.00
  clock network delay (ideal)              0.00       0.00
  B9/B2/mem_reg[2][1]/CK (DFFQX2M)         0.00       0.00 r
  B9/B2/mem_reg[2][1]/Q (DFFQX2M)          0.34       0.34 r
  B9/B2/U92/Y (OAI2BB2X1M)                 0.15       0.48 r
  B9/B2/mem_reg[2][1]/D (DFFQX2M)          0.00       0.48 r
  data arrival time                                   0.48

  clock REF_CLK (rise edge)                0.00       0.00
  clock network delay (ideal)              0.00       0.00
  clock uncertainty                        0.10       0.10
  B9/B2/mem_reg[2][1]/CK (DFFQX2M)         0.00       0.10 r
  library hold time                       -0.06       0.04
  data required time                                  0.04
  -----------------------------------------------------------
  data required time                                  0.04
  data arrival time                                  -0.48
  -----------------------------------------------------------
  slack (MET)                                         0.44


  Startpoint: B9/B2/mem_reg[5][1]
              (rising edge-triggered flip-flop clocked by REF_CLK)
  Endpoint: B9/B2/mem_reg[5][1]
            (rising edge-triggered flip-flop clocked by REF_CLK)
  Path Group: REF_CLK
  Path Type: min

  Point                                    Incr       Path
  -----------------------------------------------------------
  clock REF_CLK (rise edge)                0.00       0.00
  clock network delay (ideal)              0.00       0.00
  B9/B2/mem_reg[5][1]/CK (DFFQX2M)         0.00       0.00 r
  B9/B2/mem_reg[5][1]/Q (DFFQX2M)          0.34       0.34 r
  B9/B2/U107/Y (OAI2BB2X1M)                0.15       0.48 r
  B9/B2/mem_reg[5][1]/D (DFFQX2M)          0.00       0.48 r
  data arrival time                                   0.48

  clock REF_CLK (rise edge)                0.00       0.00
  clock network delay (ideal)              0.00       0.00
  clock uncertainty                        0.10       0.10
  B9/B2/mem_reg[5][1]/CK (DFFQX2M)         0.00       0.10 r
  library hold time                       -0.06       0.04
  data required time                                  0.04
  -----------------------------------------------------------
  data required time                                  0.04
  data arrival time                                  -0.48
  -----------------------------------------------------------
  slack (MET)                                         0.44


  Startpoint: B9/B2/mem_reg[4][1]
              (rising edge-triggered flip-flop clocked by REF_CLK)
  Endpoint: B9/B2/mem_reg[4][1]
            (rising edge-triggered flip-flop clocked by REF_CLK)
  Path Group: REF_CLK
  Path Type: min

  Point                                    Incr       Path
  -----------------------------------------------------------
  clock REF_CLK (rise edge)                0.00       0.00
  clock network delay (ideal)              0.00       0.00
  B9/B2/mem_reg[4][1]/CK (DFFQX2M)         0.00       0.00 r
  B9/B2/mem_reg[4][1]/Q (DFFQX2M)          0.34       0.34 r
  B9/B2/U66/Y (OAI2BB2X1M)                 0.15       0.48 r
  B9/B2/mem_reg[4][1]/D (DFFQX2M)          0.00       0.48 r
  data arrival time                                   0.48

  clock REF_CLK (rise edge)                0.00       0.00
  clock network delay (ideal)              0.00       0.00
  clock uncertainty                        0.10       0.10
  B9/B2/mem_reg[4][1]/CK (DFFQX2M)         0.00       0.10 r
  library hold time                       -0.06       0.04
  data required time                                  0.04
  -----------------------------------------------------------
  data required time                                  0.04
  data arrival time                                  -0.48
  -----------------------------------------------------------
  slack (MET)                                         0.44


  Startpoint: B9/B2/mem_reg[0][3]
              (rising edge-triggered flip-flop clocked by REF_CLK)
  Endpoint: B9/B2/mem_reg[0][3]
            (rising edge-triggered flip-flop clocked by REF_CLK)
  Path Group: REF_CLK
  Path Type: min

  Point                                    Incr       Path
  -----------------------------------------------------------
  clock REF_CLK (rise edge)                0.00       0.00
  clock network delay (ideal)              0.00       0.00
  B9/B2/mem_reg[0][3]/CK (DFFQX2M)         0.00       0.00 r
  B9/B2/mem_reg[0][3]/Q (DFFQX2M)          0.34       0.34 r
  B9/B2/U60/Y (OAI2BB2X1M)                 0.15       0.48 r
  B9/B2/mem_reg[0][3]/D (DFFQX2M)          0.00       0.48 r
  data arrival time                                   0.48

  clock REF_CLK (rise edge)                0.00       0.00
  clock network delay (ideal)              0.00       0.00
  clock uncertainty                        0.10       0.10
  B9/B2/mem_reg[0][3]/CK (DFFQX2M)         0.00       0.10 r
  library hold time                       -0.06       0.04
  data required time                                  0.04
  -----------------------------------------------------------
  data required time                                  0.04
  data arrival time                                  -0.48
  -----------------------------------------------------------
  slack (MET)                                         0.44


  Startpoint: B9/B2/mem_reg[0][1]
              (rising edge-triggered flip-flop clocked by REF_CLK)
  Endpoint: B9/B2/mem_reg[0][1]
            (rising edge-triggered flip-flop clocked by REF_CLK)
  Path Group: REF_CLK
  Path Type: min

  Point                                    Incr       Path
  -----------------------------------------------------------
  clock REF_CLK (rise edge)                0.00       0.00
  clock network delay (ideal)              0.00       0.00
  B9/B2/mem_reg[0][1]/CK (DFFQX2M)         0.00       0.00 r
  B9/B2/mem_reg[0][1]/Q (DFFQX2M)          0.34       0.34 r
  B9/B2/U58/Y (OAI2BB2X1M)                 0.15       0.48 r
  B9/B2/mem_reg[0][1]/D (DFFQX2M)          0.00       0.48 r
  data arrival time                                   0.48

  clock REF_CLK (rise edge)                0.00       0.00
  clock network delay (ideal)              0.00       0.00
  clock uncertainty                        0.10       0.10
  B9/B2/mem_reg[0][1]/CK (DFFQX2M)         0.00       0.10 r
  library hold time                       -0.06       0.04
  data required time                                  0.04
  -----------------------------------------------------------
  data required time                                  0.04
  data arrival time                                  -0.48
  -----------------------------------------------------------
  slack (MET)                                         0.44


  Startpoint: B9/B2/mem_reg[4][3]
              (rising edge-triggered flip-flop clocked by REF_CLK)
  Endpoint: B9/B2/mem_reg[4][3]
            (rising edge-triggered flip-flop clocked by REF_CLK)
  Path Group: REF_CLK
  Path Type: min

  Point                                    Incr       Path
  -----------------------------------------------------------
  clock REF_CLK (rise edge)                0.00       0.00
  clock network delay (ideal)              0.00       0.00
  B9/B2/mem_reg[4][3]/CK (DFFQX2M)         0.00       0.00 r
  B9/B2/mem_reg[4][3]/Q (DFFQX2M)          0.34       0.34 r
  B9/B2/U68/Y (OAI2BB2X1M)                 0.15       0.48 r
  B9/B2/mem_reg[4][3]/D (DFFQX2M)          0.00       0.48 r
  data arrival time                                   0.48

  clock REF_CLK (rise edge)                0.00       0.00
  clock network delay (ideal)              0.00       0.00
  clock uncertainty                        0.10       0.10
  B9/B2/mem_reg[4][3]/CK (DFFQX2M)         0.00       0.10 r
  library hold time                       -0.06       0.04
  data required time                                  0.04
  -----------------------------------------------------------
  data required time                                  0.04
  data arrival time                                  -0.48
  -----------------------------------------------------------
  slack (MET)                                         0.44


  Startpoint: B9/B2/mem_reg[4][7]
              (rising edge-triggered flip-flop clocked by REF_CLK)
  Endpoint: B9/B2/mem_reg[4][7]
            (rising edge-triggered flip-flop clocked by REF_CLK)
  Path Group: REF_CLK
  Path Type: min

  Point                                    Incr       Path
  -----------------------------------------------------------
  clock REF_CLK (rise edge)                0.00       0.00
  clock network delay (ideal)              0.00       0.00
  B9/B2/mem_reg[4][7]/CK (DFFQX2M)         0.00       0.00 r
  B9/B2/mem_reg[4][7]/Q (DFFQX2M)          0.34       0.34 r
  B9/B2/U72/Y (OAI2BB2X1M)                 0.15       0.48 r
  B9/B2/mem_reg[4][7]/D (DFFQX2M)          0.00       0.48 r
  data arrival time                                   0.48

  clock REF_CLK (rise edge)                0.00       0.00
  clock network delay (ideal)              0.00       0.00
  clock uncertainty                        0.10       0.10
  B9/B2/mem_reg[4][7]/CK (DFFQX2M)         0.00       0.10 r
  library hold time                       -0.06       0.04
  data required time                                  0.04
  -----------------------------------------------------------
  data required time                                  0.04
  data arrival time                                  -0.48
  -----------------------------------------------------------
  slack (MET)                                         0.45


  Startpoint: B9/B2/mem_reg[4][5]
              (rising edge-triggered flip-flop clocked by REF_CLK)
  Endpoint: B9/B2/mem_reg[4][5]
            (rising edge-triggered flip-flop clocked by REF_CLK)
  Path Group: REF_CLK
  Path Type: min

  Point                                    Incr       Path
  -----------------------------------------------------------
  clock REF_CLK (rise edge)                0.00       0.00
  clock network delay (ideal)              0.00       0.00
  B9/B2/mem_reg[4][5]/CK (DFFQX2M)         0.00       0.00 r
  B9/B2/mem_reg[4][5]/Q (DFFQX2M)          0.34       0.34 r
  B9/B2/U70/Y (OAI2BB2X1M)                 0.15       0.48 r
  B9/B2/mem_reg[4][5]/D (DFFQX2M)          0.00       0.48 r
  data arrival time                                   0.48

  clock REF_CLK (rise edge)                0.00       0.00
  clock network delay (ideal)              0.00       0.00
  clock uncertainty                        0.10       0.10
  B9/B2/mem_reg[4][5]/CK (DFFQX2M)         0.00       0.10 r
  library hold time                       -0.06       0.04
  data required time                                  0.04
  -----------------------------------------------------------
  data required time                                  0.04
  data arrival time                                  -0.48
  -----------------------------------------------------------
  slack (MET)                                         0.45


  Startpoint: B9/B2/mem_reg[6][5]
              (rising edge-triggered flip-flop clocked by REF_CLK)
  Endpoint: B9/B2/mem_reg[6][5]
            (rising edge-triggered flip-flop clocked by REF_CLK)
  Path Group: REF_CLK
  Path Type: min

  Point                                    Incr       Path
  -----------------------------------------------------------
  clock REF_CLK (rise edge)                0.00       0.00
  clock network delay (ideal)              0.00       0.00
  B9/B2/mem_reg[6][5]/CK (DFFQX2M)         0.00       0.00 r
  B9/B2/mem_reg[6][5]/Q (DFFQX2M)          0.34       0.34 r
  B9/B2/U119/Y (OAI2BB2X1M)                0.15       0.48 r
  B9/B2/mem_reg[6][5]/D (DFFQX2M)          0.00       0.48 r
  data arrival time                                   0.48

  clock REF_CLK (rise edge)                0.00       0.00
  clock network delay (ideal)              0.00       0.00
  clock uncertainty                        0.10       0.10
  B9/B2/mem_reg[6][5]/CK (DFFQX2M)         0.00       0.10 r
  library hold time                       -0.06       0.04
  data required time                                  0.04
  -----------------------------------------------------------
  data required time                                  0.04
  data arrival time                                  -0.48
  -----------------------------------------------------------
  slack (MET)                                         0.45


  Startpoint: B9/B2/mem_reg[2][7]
              (rising edge-triggered flip-flop clocked by REF_CLK)
  Endpoint: B9/B2/mem_reg[2][7]
            (rising edge-triggered flip-flop clocked by REF_CLK)
  Path Group: REF_CLK
  Path Type: min

  Point                                    Incr       Path
  -----------------------------------------------------------
  clock REF_CLK (rise edge)                0.00       0.00
  clock network delay (ideal)              0.00       0.00
  B9/B2/mem_reg[2][7]/CK (DFFQX2M)         0.00       0.00 r
  B9/B2/mem_reg[2][7]/Q (DFFQX2M)          0.33       0.33 r
  B9/B2/U43/Y (OAI2BB2XLM)                 0.17       0.50 r
  B9/B2/mem_reg[2][7]/D (DFFQX2M)          0.00       0.50 r
  data arrival time                                   0.50

  clock REF_CLK (rise edge)                0.00       0.00
  clock network delay (ideal)              0.00       0.00
  clock uncertainty                        0.10       0.10
  B9/B2/mem_reg[2][7]/CK (DFFQX2M)         0.00       0.10 r
  library hold time                       -0.06       0.04
  data required time                                  0.04
  -----------------------------------------------------------
  data required time                                  0.04
  data arrival time                                  -0.50
  -----------------------------------------------------------
  slack (MET)                                         0.46


  Startpoint: B9/B2/mem_reg[7][4]
              (rising edge-triggered flip-flop clocked by REF_CLK)
  Endpoint: B9/B2/mem_reg[7][4]
            (rising edge-triggered flip-flop clocked by REF_CLK)
  Path Group: REF_CLK
  Path Type: min

  Point                                    Incr       Path
  -----------------------------------------------------------
  clock REF_CLK (rise edge)                0.00       0.00
  clock network delay (ideal)              0.00       0.00
  B9/B2/mem_reg[7][4]/CK (DFFQX2M)         0.00       0.00 r
  B9/B2/mem_reg[7][4]/Q (DFFQX2M)          0.33       0.33 r
  B9/B2/U45/Y (OAI2BB2XLM)                 0.17       0.50 r
  B9/B2/mem_reg[7][4]/D (DFFQX2M)          0.00       0.50 r
  data arrival time                                   0.50

  clock REF_CLK (rise edge)                0.00       0.00
  clock network delay (ideal)              0.00       0.00
  clock uncertainty                        0.10       0.10
  B9/B2/mem_reg[7][4]/CK (DFFQX2M)         0.00       0.10 r
  library hold time                       -0.06       0.04
  data required time                                  0.04
  -----------------------------------------------------------
  data required time                                  0.04
  data arrival time                                  -0.50
  -----------------------------------------------------------
  slack (MET)                                         0.46


  Startpoint: B9/B2/mem_reg[7][6]
              (rising edge-triggered flip-flop clocked by REF_CLK)
  Endpoint: B9/B2/mem_reg[7][6]
            (rising edge-triggered flip-flop clocked by REF_CLK)
  Path Group: REF_CLK
  Path Type: min

  Point                                    Incr       Path
  -----------------------------------------------------------
  clock REF_CLK (rise edge)                0.00       0.00
  clock network delay (ideal)              0.00       0.00
  B9/B2/mem_reg[7][6]/CK (DFFQX2M)         0.00       0.00 r
  B9/B2/mem_reg[7][6]/Q (DFFQX2M)          0.33       0.33 r
  B9/B2/U47/Y (OAI2BB2XLM)                 0.17       0.50 r
  B9/B2/mem_reg[7][6]/D (DFFQX2M)          0.00       0.50 r
  data arrival time                                   0.50

  clock REF_CLK (rise edge)                0.00       0.00
  clock network delay (ideal)              0.00       0.00
  clock uncertainty                        0.10       0.10
  B9/B2/mem_reg[7][6]/CK (DFFQX2M)         0.00       0.10 r
  library hold time                       -0.06       0.04
  data required time                                  0.04
  -----------------------------------------------------------
  data required time                                  0.04
  data arrival time                                  -0.50
  -----------------------------------------------------------
  slack (MET)                                         0.46


  Startpoint: B9/B2/mem_reg[7][5]
              (rising edge-triggered flip-flop clocked by REF_CLK)
  Endpoint: B9/B2/mem_reg[7][5]
            (rising edge-triggered flip-flop clocked by REF_CLK)
  Path Group: REF_CLK
  Path Type: min

  Point                                    Incr       Path
  -----------------------------------------------------------
  clock REF_CLK (rise edge)                0.00       0.00
  clock network delay (ideal)              0.00       0.00
  B9/B2/mem_reg[7][5]/CK (DFFQX2M)         0.00       0.00 r
  B9/B2/mem_reg[7][5]/Q (DFFQX2M)          0.33       0.33 r
  B9/B2/U46/Y (OAI2BB2XLM)                 0.17       0.50 r
  B9/B2/mem_reg[7][5]/D (DFFQX2M)          0.00       0.50 r
  data arrival time                                   0.50

  clock REF_CLK (rise edge)                0.00       0.00
  clock network delay (ideal)              0.00       0.00
  clock uncertainty                        0.10       0.10
  B9/B2/mem_reg[7][5]/CK (DFFQX2M)         0.00       0.10 r
  library hold time                       -0.06       0.04
  data required time                                  0.04
  -----------------------------------------------------------
  data required time                                  0.04
  data arrival time                                  -0.50
  -----------------------------------------------------------
  slack (MET)                                         0.47


  Startpoint: B9/B2/mem_reg[7][3]
              (rising edge-triggered flip-flop clocked by REF_CLK)
  Endpoint: B9/B2/mem_reg[7][3]
            (rising edge-triggered flip-flop clocked by REF_CLK)
  Path Group: REF_CLK
  Path Type: min

  Point                                    Incr       Path
  -----------------------------------------------------------
  clock REF_CLK (rise edge)                0.00       0.00
  clock network delay (ideal)              0.00       0.00
  B9/B2/mem_reg[7][3]/CK (DFFQX2M)         0.00       0.00 r
  B9/B2/mem_reg[7][3]/Q (DFFQX2M)          0.33       0.33 r
  B9/B2/U44/Y (OAI2BB2XLM)                 0.17       0.50 r
  B9/B2/mem_reg[7][3]/D (DFFQX2M)          0.00       0.50 r
  data arrival time                                   0.50

  clock REF_CLK (rise edge)                0.00       0.00
  clock network delay (ideal)              0.00       0.00
  clock uncertainty                        0.10       0.10
  B9/B2/mem_reg[7][3]/CK (DFFQX2M)         0.00       0.10 r
  library hold time                       -0.06       0.04
  data required time                                  0.04
  -----------------------------------------------------------
  data required time                                  0.04
  data arrival time                                  -0.50
  -----------------------------------------------------------
  slack (MET)                                         0.47


  Startpoint: B9/B1/waddr_reg[0]
              (rising edge-triggered flip-flop clocked by REF_CLK)
  Endpoint: B9/B1/waddr_reg[0]
            (rising edge-triggered flip-flop clocked by REF_CLK)
  Path Group: REF_CLK
  Path Type: min

  Point                                    Incr       Path
  -----------------------------------------------------------
  clock REF_CLK (rise edge)                0.00       0.00
  clock network delay (ideal)              0.00       0.00
  B9/B1/waddr_reg[0]/CK (DFFRX1M)          0.00       0.00 r
  B9/B1/waddr_reg[0]/QN (DFFRX1M)          0.38       0.38 f
  B9/B1/U19/Y (CLKXOR2X2M)                 0.18       0.56 f
  B9/B1/waddr_reg[0]/D (DFFRX1M)           0.00       0.56 f
  data arrival time                                   0.56

  clock REF_CLK (rise edge)                0.00       0.00
  clock network delay (ideal)              0.00       0.00
  clock uncertainty                        0.10       0.10
  B9/B1/waddr_reg[0]/CK (DFFRX1M)          0.00       0.10 r
  library hold time                       -0.01       0.09
  data required time                                  0.09
  -----------------------------------------------------------
  data required time                                  0.09
  data arrival time                                  -0.56
  -----------------------------------------------------------
  slack (MET)                                         0.48


  Startpoint: B5/enable_pulse_reg
              (rising edge-triggered flip-flop clocked by REF_CLK)
  Endpoint: B0/current_state_reg[1]
            (rising edge-triggered flip-flop clocked by REF_CLK)
  Path Group: REF_CLK
  Path Type: min

  Point                                                   Incr       Path
  --------------------------------------------------------------------------
  clock REF_CLK (rise edge)                               0.00       0.00
  clock network delay (ideal)                             0.00       0.00
  B5/enable_pulse_reg/CK (DFFRQX2M)                       0.00       0.00 r
  B5/enable_pulse_reg/Q (DFFRQX2M)                        0.45       0.45 r
  B5/enable_pulse (DATA_SYNC)                             0.00       0.45 r
  B0/SYNC_VALID (SYS_CTRL)                                0.00       0.45 r
  B0/U102/Y (OAI211X2M)                                   0.11       0.57 f
  B0/current_state_reg[1]/D (DFFRQX2M)                    0.00       0.57 f
  data arrival time                                                  0.57

  clock REF_CLK (rise edge)                               0.00       0.00
  clock network delay (ideal)                             0.00       0.00
  clock uncertainty                                       0.10       0.10
  B0/current_state_reg[1]/CK (DFFRQX2M)                   0.00       0.10 r
  library hold time                                      -0.02       0.08
  data required time                                                 0.08
  --------------------------------------------------------------------------
  data required time                                                 0.08
  data arrival time                                                 -0.57
  --------------------------------------------------------------------------
  slack (MET)                                                        0.49


  Startpoint: B5/p_gen_reg
              (rising edge-triggered flip-flop clocked by REF_CLK)
  Endpoint: B5/enable_pulse_reg
            (rising edge-triggered flip-flop clocked by REF_CLK)
  Path Group: REF_CLK
  Path Type: min

  Point                                    Incr       Path
  -----------------------------------------------------------
  clock REF_CLK (rise edge)                0.00       0.00
  clock network delay (ideal)              0.00       0.00
  B5/p_gen_reg/CK (DFFRQX2M)               0.00       0.00 r
  B5/p_gen_reg/Q (DFFRQX2M)                0.36       0.36 r
  B5/U4/Y (NAND2BX2M)                      0.17       0.53 r
  B5/U3/Y (INVX2M)                         0.10       0.63 f
  B5/enable_pulse_reg/D (DFFRQX2M)         0.00       0.63 f
  data arrival time                                   0.63

  clock REF_CLK (rise edge)                0.00       0.00
  clock network delay (ideal)              0.00       0.00
  clock uncertainty                        0.10       0.10
  B5/enable_pulse_reg/CK (DFFRQX2M)        0.00       0.10 r
  library hold time                       -0.02       0.08
  data required time                                  0.08
  -----------------------------------------------------------
  data required time                                  0.08
  data arrival time                                  -0.63
  -----------------------------------------------------------
  slack (MET)                                         0.55


  Startpoint: B2/OUT_VALID_reg
              (rising edge-triggered flip-flop clocked by ALU_CLK)
  Endpoint: B0/current_state_reg[3]
            (rising edge-triggered flip-flop clocked by REF_CLK)
  Path Group: REF_CLK
  Path Type: min

  Point                                                   Incr       Path
  --------------------------------------------------------------------------
  clock ALU_CLK (rise edge)                               0.00       0.00
  clock network delay (ideal)                             0.00       0.00
  B2/OUT_VALID_reg/CK (DFFRQX2M)                          0.00       0.00 r
  B2/OUT_VALID_reg/Q (DFFRQX2M)                           0.38       0.38 r
  B2/OUT_VALID (alU)                                      0.00       0.38 r
  B0/OUT_VALID (SYS_CTRL)                                 0.00       0.38 r
  B0/U97/Y (NAND2X2M)                                     0.07       0.45 f
  B0/U45/Y (OAI21X2M)                                     0.14       0.59 r
  B0/U44/Y (NAND2X2M)                                     0.05       0.64 f
  B0/current_state_reg[3]/D (DFFRQX2M)                    0.00       0.64 f
  data arrival time                                                  0.64

  clock REF_CLK (rise edge)                               0.00       0.00
  clock network delay (ideal)                             0.00       0.00
  clock uncertainty                                       0.10       0.10
  B0/current_state_reg[3]/CK (DFFRQX2M)                   0.00       0.10 r
  library hold time                                      -0.01       0.09
  data required time                                                 0.09
  --------------------------------------------------------------------------
  data required time                                                 0.09
  data arrival time                                                 -0.64
  --------------------------------------------------------------------------
  slack (MET)                                                        0.55


  Startpoint: B1/Rd_D_Vld_reg
              (rising edge-triggered flip-flop clocked by REF_CLK)
  Endpoint: B1/Rd_D_Vld_reg
            (rising edge-triggered flip-flop clocked by REF_CLK)
  Path Group: REF_CLK
  Path Type: min

  Point                                    Incr       Path
  -----------------------------------------------------------
  clock REF_CLK (rise edge)                0.00       0.00
  clock network delay (ideal)              0.00       0.00
  B1/Rd_D_Vld_reg/CK (DFFRQX2M)            0.00       0.00 r
  B1/Rd_D_Vld_reg/Q (DFFRQX2M)             0.48       0.48 f
  B1/U228/Y (OAI2BB1X2M)                   0.17       0.65 f
  B1/Rd_D_Vld_reg/D (DFFRQX2M)             0.00       0.65 f
  data arrival time                                   0.65

  clock REF_CLK (rise edge)                0.00       0.00
  clock network delay (ideal)              0.00       0.00
  clock uncertainty                        0.10       0.10
  B1/Rd_D_Vld_reg/CK (DFFRQX2M)            0.00       0.10 r
  library hold time                       -0.01       0.09
  data required time                                  0.09
  -----------------------------------------------------------
  data required time                                  0.09
  data arrival time                                  -0.65
  -----------------------------------------------------------
  slack (MET)                                         0.56


  Startpoint: B1/RegFile_reg[3][5]
              (rising edge-triggered flip-flop clocked by REF_CLK)
  Endpoint: B1/RegFile_reg[3][5]
            (rising edge-triggered flip-flop clocked by REF_CLK)
  Path Group: REF_CLK
  Path Type: min

  Point                                    Incr       Path
  -----------------------------------------------------------
  clock REF_CLK (rise edge)                0.00       0.00
  clock network delay (ideal)              0.00       0.00
  B1/RegFile_reg[3][5]/CK (DFFSQX2M)       0.00       0.00 r
  B1/RegFile_reg[3][5]/Q (DFFSQX2M)        0.47       0.47 r
  B1/U227/Y (OAI2BB2X1M)                   0.16       0.63 r
  B1/RegFile_reg[3][5]/D (DFFSQX2M)        0.00       0.63 r
  data arrival time                                   0.63

  clock REF_CLK (rise edge)                0.00       0.00
  clock network delay (ideal)              0.00       0.00
  clock uncertainty                        0.10       0.10
  B1/RegFile_reg[3][5]/CK (DFFSQX2M)       0.00       0.10 r
  library hold time                       -0.05       0.05
  data required time                                  0.05
  -----------------------------------------------------------
  data required time                                  0.05
  data arrival time                                  -0.63
  -----------------------------------------------------------
  slack (MET)                                         0.58


  Startpoint: B1/RegFile_reg[14][2]
              (rising edge-triggered flip-flop clocked by REF_CLK)
  Endpoint: B1/RegFile_reg[14][2]
            (rising edge-triggered flip-flop clocked by REF_CLK)
  Path Group: REF_CLK
  Path Type: min

  Point                                    Incr       Path
  -----------------------------------------------------------
  clock REF_CLK (rise edge)                0.00       0.00
  clock network delay (ideal)              0.00       0.00
  B1/RegFile_reg[14][2]/CK (DFFRQX2M)      0.00       0.00 r
  B1/RegFile_reg[14][2]/Q (DFFRQX2M)       0.38       0.38 r
  B1/U211/Y (OAI2BB2X1M)                   0.15       0.53 r
  B1/RegFile_reg[14][2]/D (DFFRQX2M)       0.00       0.53 r
  data arrival time                                   0.53

  clock REF_CLK (rise edge)                0.00       0.00
  clock network delay (ideal)              0.00       0.00
  clock uncertainty                        0.10       0.10
  B1/RegFile_reg[14][2]/CK (DFFRQX2M)      0.00       0.10 r
  library hold time                       -0.17      -0.07
  data required time                                 -0.07
  -----------------------------------------------------------
  data required time                                 -0.07
  data arrival time                                  -0.53
  -----------------------------------------------------------
  slack (MET)                                         0.60


  Startpoint: B1/RegFile_reg[14][1]
              (rising edge-triggered flip-flop clocked by REF_CLK)
  Endpoint: B1/RegFile_reg[14][1]
            (rising edge-triggered flip-flop clocked by REF_CLK)
  Path Group: REF_CLK
  Path Type: min

  Point                                    Incr       Path
  -----------------------------------------------------------
  clock REF_CLK (rise edge)                0.00       0.00
  clock network delay (ideal)              0.00       0.00
  B1/RegFile_reg[14][1]/CK (DFFRQX2M)      0.00       0.00 r
  B1/RegFile_reg[14][1]/Q (DFFRQX2M)       0.38       0.38 r
  B1/U210/Y (OAI2BB2X1M)                   0.15       0.53 r
  B1/RegFile_reg[14][1]/D (DFFRQX2M)       0.00       0.53 r
  data arrival time                                   0.53

  clock REF_CLK (rise edge)                0.00       0.00
  clock network delay (ideal)              0.00       0.00
  clock uncertainty                        0.10       0.10
  B1/RegFile_reg[14][1]/CK (DFFRQX2M)      0.00       0.10 r
  library hold time                       -0.17      -0.07
  data required time                                 -0.07
  -----------------------------------------------------------
  data required time                                 -0.07
  data arrival time                                  -0.53
  -----------------------------------------------------------
  slack (MET)                                         0.60


  Startpoint: B1/RegFile_reg[14][0]
              (rising edge-triggered flip-flop clocked by REF_CLK)
  Endpoint: B1/RegFile_reg[14][0]
            (rising edge-triggered flip-flop clocked by REF_CLK)
  Path Group: REF_CLK
  Path Type: min

  Point                                    Incr       Path
  -----------------------------------------------------------
  clock REF_CLK (rise edge)                0.00       0.00
  clock network delay (ideal)              0.00       0.00
  B1/RegFile_reg[14][0]/CK (DFFRQX2M)      0.00       0.00 r
  B1/RegFile_reg[14][0]/Q (DFFRQX2M)       0.38       0.38 r
  B1/U209/Y (OAI2BB2X1M)                   0.15       0.53 r
  B1/RegFile_reg[14][0]/D (DFFRQX2M)       0.00       0.53 r
  data arrival time                                   0.53

  clock REF_CLK (rise edge)                0.00       0.00
  clock network delay (ideal)              0.00       0.00
  clock uncertainty                        0.10       0.10
  B1/RegFile_reg[14][0]/CK (DFFRQX2M)      0.00       0.10 r
  library hold time                       -0.17      -0.07
  data required time                                 -0.07
  -----------------------------------------------------------
  data required time                                 -0.07
  data arrival time                                  -0.53
  -----------------------------------------------------------
  slack (MET)                                         0.60


  Startpoint: B1/RegFile_reg[10][7]
              (rising edge-triggered flip-flop clocked by REF_CLK)
  Endpoint: B1/RegFile_reg[10][7]
            (rising edge-triggered flip-flop clocked by REF_CLK)
  Path Group: REF_CLK
  Path Type: min

  Point                                    Incr       Path
  -----------------------------------------------------------
  clock REF_CLK (rise edge)                0.00       0.00
  clock network delay (ideal)              0.00       0.00
  B1/RegFile_reg[10][7]/CK (DFFRQX2M)      0.00       0.00 r
  B1/RegFile_reg[10][7]/Q (DFFRQX2M)       0.38       0.38 r
  B1/U184/Y (OAI2BB2X1M)                   0.15       0.53 r
  B1/RegFile_reg[10][7]/D (DFFRQX2M)       0.00       0.53 r
  data arrival time                                   0.53

  clock REF_CLK (rise edge)                0.00       0.00
  clock network delay (ideal)              0.00       0.00
  clock uncertainty                        0.10       0.10
  B1/RegFile_reg[10][7]/CK (DFFRQX2M)      0.00       0.10 r
  library hold time                       -0.17      -0.07
  data required time                                 -0.07
  -----------------------------------------------------------
  data required time                                 -0.07
  data arrival time                                  -0.53
  -----------------------------------------------------------
  slack (MET)                                         0.60


  Startpoint: B1/RegFile_reg[10][6]
              (rising edge-triggered flip-flop clocked by REF_CLK)
  Endpoint: B1/RegFile_reg[10][6]
            (rising edge-triggered flip-flop clocked by REF_CLK)
  Path Group: REF_CLK
  Path Type: min

  Point                                    Incr       Path
  -----------------------------------------------------------
  clock REF_CLK (rise edge)                0.00       0.00
  clock network delay (ideal)              0.00       0.00
  B1/RegFile_reg[10][6]/CK (DFFRQX2M)      0.00       0.00 r
  B1/RegFile_reg[10][6]/Q (DFFRQX2M)       0.38       0.38 r
  B1/U183/Y (OAI2BB2X1M)                   0.15       0.53 r
  B1/RegFile_reg[10][6]/D (DFFRQX2M)       0.00       0.53 r
  data arrival time                                   0.53

  clock REF_CLK (rise edge)                0.00       0.00
  clock network delay (ideal)              0.00       0.00
  clock uncertainty                        0.10       0.10
  B1/RegFile_reg[10][6]/CK (DFFRQX2M)      0.00       0.10 r
  library hold time                       -0.17      -0.07
  data required time                                 -0.07
  -----------------------------------------------------------
  data required time                                 -0.07
  data arrival time                                  -0.53
  -----------------------------------------------------------
  slack (MET)                                         0.60


  Startpoint: B1/RegFile_reg[10][5]
              (rising edge-triggered flip-flop clocked by REF_CLK)
  Endpoint: B1/RegFile_reg[10][5]
            (rising edge-triggered flip-flop clocked by REF_CLK)
  Path Group: REF_CLK
  Path Type: min

  Point                                    Incr       Path
  -----------------------------------------------------------
  clock REF_CLK (rise edge)                0.00       0.00
  clock network delay (ideal)              0.00       0.00
  B1/RegFile_reg[10][5]/CK (DFFRQX2M)      0.00       0.00 r
  B1/RegFile_reg[10][5]/Q (DFFRQX2M)       0.38       0.38 r
  B1/U182/Y (OAI2BB2X1M)                   0.15       0.53 r
  B1/RegFile_reg[10][5]/D (DFFRQX2M)       0.00       0.53 r
  data arrival time                                   0.53

  clock REF_CLK (rise edge)                0.00       0.00
  clock network delay (ideal)              0.00       0.00
  clock uncertainty                        0.10       0.10
  B1/RegFile_reg[10][5]/CK (DFFRQX2M)      0.00       0.10 r
  library hold time                       -0.17      -0.07
  data required time                                 -0.07
  -----------------------------------------------------------
  data required time                                 -0.07
  data arrival time                                  -0.53
  -----------------------------------------------------------
  slack (MET)                                         0.60


  Startpoint: B1/RegFile_reg[10][4]
              (rising edge-triggered flip-flop clocked by REF_CLK)
  Endpoint: B1/RegFile_reg[10][4]
            (rising edge-triggered flip-flop clocked by REF_CLK)
  Path Group: REF_CLK
  Path Type: min

  Point                                    Incr       Path
  -----------------------------------------------------------
  clock REF_CLK (rise edge)                0.00       0.00
  clock network delay (ideal)              0.00       0.00
  B1/RegFile_reg[10][4]/CK (DFFRQX2M)      0.00       0.00 r
  B1/RegFile_reg[10][4]/Q (DFFRQX2M)       0.38       0.38 r
  B1/U181/Y (OAI2BB2X1M)                   0.15       0.53 r
  B1/RegFile_reg[10][4]/D (DFFRQX2M)       0.00       0.53 r
  data arrival time                                   0.53

  clock REF_CLK (rise edge)                0.00       0.00
  clock network delay (ideal)              0.00       0.00
  clock uncertainty                        0.10       0.10
  B1/RegFile_reg[10][4]/CK (DFFRQX2M)      0.00       0.10 r
  library hold time                       -0.17      -0.07
  data required time                                 -0.07
  -----------------------------------------------------------
  data required time                                 -0.07
  data arrival time                                  -0.53
  -----------------------------------------------------------
  slack (MET)                                         0.60


  Startpoint: B1/RegFile_reg[10][3]
              (rising edge-triggered flip-flop clocked by REF_CLK)
  Endpoint: B1/RegFile_reg[10][3]
            (rising edge-triggered flip-flop clocked by REF_CLK)
  Path Group: REF_CLK
  Path Type: min

  Point                                    Incr       Path
  -----------------------------------------------------------
  clock REF_CLK (rise edge)                0.00       0.00
  clock network delay (ideal)              0.00       0.00
  B1/RegFile_reg[10][3]/CK (DFFRQX2M)      0.00       0.00 r
  B1/RegFile_reg[10][3]/Q (DFFRQX2M)       0.38       0.38 r
  B1/U180/Y (OAI2BB2X1M)                   0.15       0.53 r
  B1/RegFile_reg[10][3]/D (DFFRQX2M)       0.00       0.53 r
  data arrival time                                   0.53

  clock REF_CLK (rise edge)                0.00       0.00
  clock network delay (ideal)              0.00       0.00
  clock uncertainty                        0.10       0.10
  B1/RegFile_reg[10][3]/CK (DFFRQX2M)      0.00       0.10 r
  library hold time                       -0.17      -0.07
  data required time                                 -0.07
  -----------------------------------------------------------
  data required time                                 -0.07
  data arrival time                                  -0.53
  -----------------------------------------------------------
  slack (MET)                                         0.60


  Startpoint: B1/RegFile_reg[10][2]
              (rising edge-triggered flip-flop clocked by REF_CLK)
  Endpoint: B1/RegFile_reg[10][2]
            (rising edge-triggered flip-flop clocked by REF_CLK)
  Path Group: REF_CLK
  Path Type: min

  Point                                    Incr       Path
  -----------------------------------------------------------
  clock REF_CLK (rise edge)                0.00       0.00
  clock network delay (ideal)              0.00       0.00
  B1/RegFile_reg[10][2]/CK (DFFRQX2M)      0.00       0.00 r
  B1/RegFile_reg[10][2]/Q (DFFRQX2M)       0.38       0.38 r
  B1/U179/Y (OAI2BB2X1M)                   0.15       0.53 r
  B1/RegFile_reg[10][2]/D (DFFRQX2M)       0.00       0.53 r
  data arrival time                                   0.53

  clock REF_CLK (rise edge)                0.00       0.00
  clock network delay (ideal)              0.00       0.00
  clock uncertainty                        0.10       0.10
  B1/RegFile_reg[10][2]/CK (DFFRQX2M)      0.00       0.10 r
  library hold time                       -0.17      -0.07
  data required time                                 -0.07
  -----------------------------------------------------------
  data required time                                 -0.07
  data arrival time                                  -0.53
  -----------------------------------------------------------
  slack (MET)                                         0.60


  Startpoint: B1/RegFile_reg[10][1]
              (rising edge-triggered flip-flop clocked by REF_CLK)
  Endpoint: B1/RegFile_reg[10][1]
            (rising edge-triggered flip-flop clocked by REF_CLK)
  Path Group: REF_CLK
  Path Type: min

  Point                                    Incr       Path
  -----------------------------------------------------------
  clock REF_CLK (rise edge)                0.00       0.00
  clock network delay (ideal)              0.00       0.00
  B1/RegFile_reg[10][1]/CK (DFFRQX2M)      0.00       0.00 r
  B1/RegFile_reg[10][1]/Q (DFFRQX2M)       0.38       0.38 r
  B1/U178/Y (OAI2BB2X1M)                   0.15       0.53 r
  B1/RegFile_reg[10][1]/D (DFFRQX2M)       0.00       0.53 r
  data arrival time                                   0.53

  clock REF_CLK (rise edge)                0.00       0.00
  clock network delay (ideal)              0.00       0.00
  clock uncertainty                        0.10       0.10
  B1/RegFile_reg[10][1]/CK (DFFRQX2M)      0.00       0.10 r
  library hold time                       -0.17      -0.07
  data required time                                 -0.07
  -----------------------------------------------------------
  data required time                                 -0.07
  data arrival time                                  -0.53
  -----------------------------------------------------------
  slack (MET)                                         0.60


  Startpoint: B1/RegFile_reg[10][0]
              (rising edge-triggered flip-flop clocked by REF_CLK)
  Endpoint: B1/RegFile_reg[10][0]
            (rising edge-triggered flip-flop clocked by REF_CLK)
  Path Group: REF_CLK
  Path Type: min

  Point                                    Incr       Path
  -----------------------------------------------------------
  clock REF_CLK (rise edge)                0.00       0.00
  clock network delay (ideal)              0.00       0.00
  B1/RegFile_reg[10][0]/CK (DFFRQX2M)      0.00       0.00 r
  B1/RegFile_reg[10][0]/Q (DFFRQX2M)       0.38       0.38 r
  B1/U177/Y (OAI2BB2X1M)                   0.15       0.53 r
  B1/RegFile_reg[10][0]/D (DFFRQX2M)       0.00       0.53 r
  data arrival time                                   0.53

  clock REF_CLK (rise edge)                0.00       0.00
  clock network delay (ideal)              0.00       0.00
  clock uncertainty                        0.10       0.10
  B1/RegFile_reg[10][0]/CK (DFFRQX2M)      0.00       0.10 r
  library hold time                       -0.17      -0.07
  data required time                                 -0.07
  -----------------------------------------------------------
  data required time                                 -0.07
  data arrival time                                  -0.53
  -----------------------------------------------------------
  slack (MET)                                         0.60


  Startpoint: B1/RegFile_reg[6][7]
              (rising edge-triggered flip-flop clocked by REF_CLK)
  Endpoint: B1/RegFile_reg[6][7]
            (rising edge-triggered flip-flop clocked by REF_CLK)
  Path Group: REF_CLK
  Path Type: min

  Point                                    Incr       Path
  -----------------------------------------------------------
  clock REF_CLK (rise edge)                0.00       0.00
  clock network delay (ideal)              0.00       0.00
  B1/RegFile_reg[6][7]/CK (DFFRQX2M)       0.00       0.00 r
  B1/RegFile_reg[6][7]/Q (DFFRQX2M)        0.38       0.38 r
  B1/U139/Y (OAI2BB2X1M)                   0.15       0.53 r
  B1/RegFile_reg[6][7]/D (DFFRQX2M)        0.00       0.53 r
  data arrival time                                   0.53

  clock REF_CLK (rise edge)                0.00       0.00
  clock network delay (ideal)              0.00       0.00
  clock uncertainty                        0.10       0.10
  B1/RegFile_reg[6][7]/CK (DFFRQX2M)       0.00       0.10 r
  library hold time                       -0.17      -0.07
  data required time                                 -0.07
  -----------------------------------------------------------
  data required time                                 -0.07
  data arrival time                                  -0.53
  -----------------------------------------------------------
  slack (MET)                                         0.60


  Startpoint: B1/RegFile_reg[6][6]
              (rising edge-triggered flip-flop clocked by REF_CLK)
  Endpoint: B1/RegFile_reg[6][6]
            (rising edge-triggered flip-flop clocked by REF_CLK)
  Path Group: REF_CLK
  Path Type: min

  Point                                    Incr       Path
  -----------------------------------------------------------
  clock REF_CLK (rise edge)                0.00       0.00
  clock network delay (ideal)              0.00       0.00
  B1/RegFile_reg[6][6]/CK (DFFRQX2M)       0.00       0.00 r
  B1/RegFile_reg[6][6]/Q (DFFRQX2M)        0.38       0.38 r
  B1/U138/Y (OAI2BB2X1M)                   0.15       0.53 r
  B1/RegFile_reg[6][6]/D (DFFRQX2M)        0.00       0.53 r
  data arrival time                                   0.53

  clock REF_CLK (rise edge)                0.00       0.00
  clock network delay (ideal)              0.00       0.00
  clock uncertainty                        0.10       0.10
  B1/RegFile_reg[6][6]/CK (DFFRQX2M)       0.00       0.10 r
  library hold time                       -0.17      -0.07
  data required time                                 -0.07
  -----------------------------------------------------------
  data required time                                 -0.07
  data arrival time                                  -0.53
  -----------------------------------------------------------
  slack (MET)                                         0.60


  Startpoint: B1/RegFile_reg[6][5]
              (rising edge-triggered flip-flop clocked by REF_CLK)
  Endpoint: B1/RegFile_reg[6][5]
            (rising edge-triggered flip-flop clocked by REF_CLK)
  Path Group: REF_CLK
  Path Type: min

  Point                                    Incr       Path
  -----------------------------------------------------------
  clock REF_CLK (rise edge)                0.00       0.00
  clock network delay (ideal)              0.00       0.00
  B1/RegFile_reg[6][5]/CK (DFFRQX2M)       0.00       0.00 r
  B1/RegFile_reg[6][5]/Q (DFFRQX2M)        0.38       0.38 r
  B1/U137/Y (OAI2BB2X1M)                   0.15       0.53 r
  B1/RegFile_reg[6][5]/D (DFFRQX2M)        0.00       0.53 r
  data arrival time                                   0.53

  clock REF_CLK (rise edge)                0.00       0.00
  clock network delay (ideal)              0.00       0.00
  clock uncertainty                        0.10       0.10
  B1/RegFile_reg[6][5]/CK (DFFRQX2M)       0.00       0.10 r
  library hold time                       -0.17      -0.07
  data required time                                 -0.07
  -----------------------------------------------------------
  data required time                                 -0.07
  data arrival time                                  -0.53
  -----------------------------------------------------------
  slack (MET)                                         0.60


  Startpoint: B1/RegFile_reg[6][4]
              (rising edge-triggered flip-flop clocked by REF_CLK)
  Endpoint: B1/RegFile_reg[6][4]
            (rising edge-triggered flip-flop clocked by REF_CLK)
  Path Group: REF_CLK
  Path Type: min

  Point                                    Incr       Path
  -----------------------------------------------------------
  clock REF_CLK (rise edge)                0.00       0.00
  clock network delay (ideal)              0.00       0.00
  B1/RegFile_reg[6][4]/CK (DFFRQX2M)       0.00       0.00 r
  B1/RegFile_reg[6][4]/Q (DFFRQX2M)        0.38       0.38 r
  B1/U136/Y (OAI2BB2X1M)                   0.15       0.53 r
  B1/RegFile_reg[6][4]/D (DFFRQX2M)        0.00       0.53 r
  data arrival time                                   0.53

  clock REF_CLK (rise edge)                0.00       0.00
  clock network delay (ideal)              0.00       0.00
  clock uncertainty                        0.10       0.10
  B1/RegFile_reg[6][4]/CK (DFFRQX2M)       0.00       0.10 r
  library hold time                       -0.17      -0.07
  data required time                                 -0.07
  -----------------------------------------------------------
  data required time                                 -0.07
  data arrival time                                  -0.53
  -----------------------------------------------------------
  slack (MET)                                         0.60


  Startpoint: B1/RegFile_reg[6][3]
              (rising edge-triggered flip-flop clocked by REF_CLK)
  Endpoint: B1/RegFile_reg[6][3]
            (rising edge-triggered flip-flop clocked by REF_CLK)
  Path Group: REF_CLK
  Path Type: min

  Point                                    Incr       Path
  -----------------------------------------------------------
  clock REF_CLK (rise edge)                0.00       0.00
  clock network delay (ideal)              0.00       0.00
  B1/RegFile_reg[6][3]/CK (DFFRQX2M)       0.00       0.00 r
  B1/RegFile_reg[6][3]/Q (DFFRQX2M)        0.38       0.38 r
  B1/U135/Y (OAI2BB2X1M)                   0.15       0.53 r
  B1/RegFile_reg[6][3]/D (DFFRQX2M)        0.00       0.53 r
  data arrival time                                   0.53

  clock REF_CLK (rise edge)                0.00       0.00
  clock network delay (ideal)              0.00       0.00
  clock uncertainty                        0.10       0.10
  B1/RegFile_reg[6][3]/CK (DFFRQX2M)       0.00       0.10 r
  library hold time                       -0.17      -0.07
  data required time                                 -0.07
  -----------------------------------------------------------
  data required time                                 -0.07
  data arrival time                                  -0.53
  -----------------------------------------------------------
  slack (MET)                                         0.60


  Startpoint: B1/RegFile_reg[6][2]
              (rising edge-triggered flip-flop clocked by REF_CLK)
  Endpoint: B1/RegFile_reg[6][2]
            (rising edge-triggered flip-flop clocked by REF_CLK)
  Path Group: REF_CLK
  Path Type: min

  Point                                    Incr       Path
  -----------------------------------------------------------
  clock REF_CLK (rise edge)                0.00       0.00
  clock network delay (ideal)              0.00       0.00
  B1/RegFile_reg[6][2]/CK (DFFRQX2M)       0.00       0.00 r
  B1/RegFile_reg[6][2]/Q (DFFRQX2M)        0.38       0.38 r
  B1/U134/Y (OAI2BB2X1M)                   0.15       0.53 r
  B1/RegFile_reg[6][2]/D (DFFRQX2M)        0.00       0.53 r
  data arrival time                                   0.53

  clock REF_CLK (rise edge)                0.00       0.00
  clock network delay (ideal)              0.00       0.00
  clock uncertainty                        0.10       0.10
  B1/RegFile_reg[6][2]/CK (DFFRQX2M)       0.00       0.10 r
  library hold time                       -0.17      -0.07
  data required time                                 -0.07
  -----------------------------------------------------------
  data required time                                 -0.07
  data arrival time                                  -0.53
  -----------------------------------------------------------
  slack (MET)                                         0.60


  Startpoint: B1/RegFile_reg[6][1]
              (rising edge-triggered flip-flop clocked by REF_CLK)
  Endpoint: B1/RegFile_reg[6][1]
            (rising edge-triggered flip-flop clocked by REF_CLK)
  Path Group: REF_CLK
  Path Type: min

  Point                                    Incr       Path
  -----------------------------------------------------------
  clock REF_CLK (rise edge)                0.00       0.00
  clock network delay (ideal)              0.00       0.00
  B1/RegFile_reg[6][1]/CK (DFFRQX2M)       0.00       0.00 r
  B1/RegFile_reg[6][1]/Q (DFFRQX2M)        0.38       0.38 r
  B1/U133/Y (OAI2BB2X1M)                   0.15       0.53 r
  B1/RegFile_reg[6][1]/D (DFFRQX2M)        0.00       0.53 r
  data arrival time                                   0.53

  clock REF_CLK (rise edge)                0.00       0.00
  clock network delay (ideal)              0.00       0.00
  clock uncertainty                        0.10       0.10
  B1/RegFile_reg[6][1]/CK (DFFRQX2M)       0.00       0.10 r
  library hold time                       -0.17      -0.07
  data required time                                 -0.07
  -----------------------------------------------------------
  data required time                                 -0.07
  data arrival time                                  -0.53
  -----------------------------------------------------------
  slack (MET)                                         0.60


  Startpoint: B1/RegFile_reg[6][0]
              (rising edge-triggered flip-flop clocked by REF_CLK)
  Endpoint: B1/RegFile_reg[6][0]
            (rising edge-triggered flip-flop clocked by REF_CLK)
  Path Group: REF_CLK
  Path Type: min

  Point                                    Incr       Path
  -----------------------------------------------------------
  clock REF_CLK (rise edge)                0.00       0.00
  clock network delay (ideal)              0.00       0.00
  B1/RegFile_reg[6][0]/CK (DFFRQX2M)       0.00       0.00 r
  B1/RegFile_reg[6][0]/Q (DFFRQX2M)        0.38       0.38 r
  B1/U132/Y (OAI2BB2X1M)                   0.15       0.53 r
  B1/RegFile_reg[6][0]/D (DFFRQX2M)        0.00       0.53 r
  data arrival time                                   0.53

  clock REF_CLK (rise edge)                0.00       0.00
  clock network delay (ideal)              0.00       0.00
  clock uncertainty                        0.10       0.10
  B1/RegFile_reg[6][0]/CK (DFFRQX2M)       0.00       0.10 r
  library hold time                       -0.17      -0.07
  data required time                                 -0.07
  -----------------------------------------------------------
  data required time                                 -0.07
  data arrival time                                  -0.53
  -----------------------------------------------------------
  slack (MET)                                         0.60


  Startpoint: B4/B0/B6/stp_err_reg
              (rising edge-triggered flip-flop clocked by RX_CLK)
  Endpoint: Stop_Error (output port clocked by RX_CLK)
  Path Group: REGOUT
  Path Type: min

  Point                                                   Incr       Path
  --------------------------------------------------------------------------
  clock RX_CLK (rise edge)                                0.00       0.00
  clock network delay (ideal)                             0.00       0.00
  B4/B0/B6/stp_err_reg/CK (DFFRX2M)                       0.00       0.00 r
  B4/B0/B6/stp_err_reg/Q (DFFRX2M)                        0.82       0.82 f
  B4/B0/B6/stp_err (StopCheck)                            0.00       0.82 f
  B4/B0/Stop_Error (UART_RX_DATA_WIDTH8_scale_WIDTH6)     0.00       0.82 f
  B4/Stop_Error (UART_TOP)                                0.00       0.82 f
  Stop_Error (out)                                        0.00       0.82 f
  data arrival time                                                  0.82

  clock RX_CLK (rise edge)                                0.00       0.00
  clock network delay (ideal)                             0.00       0.00
  clock uncertainty                                       0.10       0.10
  output external delay                                 -54.26     -54.16
  data required time                                               -54.16
  --------------------------------------------------------------------------
  data required time                                               -54.16
  data arrival time                                                 -0.82
  --------------------------------------------------------------------------
  slack (MET)                                                       54.98


  Startpoint: B4/B0/B5/par_err_reg
              (rising edge-triggered flip-flop clocked by RX_CLK)
  Endpoint: Parity_Error
            (output port clocked by RX_CLK)
  Path Group: REGOUT
  Path Type: min

  Point                                                   Incr       Path
  --------------------------------------------------------------------------
  clock RX_CLK (rise edge)                                0.00       0.00
  clock network delay (ideal)                             0.00       0.00
  B4/B0/B5/par_err_reg/CK (DFFRX2M)                       0.00       0.00 r
  B4/B0/B5/par_err_reg/Q (DFFRX2M)                        0.83       0.83 f
  B4/B0/B5/par_err (ParityCheck)                          0.00       0.83 f
  B4/B0/Parity_Error (UART_RX_DATA_WIDTH8_scale_WIDTH6)
                                                          0.00       0.83 f
  B4/Parity_Error (UART_TOP)                              0.00       0.83 f
  Parity_Error (out)                                      0.00       0.83 f
  data arrival time                                                  0.83

  clock RX_CLK (rise edge)                                0.00       0.00
  clock network delay (ideal)                             0.00       0.00
  clock uncertainty                                       0.10       0.10
  output external delay                                 -54.26     -54.16
  data required time                                               -54.16
  --------------------------------------------------------------------------
  data required time                                               -54.16
  data arrival time                                                 -0.83
  --------------------------------------------------------------------------
  slack (MET)                                                       54.99


  Startpoint: B4/B1/B4/TX_OUT_reg
              (rising edge-triggered flip-flop clocked by TX_CLK)
  Endpoint: TX_OUT (output port clocked by TX_CLK)
  Path Group: REGOUT
  Path Type: min

  Point                                    Incr       Path
  -----------------------------------------------------------
  clock TX_CLK (rise edge)                 0.00       0.00
  clock network delay (ideal)              0.00       0.00
  B4/B1/B4/TX_OUT_reg/CK (DFFSQX2M)        0.00       0.00 r
  B4/B1/B4/TX_OUT_reg/Q (DFFSQX2M)         0.75       0.75 f
  B4/B1/B4/TX_OUT (MUXX)                   0.00       0.75 f
  B4/B1/TX_OUT (UART_TX_DATA_WIDTH8)       0.00       0.75 f
  B4/TX_OUT (UART_TOP)                     0.00       0.75 f
  TX_OUT (out)                             0.00       0.75 f
  data arrival time                                   0.75

  clock TX_CLK (rise edge)                 0.00       0.00
  clock network delay (ideal)              0.00       0.00
  clock uncertainty                        0.10       0.10
  output external delay                -1736.30   -1736.20
  data required time                              -1736.20
  -----------------------------------------------------------
  data required time                              -1736.20
  data arrival time                                  -0.75
  -----------------------------------------------------------
  slack (MET)                                      1736.95


  Startpoint: B4/B0/B3/DATA_reg[5]
              (rising edge-triggered flip-flop clocked by RX_CLK)
  Endpoint: B4/B0/B3/DATA_reg[5]
            (rising edge-triggered flip-flop clocked by RX_CLK)
  Path Group: RX_CLK
  Path Type: min

  Point                                    Incr       Path
  -----------------------------------------------------------
  clock RX_CLK (rise edge)                 0.00       0.00
  clock network delay (ideal)              0.00       0.00
  B4/B0/B3/DATA_reg[5]/CK (DFFRX1M)        0.00       0.00 r
  B4/B0/B3/DATA_reg[5]/QN (DFFRX1M)        0.35       0.35 r
  B4/B0/B3/U4/Y (OAI22X1M)                 0.07       0.42 f
  B4/B0/B3/DATA_reg[5]/D (DFFRX1M)         0.00       0.42 f
  data arrival time                                   0.42

  clock RX_CLK (rise edge)                 0.00       0.00
  clock network delay (ideal)              0.00       0.00
  clock uncertainty                        0.10       0.10
  B4/B0/B3/DATA_reg[5]/CK (DFFRX1M)        0.00       0.10 r
  library hold time                       -0.01       0.09
  data required time                                  0.09
  -----------------------------------------------------------
  data required time                                  0.09
  data arrival time                                  -0.42
  -----------------------------------------------------------
  slack (MET)                                         0.33


  Startpoint: B4/B0/B3/DATA_reg[4]
              (rising edge-triggered flip-flop clocked by RX_CLK)
  Endpoint: B4/B0/B3/DATA_reg[4]
            (rising edge-triggered flip-flop clocked by RX_CLK)
  Path Group: RX_CLK
  Path Type: min

  Point                                    Incr       Path
  -----------------------------------------------------------
  clock RX_CLK (rise edge)                 0.00       0.00
  clock network delay (ideal)              0.00       0.00
  B4/B0/B3/DATA_reg[4]/CK (DFFRX1M)        0.00       0.00 r
  B4/B0/B3/DATA_reg[4]/QN (DFFRX1M)        0.35       0.35 r
  B4/B0/B3/U5/Y (OAI22X1M)                 0.07       0.42 f
  B4/B0/B3/DATA_reg[4]/D (DFFRX1M)         0.00       0.42 f
  data arrival time                                   0.42

  clock RX_CLK (rise edge)                 0.00       0.00
  clock network delay (ideal)              0.00       0.00
  clock uncertainty                        0.10       0.10
  B4/B0/B3/DATA_reg[4]/CK (DFFRX1M)        0.00       0.10 r
  library hold time                       -0.01       0.09
  data required time                                  0.09
  -----------------------------------------------------------
  data required time                                  0.09
  data arrival time                                  -0.42
  -----------------------------------------------------------
  slack (MET)                                         0.33


  Startpoint: B4/B0/B3/DATA_reg[3]
              (rising edge-triggered flip-flop clocked by RX_CLK)
  Endpoint: B4/B0/B3/DATA_reg[3]
            (rising edge-triggered flip-flop clocked by RX_CLK)
  Path Group: RX_CLK
  Path Type: min

  Point                                    Incr       Path
  -----------------------------------------------------------
  clock RX_CLK (rise edge)                 0.00       0.00
  clock network delay (ideal)              0.00       0.00
  B4/B0/B3/DATA_reg[3]/CK (DFFRX1M)        0.00       0.00 r
  B4/B0/B3/DATA_reg[3]/QN (DFFRX1M)        0.35       0.35 r
  B4/B0/B3/U6/Y (OAI22X1M)                 0.07       0.42 f
  B4/B0/B3/DATA_reg[3]/D (DFFRX1M)         0.00       0.42 f
  data arrival time                                   0.42

  clock RX_CLK (rise edge)                 0.00       0.00
  clock network delay (ideal)              0.00       0.00
  clock uncertainty                        0.10       0.10
  B4/B0/B3/DATA_reg[3]/CK (DFFRX1M)        0.00       0.10 r
  library hold time                       -0.01       0.09
  data required time                                  0.09
  -----------------------------------------------------------
  data required time                                  0.09
  data arrival time                                  -0.42
  -----------------------------------------------------------
  slack (MET)                                         0.33


  Startpoint: B4/B0/B3/DATA_reg[2]
              (rising edge-triggered flip-flop clocked by RX_CLK)
  Endpoint: B4/B0/B3/DATA_reg[2]
            (rising edge-triggered flip-flop clocked by RX_CLK)
  Path Group: RX_CLK
  Path Type: min

  Point                                    Incr       Path
  -----------------------------------------------------------
  clock RX_CLK (rise edge)                 0.00       0.00
  clock network delay (ideal)              0.00       0.00
  B4/B0/B3/DATA_reg[2]/CK (DFFRX1M)        0.00       0.00 r
  B4/B0/B3/DATA_reg[2]/QN (DFFRX1M)        0.35       0.35 r
  B4/B0/B3/U7/Y (OAI22X1M)                 0.07       0.42 f
  B4/B0/B3/DATA_reg[2]/D (DFFRX1M)         0.00       0.42 f
  data arrival time                                   0.42

  clock RX_CLK (rise edge)                 0.00       0.00
  clock network delay (ideal)              0.00       0.00
  clock uncertainty                        0.10       0.10
  B4/B0/B3/DATA_reg[2]/CK (DFFRX1M)        0.00       0.10 r
  library hold time                       -0.01       0.09
  data required time                                  0.09
  -----------------------------------------------------------
  data required time                                  0.09
  data arrival time                                  -0.42
  -----------------------------------------------------------
  slack (MET)                                         0.33


  Startpoint: B4/B0/B3/DATA_reg[1]
              (rising edge-triggered flip-flop clocked by RX_CLK)
  Endpoint: B4/B0/B3/DATA_reg[1]
            (rising edge-triggered flip-flop clocked by RX_CLK)
  Path Group: RX_CLK
  Path Type: min

  Point                                    Incr       Path
  -----------------------------------------------------------
  clock RX_CLK (rise edge)                 0.00       0.00
  clock network delay (ideal)              0.00       0.00
  B4/B0/B3/DATA_reg[1]/CK (DFFRX1M)        0.00       0.00 r
  B4/B0/B3/DATA_reg[1]/QN (DFFRX1M)        0.35       0.35 r
  B4/B0/B3/U8/Y (OAI22X1M)                 0.07       0.42 f
  B4/B0/B3/DATA_reg[1]/D (DFFRX1M)         0.00       0.42 f
  data arrival time                                   0.42

  clock RX_CLK (rise edge)                 0.00       0.00
  clock network delay (ideal)              0.00       0.00
  clock uncertainty                        0.10       0.10
  B4/B0/B3/DATA_reg[1]/CK (DFFRX1M)        0.00       0.10 r
  library hold time                       -0.01       0.09
  data required time                                  0.09
  -----------------------------------------------------------
  data required time                                  0.09
  data arrival time                                  -0.42
  -----------------------------------------------------------
  slack (MET)                                         0.33


  Startpoint: B4/B0/B3/DATA_reg[6]
              (rising edge-triggered flip-flop clocked by RX_CLK)
  Endpoint: B4/B0/B3/DATA_reg[6]
            (rising edge-triggered flip-flop clocked by RX_CLK)
  Path Group: RX_CLK
  Path Type: min

  Point                                    Incr       Path
  -----------------------------------------------------------
  clock RX_CLK (rise edge)                 0.00       0.00
  clock network delay (ideal)              0.00       0.00
  B4/B0/B3/DATA_reg[6]/CK (DFFRX1M)        0.00       0.00 r
  B4/B0/B3/DATA_reg[6]/QN (DFFRX1M)        0.35       0.35 r
  B4/B0/B3/U3/Y (OAI22X1M)                 0.07       0.42 f
  B4/B0/B3/DATA_reg[6]/D (DFFRX1M)         0.00       0.42 f
  data arrival time                                   0.42

  clock RX_CLK (rise edge)                 0.00       0.00
  clock network delay (ideal)              0.00       0.00
  clock uncertainty                        0.10       0.10
  B4/B0/B3/DATA_reg[6]/CK (DFFRX1M)        0.00       0.10 r
  library hold time                       -0.01       0.09
  data required time                                  0.09
  -----------------------------------------------------------
  data required time                                  0.09
  data arrival time                                  -0.42
  -----------------------------------------------------------
  slack (MET)                                         0.33


  Startpoint: B4/B0/B3/DATA_reg[6]
              (rising edge-triggered flip-flop clocked by RX_CLK)
  Endpoint: B4/B0/B3/DATA_reg[7]
            (rising edge-triggered flip-flop clocked by RX_CLK)
  Path Group: RX_CLK
  Path Type: min

  Point                                    Incr       Path
  -----------------------------------------------------------
  clock RX_CLK (rise edge)                 0.00       0.00
  clock network delay (ideal)              0.00       0.00
  B4/B0/B3/DATA_reg[6]/CK (DFFRX1M)        0.00       0.00 r
  B4/B0/B3/DATA_reg[6]/QN (DFFRX1M)        0.35       0.35 r
  B4/B0/B3/U10/Y (OAI2BB2X1M)              0.08       0.43 f
  B4/B0/B3/DATA_reg[7]/D (DFFRX1M)         0.00       0.43 f
  data arrival time                                   0.43

  clock RX_CLK (rise edge)                 0.00       0.00
  clock network delay (ideal)              0.00       0.00
  clock uncertainty                        0.10       0.10
  B4/B0/B3/DATA_reg[7]/CK (DFFRX1M)        0.00       0.10 r
  library hold time                       -0.01       0.09
  data required time                                  0.09
  -----------------------------------------------------------
  data required time                                  0.09
  data arrival time                                  -0.43
  -----------------------------------------------------------
  slack (MET)                                         0.35


  Startpoint: B4/B0/B3/DATA_reg[0]
              (rising edge-triggered flip-flop clocked by RX_CLK)
  Endpoint: B4/B0/B3/DATA_reg[0]
            (rising edge-triggered flip-flop clocked by RX_CLK)
  Path Group: RX_CLK
  Path Type: min

  Point                                    Incr       Path
  -----------------------------------------------------------
  clock RX_CLK (rise edge)                 0.00       0.00
  clock network delay (ideal)              0.00       0.00
  B4/B0/B3/DATA_reg[0]/CK (DFFRX1M)        0.00       0.00 r
  B4/B0/B3/DATA_reg[0]/QN (DFFRX1M)        0.35       0.35 r
  B4/B0/B3/U11/Y (OAI2BB2X1M)              0.10       0.45 f
  B4/B0/B3/DATA_reg[0]/D (DFFRX1M)         0.00       0.45 f
  data arrival time                                   0.45

  clock RX_CLK (rise edge)                 0.00       0.00
  clock network delay (ideal)              0.00       0.00
  clock uncertainty                        0.10       0.10
  B4/B0/B3/DATA_reg[0]/CK (DFFRX1M)        0.00       0.10 r
  library hold time                       -0.02       0.08
  data required time                                  0.08
  -----------------------------------------------------------
  data required time                                  0.08
  data arrival time                                  -0.45
  -----------------------------------------------------------
  slack (MET)                                         0.36


  Startpoint: B4/B0/B1/bit_cnt_reg[2]
              (rising edge-triggered flip-flop clocked by RX_CLK)
  Endpoint: B4/B0/B1/bit_cnt_reg[2]
            (rising edge-triggered flip-flop clocked by RX_CLK)
  Path Group: RX_CLK
  Path Type: min

  Point                                                   Incr       Path
  --------------------------------------------------------------------------
  clock RX_CLK (rise edge)                                0.00       0.00
  clock network delay (ideal)                             0.00       0.00
  B4/B0/B1/bit_cnt_reg[2]/CK (DFFRX1M)                    0.00       0.00 r
  B4/B0/B1/bit_cnt_reg[2]/QN (DFFRX1M)                    0.34       0.34 f
  B4/B0/B1/U63/Y (AOI32X1M)                               0.17       0.51 r
  B4/B0/B1/U61/Y (AOI2B1X1M)                              0.08       0.59 f
  B4/B0/B1/bit_cnt_reg[2]/D (DFFRX1M)                     0.00       0.59 f
  data arrival time                                                  0.59

  clock RX_CLK (rise edge)                                0.00       0.00
  clock network delay (ideal)                             0.00       0.00
  clock uncertainty                                       0.10       0.10
  B4/B0/B1/bit_cnt_reg[2]/CK (DFFRX1M)                    0.00       0.10 r
  library hold time                                      -0.02       0.08
  data required time                                                 0.08
  --------------------------------------------------------------------------
  data required time                                                 0.08
  data arrival time                                                 -0.59
  --------------------------------------------------------------------------
  slack (MET)                                                        0.51


  Startpoint: B4/B0/B0/current_state_reg[2]
              (rising edge-triggered flip-flop clocked by RX_CLK)
  Endpoint: B4/B0/B0/current_state_reg[0]
            (rising edge-triggered flip-flop clocked by RX_CLK)
  Path Group: RX_CLK
  Path Type: min

  Point                                                   Incr       Path
  --------------------------------------------------------------------------
  clock RX_CLK (rise edge)                                0.00       0.00
  clock network delay (ideal)                             0.00       0.00
  B4/B0/B0/current_state_reg[2]/CK (DFFRX1M)              0.00       0.00 r
  B4/B0/B0/current_state_reg[2]/QN (DFFRX1M)              0.40       0.40 f
  B4/B0/B0/U49/Y (NAND3X2M)                               0.15       0.56 r
  B4/B0/B0/U23/Y (OAI22X1M)                               0.06       0.62 f
  B4/B0/B0/current_state_reg[0]/D (DFFRX1M)               0.00       0.62 f
  data arrival time                                                  0.62

  clock RX_CLK (rise edge)                                0.00       0.00
  clock network delay (ideal)                             0.00       0.00
  clock uncertainty                                       0.10       0.10
  B4/B0/B0/current_state_reg[0]/CK (DFFRX1M)              0.00       0.10 r
  library hold time                                      -0.01       0.09
  data required time                                                 0.09
  --------------------------------------------------------------------------
  data required time                                                 0.09
  data arrival time                                                 -0.62
  --------------------------------------------------------------------------
  slack (MET)                                                        0.53


  Startpoint: B4/B0/B1/bit_cnt_reg[1]
              (rising edge-triggered flip-flop clocked by RX_CLK)
  Endpoint: B4/B0/B1/bit_cnt_reg[1]
            (rising edge-triggered flip-flop clocked by RX_CLK)
  Path Group: RX_CLK
  Path Type: min

  Point                                                   Incr       Path
  --------------------------------------------------------------------------
  clock RX_CLK (rise edge)                                0.00       0.00
  clock network delay (ideal)                             0.00       0.00
  B4/B0/B1/bit_cnt_reg[1]/CK (DFFRX1M)                    0.00       0.00 r
  B4/B0/B1/bit_cnt_reg[1]/QN (DFFRX1M)                    0.37       0.37 f
  B4/B0/B1/U67/Y (AOI32X1M)                               0.18       0.55 r
  B4/B0/B1/U65/Y (AOI2B1X1M)                              0.08       0.63 f
  B4/B0/B1/bit_cnt_reg[1]/D (DFFRX1M)                     0.00       0.63 f
  data arrival time                                                  0.63

  clock RX_CLK (rise edge)                                0.00       0.00
  clock network delay (ideal)                             0.00       0.00
  clock uncertainty                                       0.10       0.10
  B4/B0/B1/bit_cnt_reg[1]/CK (DFFRX1M)                    0.00       0.10 r
  library hold time                                      -0.02       0.08
  data required time                                                 0.08
  --------------------------------------------------------------------------
  data required time                                                 0.08
  data arrival time                                                 -0.63
  --------------------------------------------------------------------------
  slack (MET)                                                        0.55


  Startpoint: B4/B0/B1/bit_cnt_reg[3]
              (rising edge-triggered flip-flop clocked by RX_CLK)
  Endpoint: B4/B0/B1/bit_cnt_reg[3]
            (rising edge-triggered flip-flop clocked by RX_CLK)
  Path Group: RX_CLK
  Path Type: min

  Point                                                   Incr       Path
  --------------------------------------------------------------------------
  clock RX_CLK (rise edge)                                0.00       0.00
  clock network delay (ideal)                             0.00       0.00
  B4/B0/B1/bit_cnt_reg[3]/CK (DFFRX1M)                    0.00       0.00 r
  B4/B0/B1/bit_cnt_reg[3]/QN (DFFRX1M)                    0.40       0.40 r
  B4/B0/B1/U70/Y (OAI222X1M)                              0.12       0.51 f
  B4/B0/B1/U69/Y (AND2X2M)                                0.14       0.66 f
  B4/B0/B1/bit_cnt_reg[3]/D (DFFRX1M)                     0.00       0.66 f
  data arrival time                                                  0.66

  clock RX_CLK (rise edge)                                0.00       0.00
  clock network delay (ideal)                             0.00       0.00
  clock uncertainty                                       0.10       0.10
  B4/B0/B1/bit_cnt_reg[3]/CK (DFFRX1M)                    0.00       0.10 r
  library hold time                                      -0.01       0.09
  data required time                                                 0.09
  --------------------------------------------------------------------------
  data required time                                                 0.09
  data arrival time                                                 -0.66
  --------------------------------------------------------------------------
  slack (MET)                                                        0.57


  Startpoint: B4/B0/B2/sampled_bit_reg
              (rising edge-triggered flip-flop clocked by RX_CLK)
  Endpoint: B4/B0/B6/stp_err_reg
            (rising edge-triggered flip-flop clocked by RX_CLK)
  Path Group: RX_CLK
  Path Type: min

  Point                                                   Incr       Path
  --------------------------------------------------------------------------
  clock RX_CLK (rise edge)                                0.00       0.00
  clock network delay (ideal)                             0.00       0.00
  B4/B0/B2/sampled_bit_reg/CK (DFFRX1M)                   0.00       0.00 r
  B4/B0/B2/sampled_bit_reg/Q (DFFRX1M)                    0.56       0.56 r
  B4/B0/B2/sampled_bit (data_sampling_scale_WIDTH6)       0.00       0.56 r
  B4/B0/B6/sampled_bit (StopCheck)                        0.00       0.56 r
  B4/B0/B6/U2/Y (OAI2BB2X1M)                              0.10       0.65 f
  B4/B0/B6/stp_err_reg/D (DFFRX2M)                        0.00       0.65 f
  data arrival time                                                  0.65

  clock RX_CLK (rise edge)                                0.00       0.00
  clock network delay (ideal)                             0.00       0.00
  clock uncertainty                                       0.10       0.10
  B4/B0/B6/stp_err_reg/CK (DFFRX2M)                       0.00       0.10 r
  library hold time                                      -0.02       0.08
  data required time                                                 0.08
  --------------------------------------------------------------------------
  data required time                                                 0.08
  data arrival time                                                 -0.65
  --------------------------------------------------------------------------
  slack (MET)                                                        0.57


  Startpoint: B4/B0/B0/current_state_reg[0]
              (rising edge-triggered flip-flop clocked by RX_CLK)
  Endpoint: B4/B0/B0/current_state_reg[2]
            (rising edge-triggered flip-flop clocked by RX_CLK)
  Path Group: RX_CLK
  Path Type: min

  Point                                                   Incr       Path
  --------------------------------------------------------------------------
  clock RX_CLK (rise edge)                                0.00       0.00
  clock network delay (ideal)                             0.00       0.00
  B4/B0/B0/current_state_reg[0]/CK (DFFRX1M)              0.00       0.00 r
  B4/B0/B0/current_state_reg[0]/QN (DFFRX1M)              0.40       0.40 f
  B4/B0/B0/U48/Y (NAND3X2M)                               0.18       0.58 r
  B4/B0/B0/U8/Y (OAI21X2M)                                0.09       0.66 f
  B4/B0/B0/current_state_reg[2]/D (DFFRX1M)               0.00       0.66 f
  data arrival time                                                  0.66

  clock RX_CLK (rise edge)                                0.00       0.00
  clock network delay (ideal)                             0.00       0.00
  clock uncertainty                                       0.10       0.10
  B4/B0/B0/current_state_reg[2]/CK (DFFRX1M)              0.00       0.10 r
  library hold time                                      -0.01       0.09
  data required time                                                 0.09
  --------------------------------------------------------------------------
  data required time                                                 0.09
  data arrival time                                                 -0.66
  --------------------------------------------------------------------------
  slack (MET)                                                        0.58


  Startpoint: B4/B0/B2/samples_reg[2]
              (rising edge-triggered flip-flop clocked by RX_CLK)
  Endpoint: B4/B0/B2/samples_reg[2]
            (rising edge-triggered flip-flop clocked by RX_CLK)
  Path Group: RX_CLK
  Path Type: min

  Point                                                   Incr       Path
  --------------------------------------------------------------------------
  clock RX_CLK (rise edge)                                0.00       0.00
  clock network delay (ideal)                             0.00       0.00
  B4/B0/B2/samples_reg[2]/CK (DFFRX1M)                    0.00       0.00 r
  B4/B0/B2/samples_reg[2]/Q (DFFRX1M)                     0.50       0.50 f
  B4/B0/B2/U14/Y (OAI2BB2X1M)                             0.20       0.70 f
  B4/B0/B2/samples_reg[2]/D (DFFRX1M)                     0.00       0.70 f
  data arrival time                                                  0.70

  clock RX_CLK (rise edge)                                0.00       0.00
  clock network delay (ideal)                             0.00       0.00
  clock uncertainty                                       0.10       0.10
  B4/B0/B2/samples_reg[2]/CK (DFFRX1M)                    0.00       0.10 r
  library hold time                                      -0.01       0.09
  data required time                                                 0.09
  --------------------------------------------------------------------------
  data required time                                                 0.09
  data arrival time                                                 -0.70
  --------------------------------------------------------------------------
  slack (MET)                                                        0.61


  Startpoint: B4/B0/B0/current_state_reg[0]
              (rising edge-triggered flip-flop clocked by RX_CLK)
  Endpoint: B4/B0/B0/current_state_reg[1]
            (rising edge-triggered flip-flop clocked by RX_CLK)
  Path Group: RX_CLK
  Path Type: min

  Point                                                   Incr       Path
  --------------------------------------------------------------------------
  clock RX_CLK (rise edge)                                0.00       0.00
  clock network delay (ideal)                             0.00       0.00
  B4/B0/B0/current_state_reg[0]/CK (DFFRX1M)              0.00       0.00 r
  B4/B0/B0/current_state_reg[0]/QN (DFFRX1M)              0.40       0.40 f
  B4/B0/B0/U48/Y (NAND3X2M)                               0.18       0.58 r
  B4/B0/B0/U44/Y (OAI211X2M)                              0.12       0.70 f
  B4/B0/B0/current_state_reg[1]/D (DFFRX1M)               0.00       0.70 f
  data arrival time                                                  0.70

  clock RX_CLK (rise edge)                                0.00       0.00
  clock network delay (ideal)                             0.00       0.00
  clock uncertainty                                       0.10       0.10
  B4/B0/B0/current_state_reg[1]/CK (DFFRX1M)              0.00       0.10 r
  library hold time                                      -0.01       0.09
  data required time                                                 0.09
  --------------------------------------------------------------------------
  data required time                                                 0.09
  data arrival time                                                 -0.70
  --------------------------------------------------------------------------
  slack (MET)                                                        0.61


  Startpoint: B4/B0/B0/current_state_reg[0]
              (rising edge-triggered flip-flop clocked by RX_CLK)
  Endpoint: B4/B0/B4/strt_glitch_reg
            (rising edge-triggered flip-flop clocked by RX_CLK)
  Path Group: RX_CLK
  Path Type: min

  Point                                                   Incr       Path
  --------------------------------------------------------------------------
  clock RX_CLK (rise edge)                                0.00       0.00
  clock network delay (ideal)                             0.00       0.00
  B4/B0/B0/current_state_reg[0]/CK (DFFRX1M)              0.00       0.00 r
  B4/B0/B0/current_state_reg[0]/QN (DFFRX1M)              0.42       0.42 r
  B4/B0/B0/U56/Y (NOR3X2M)                                0.08       0.50 f
  B4/B0/B0/strt_chk_en (UART_RX_FSM_scale_WIDTH6)         0.00       0.50 f
  B4/B0/B4/strt_chk_en (StartCheck)                       0.00       0.50 f
  B4/B0/B4/U2/Y (AO2B2X2M)                                0.23       0.72 f
  B4/B0/B4/strt_glitch_reg/D (DFFRX1M)                    0.00       0.72 f
  data arrival time                                                  0.72

  clock RX_CLK (rise edge)                                0.00       0.00
  clock network delay (ideal)                             0.00       0.00
  clock uncertainty                                       0.10       0.10
  B4/B0/B4/strt_glitch_reg/CK (DFFRX1M)                   0.00       0.10 r
  library hold time                                      -0.01       0.09
  data required time                                                 0.09
  --------------------------------------------------------------------------
  data required time                                                 0.09
  data arrival time                                                 -0.72
  --------------------------------------------------------------------------
  slack (MET)                                                        0.64


  Startpoint: B4/B0/B0/current_state_reg[0]
              (rising edge-triggered flip-flop clocked by RX_CLK)
  Endpoint: B4/B0/B5/par_err_reg
            (rising edge-triggered flip-flop clocked by RX_CLK)
  Path Group: RX_CLK
  Path Type: min

  Point                                                   Incr       Path
  --------------------------------------------------------------------------
  clock RX_CLK (rise edge)                                0.00       0.00
  clock network delay (ideal)                             0.00       0.00
  B4/B0/B0/current_state_reg[0]/CK (DFFRX1M)              0.00       0.00 r
  B4/B0/B0/current_state_reg[0]/QN (DFFRX1M)              0.40       0.40 f
  B4/B0/B0/U51/Y (NAND3X2M)                               0.13       0.52 r
  B4/B0/B0/U7/Y (NOR2X2M)                                 0.06       0.58 f
  B4/B0/B0/par_chk_en (UART_RX_FSM_scale_WIDTH6)          0.00       0.58 f
  B4/B0/B5/par_chk_en (ParityCheck)                       0.00       0.58 f
  B4/B0/B5/U8/Y (INVX2M)                                  0.05       0.64 r
  B4/B0/B5/U6/Y (OAI2BB2X1M)                              0.09       0.72 f
  B4/B0/B5/par_err_reg/D (DFFRX2M)                        0.00       0.72 f
  data arrival time                                                  0.72

  clock RX_CLK (rise edge)                                0.00       0.00
  clock network delay (ideal)                             0.00       0.00
  clock uncertainty                                       0.10       0.10
  B4/B0/B5/par_err_reg/CK (DFFRX2M)                       0.00       0.10 r
  library hold time                                      -0.02       0.08
  data required time                                                 0.08
  --------------------------------------------------------------------------
  data required time                                                 0.08
  data arrival time                                                 -0.72
  --------------------------------------------------------------------------
  slack (MET)                                                        0.64


  Startpoint: B4/B0/B2/samples_reg[0]
              (rising edge-triggered flip-flop clocked by RX_CLK)
  Endpoint: B4/B0/B2/samples_reg[0]
            (rising edge-triggered flip-flop clocked by RX_CLK)
  Path Group: RX_CLK
  Path Type: min

  Point                                                   Incr       Path
  --------------------------------------------------------------------------
  clock RX_CLK (rise edge)                                0.00       0.00
  clock network delay (ideal)                             0.00       0.00
  B4/B0/B2/samples_reg[0]/CK (DFFRX1M)                    0.00       0.00 r
  B4/B0/B2/samples_reg[0]/Q (DFFRX1M)                     0.52       0.52 f
  B4/B0/B2/U6/Y (OAI2BB2X1M)                              0.20       0.73 f
  B4/B0/B2/samples_reg[0]/D (DFFRX1M)                     0.00       0.73 f
  data arrival time                                                  0.73

  clock RX_CLK (rise edge)                                0.00       0.00
  clock network delay (ideal)                             0.00       0.00
  clock uncertainty                                       0.10       0.10
  B4/B0/B2/samples_reg[0]/CK (DFFRX1M)                    0.00       0.10 r
  library hold time                                      -0.01       0.09
  data required time                                                 0.09
  --------------------------------------------------------------------------
  data required time                                                 0.09
  data arrival time                                                 -0.73
  --------------------------------------------------------------------------
  slack (MET)                                                        0.64


  Startpoint: B4/B0/B2/samples_reg[1]
              (rising edge-triggered flip-flop clocked by RX_CLK)
  Endpoint: B4/B0/B2/samples_reg[1]
            (rising edge-triggered flip-flop clocked by RX_CLK)
  Path Group: RX_CLK
  Path Type: min

  Point                                                   Incr       Path
  --------------------------------------------------------------------------
  clock RX_CLK (rise edge)                                0.00       0.00
  clock network delay (ideal)                             0.00       0.00
  B4/B0/B2/samples_reg[1]/CK (DFFRX1M)                    0.00       0.00 r
  B4/B0/B2/samples_reg[1]/Q (DFFRX1M)                     0.53       0.53 f
  B4/B0/B2/U10/Y (OAI2BB2X1M)                             0.20       0.73 f
  B4/B0/B2/samples_reg[1]/D (DFFRX1M)                     0.00       0.73 f
  data arrival time                                                  0.73

  clock RX_CLK (rise edge)                                0.00       0.00
  clock network delay (ideal)                             0.00       0.00
  clock uncertainty                                       0.10       0.10
  B4/B0/B2/samples_reg[1]/CK (DFFRX1M)                    0.00       0.10 r
  library hold time                                      -0.01       0.09
  data required time                                                 0.09
  --------------------------------------------------------------------------
  data required time                                                 0.09
  data arrival time                                                 -0.73
  --------------------------------------------------------------------------
  slack (MET)                                                        0.64


  Startpoint: B4/B0/B2/samples_reg[1]
              (rising edge-triggered flip-flop clocked by RX_CLK)
  Endpoint: B4/B0/B2/sampled_bit_reg
            (rising edge-triggered flip-flop clocked by RX_CLK)
  Path Group: RX_CLK
  Path Type: min

  Point                                                   Incr       Path
  --------------------------------------------------------------------------
  clock RX_CLK (rise edge)                                0.00       0.00
  clock network delay (ideal)                             0.00       0.00
  B4/B0/B2/samples_reg[1]/CK (DFFRX1M)                    0.00       0.00 r
  B4/B0/B2/samples_reg[1]/Q (DFFRX1M)                     0.53       0.53 f
  B4/B0/B2/U21/Y (AOI21X2M)                               0.13       0.66 r
  B4/B0/B2/U20/Y (OAI2BB2X1M)                             0.08       0.74 f
  B4/B0/B2/sampled_bit_reg/D (DFFRX1M)                    0.00       0.74 f
  data arrival time                                                  0.74

  clock RX_CLK (rise edge)                                0.00       0.00
  clock network delay (ideal)                             0.00       0.00
  clock uncertainty                                       0.10       0.10
  B4/B0/B2/sampled_bit_reg/CK (DFFRX1M)                   0.00       0.10 r
  library hold time                                      -0.01       0.09
  data required time                                                 0.09
  --------------------------------------------------------------------------
  data required time                                                 0.09
  data arrival time                                                 -0.74
  --------------------------------------------------------------------------
  slack (MET)                                                        0.65


  Startpoint: B4/B0/B1/bit_cnt_reg[0]
              (rising edge-triggered flip-flop clocked by RX_CLK)
  Endpoint: B4/B0/B1/bit_cnt_reg[0]
            (rising edge-triggered flip-flop clocked by RX_CLK)
  Path Group: RX_CLK
  Path Type: min

  Point                                                   Incr       Path
  --------------------------------------------------------------------------
  clock RX_CLK (rise edge)                                0.00       0.00
  clock network delay (ideal)                             0.00       0.00
  B4/B0/B1/bit_cnt_reg[0]/CK (DFFSQX2M)                   0.00       0.00 r
  B4/B0/B1/bit_cnt_reg[0]/Q (DFFSQX2M)                    0.54       0.54 r
  B4/B0/B1/U57/Y (AOI2B1X1M)                              0.14       0.68 f
  B4/B0/B1/U54/Y (OAI211X2M)                              0.08       0.76 r
  B4/B0/B1/bit_cnt_reg[0]/D (DFFSQX2M)                    0.00       0.76 r
  data arrival time                                                  0.76

  clock RX_CLK (rise edge)                                0.00       0.00
  clock network delay (ideal)                             0.00       0.00
  clock uncertainty                                       0.10       0.10
  B4/B0/B1/bit_cnt_reg[0]/CK (DFFSQX2M)                   0.00       0.10 r
  library hold time                                      -0.05       0.05
  data required time                                                 0.05
  --------------------------------------------------------------------------
  data required time                                                 0.05
  data arrival time                                                 -0.76
  --------------------------------------------------------------------------
  slack (MET)                                                        0.71


  Startpoint: B4/B0/B1/edge_cnt_reg[0]
              (rising edge-triggered flip-flop clocked by RX_CLK)
  Endpoint: B4/B0/B1/edge_cnt_reg[1]
            (rising edge-triggered flip-flop clocked by RX_CLK)
  Path Group: RX_CLK
  Path Type: min

  Point                                                   Incr       Path
  --------------------------------------------------------------------------
  clock RX_CLK (rise edge)                                0.00       0.00
  clock network delay (ideal)                             0.00       0.00
  B4/B0/B1/edge_cnt_reg[0]/CK (DFFSQX2M)                  0.00       0.00 r
  B4/B0/B1/edge_cnt_reg[0]/Q (DFFSQX2M)                   0.52       0.52 r
  B4/B0/B1/U91/Y (AND2X2M)                                0.18       0.70 r
  B4/B0/B1/U90/S (ADDHX1M)                                0.06       0.76 f
  B4/B0/B1/U22/Y (AOI222X1M)                              0.14       0.90 r
  B4/B0/B1/U21/Y (NOR2X2M)                                0.06       0.96 f
  B4/B0/B1/edge_cnt_reg[1]/D (DFFRX1M)                    0.00       0.96 f
  data arrival time                                                  0.96

  clock RX_CLK (rise edge)                                0.00       0.00
  clock network delay (ideal)                             0.00       0.00
  clock uncertainty                                       0.10       0.10
  B4/B0/B1/edge_cnt_reg[1]/CK (DFFRX1M)                   0.00       0.10 r
  library hold time                                      -0.01       0.09
  data required time                                                 0.09
  --------------------------------------------------------------------------
  data required time                                                 0.09
  data arrival time                                                 -0.96
  --------------------------------------------------------------------------
  slack (MET)                                                        0.87


  Startpoint: B4/B0/B0/current_state_reg[2]
              (rising edge-triggered flip-flop clocked by RX_CLK)
  Endpoint: B4/B0/B1/edge_cnt_reg[5]
            (rising edge-triggered flip-flop clocked by RX_CLK)
  Path Group: RX_CLK
  Path Type: min

  Point                                                   Incr       Path
  --------------------------------------------------------------------------
  clock RX_CLK (rise edge)                                0.00       0.00
  clock network delay (ideal)                             0.00       0.00
  B4/B0/B0/current_state_reg[2]/CK (DFFRX1M)              0.00       0.00 r
  B4/B0/B0/current_state_reg[2]/Q (DFFRX1M)               0.53       0.53 r
  B4/B0/B0/U22/Y (OAI21X2M)                               0.08       0.61 f
  B4/B0/B0/enable (UART_RX_FSM_scale_WIDTH6)              0.00       0.61 f
  B4/B0/B1/enable (edge_bit_counter_scale_WIDTH6)         0.00       0.61 f
  B4/B0/B1/U59/Y (NAND3BX2M)                              0.07       0.68 r
  B4/B0/B1/U58/Y (BUFX2M)                                 0.23       0.91 r
  B4/B0/B1/U29/Y (NOR2X2M)                                0.07       0.98 f
  B4/B0/B1/edge_cnt_reg[5]/D (DFFRX1M)                    0.00       0.98 f
  data arrival time                                                  0.98

  clock RX_CLK (rise edge)                                0.00       0.00
  clock network delay (ideal)                             0.00       0.00
  clock uncertainty                                       0.10       0.10
  B4/B0/B1/edge_cnt_reg[5]/CK (DFFRX1M)                   0.00       0.10 r
  library hold time                                      -0.01       0.09
  data required time                                                 0.09
  --------------------------------------------------------------------------
  data required time                                                 0.09
  data arrival time                                                 -0.98
  --------------------------------------------------------------------------
  slack (MET)                                                        0.89


  Startpoint: B4/B0/B0/current_state_reg[2]
              (rising edge-triggered flip-flop clocked by RX_CLK)
  Endpoint: B4/B0/B1/edge_cnt_reg[2]
            (rising edge-triggered flip-flop clocked by RX_CLK)
  Path Group: RX_CLK
  Path Type: min

  Point                                                   Incr       Path
  --------------------------------------------------------------------------
  clock RX_CLK (rise edge)                                0.00       0.00
  clock network delay (ideal)                             0.00       0.00
  B4/B0/B0/current_state_reg[2]/CK (DFFRX1M)              0.00       0.00 r
  B4/B0/B0/current_state_reg[2]/Q (DFFRX1M)               0.53       0.53 r
  B4/B0/B0/U22/Y (OAI21X2M)                               0.08       0.61 f
  B4/B0/B0/enable (UART_RX_FSM_scale_WIDTH6)              0.00       0.61 f
  B4/B0/B1/enable (edge_bit_counter_scale_WIDTH6)         0.00       0.61 f
  B4/B0/B1/U59/Y (NAND3BX2M)                              0.07       0.68 r
  B4/B0/B1/U58/Y (BUFX2M)                                 0.23       0.91 r
  B4/B0/B1/U23/Y (NOR2X2M)                                0.07       0.98 f
  B4/B0/B1/edge_cnt_reg[2]/D (DFFRX1M)                    0.00       0.98 f
  data arrival time                                                  0.98

  clock RX_CLK (rise edge)                                0.00       0.00
  clock network delay (ideal)                             0.00       0.00
  clock uncertainty                                       0.10       0.10
  B4/B0/B1/edge_cnt_reg[2]/CK (DFFRX1M)                   0.00       0.10 r
  library hold time                                      -0.01       0.09
  data required time                                                 0.09
  --------------------------------------------------------------------------
  data required time                                                 0.09
  data arrival time                                                 -0.98
  --------------------------------------------------------------------------
  slack (MET)                                                        0.89


  Startpoint: B4/B0/B0/current_state_reg[2]
              (rising edge-triggered flip-flop clocked by RX_CLK)
  Endpoint: B4/B0/B1/edge_cnt_reg[3]
            (rising edge-triggered flip-flop clocked by RX_CLK)
  Path Group: RX_CLK
  Path Type: min

  Point                                                   Incr       Path
  --------------------------------------------------------------------------
  clock RX_CLK (rise edge)                                0.00       0.00
  clock network delay (ideal)                             0.00       0.00
  B4/B0/B0/current_state_reg[2]/CK (DFFRX1M)              0.00       0.00 r
  B4/B0/B0/current_state_reg[2]/Q (DFFRX1M)               0.53       0.53 r
  B4/B0/B0/U22/Y (OAI21X2M)                               0.08       0.61 f
  B4/B0/B0/enable (UART_RX_FSM_scale_WIDTH6)              0.00       0.61 f
  B4/B0/B1/enable (edge_bit_counter_scale_WIDTH6)         0.00       0.61 f
  B4/B0/B1/U59/Y (NAND3BX2M)                              0.07       0.68 r
  B4/B0/B1/U58/Y (BUFX2M)                                 0.23       0.91 r
  B4/B0/B1/U25/Y (NOR2X2M)                                0.07       0.98 f
  B4/B0/B1/edge_cnt_reg[3]/D (DFFRX1M)                    0.00       0.98 f
  data arrival time                                                  0.98

  clock RX_CLK (rise edge)                                0.00       0.00
  clock network delay (ideal)                             0.00       0.00
  clock uncertainty                                       0.10       0.10
  B4/B0/B1/edge_cnt_reg[3]/CK (DFFRX1M)                   0.00       0.10 r
  library hold time                                      -0.01       0.09
  data required time                                                 0.09
  --------------------------------------------------------------------------
  data required time                                                 0.09
  data arrival time                                                 -0.98
  --------------------------------------------------------------------------
  slack (MET)                                                        0.89


  Startpoint: B4/B0/B0/current_state_reg[2]
              (rising edge-triggered flip-flop clocked by RX_CLK)
  Endpoint: B4/B0/B1/edge_cnt_reg[4]
            (rising edge-triggered flip-flop clocked by RX_CLK)
  Path Group: RX_CLK
  Path Type: min

  Point                                                   Incr       Path
  --------------------------------------------------------------------------
  clock RX_CLK (rise edge)                                0.00       0.00
  clock network delay (ideal)                             0.00       0.00
  B4/B0/B0/current_state_reg[2]/CK (DFFRX1M)              0.00       0.00 r
  B4/B0/B0/current_state_reg[2]/Q (DFFRX1M)               0.53       0.53 r
  B4/B0/B0/U22/Y (OAI21X2M)                               0.08       0.61 f
  B4/B0/B0/enable (UART_RX_FSM_scale_WIDTH6)              0.00       0.61 f
  B4/B0/B1/enable (edge_bit_counter_scale_WIDTH6)         0.00       0.61 f
  B4/B0/B1/U59/Y (NAND3BX2M)                              0.07       0.68 r
  B4/B0/B1/U58/Y (BUFX2M)                                 0.23       0.91 r
  B4/B0/B1/U27/Y (NOR2X2M)                                0.07       0.98 f
  B4/B0/B1/edge_cnt_reg[4]/D (DFFRX1M)                    0.00       0.98 f
  data arrival time                                                  0.98

  clock RX_CLK (rise edge)                                0.00       0.00
  clock network delay (ideal)                             0.00       0.00
  clock uncertainty                                       0.10       0.10
  B4/B0/B1/edge_cnt_reg[4]/CK (DFFRX1M)                   0.00       0.10 r
  library hold time                                      -0.01       0.09
  data required time                                                 0.09
  --------------------------------------------------------------------------
  data required time                                                 0.09
  data arrival time                                                 -0.98
  --------------------------------------------------------------------------
  slack (MET)                                                        0.89


  Startpoint: B4/B0/B1/edge_cnt_reg[0]
              (rising edge-triggered flip-flop clocked by RX_CLK)
  Endpoint: B4/B0/B1/edge_cnt_reg[0]
            (rising edge-triggered flip-flop clocked by RX_CLK)
  Path Group: RX_CLK
  Path Type: min

  Point                                                   Incr       Path
  --------------------------------------------------------------------------
  clock RX_CLK (rise edge)                                0.00       0.00
  clock network delay (ideal)                             0.00       0.00
  B4/B0/B1/edge_cnt_reg[0]/CK (DFFSQX2M)                  0.00       0.00 r
  B4/B0/B1/edge_cnt_reg[0]/Q (DFFSQX2M)                   0.53       0.53 f
  B4/B0/B1/U91/Y (AND2X2M)                                0.19       0.71 f
  B4/B0/B1/U18/Y (INVX2M)                                 0.05       0.76 r
  B4/B0/B1/U17/Y (OAI2B11X2M)                             0.20       0.96 r
  B4/B0/B1/edge_cnt_reg[0]/D (DFFSQX2M)                   0.00       0.96 r
  data arrival time                                                  0.96

  clock RX_CLK (rise edge)                                0.00       0.00
  clock network delay (ideal)                             0.00       0.00
  clock uncertainty                                       0.10       0.10
  B4/B0/B1/edge_cnt_reg[0]/CK (DFFSQX2M)                  0.00       0.10 r
  library hold time                                      -0.05       0.05
  data required time                                                 0.05
  --------------------------------------------------------------------------
  data required time                                                 0.05
  data arrival time                                                 -0.96
  --------------------------------------------------------------------------
  slack (MET)                                                        0.91


  Startpoint: B4/B1/B0/Data_reg[5]
              (rising edge-triggered flip-flop clocked by TX_CLK)
  Endpoint: B4/B1/B0/Data_reg[4]
            (rising edge-triggered flip-flop clocked by TX_CLK)
  Path Group: TX_CLK
  Path Type: min

  Point                                    Incr       Path
  -----------------------------------------------------------
  clock TX_CLK (rise edge)                 0.00       0.00
  clock network delay (ideal)              0.00       0.00
  B4/B1/B0/Data_reg[5]/CK (DFFRHQX1M)      0.00       0.00 r
  B4/B1/B0/Data_reg[5]/Q (DFFRHQX1M)       0.26       0.26 f
  B4/B1/B0/U21/Y (AOI22XLM)                0.10       0.35 r
  B4/B1/B0/U20/Y (OAI2BB1XLM)              0.08       0.43 f
  B4/B1/B0/Data_reg[4]/D (DFFRQX1M)        0.00       0.43 f
  data arrival time                                   0.43

  clock TX_CLK (rise edge)                 0.00       0.00
  clock network delay (ideal)              0.00       0.00
  clock uncertainty                        0.10       0.10
  B4/B1/B0/Data_reg[4]/CK (DFFRQX1M)       0.00       0.10 r
  library hold time                       -0.01       0.09
  data required time                                  0.09
  -----------------------------------------------------------
  data required time                                  0.09
  data arrival time                                  -0.43
  -----------------------------------------------------------
  slack (MET)                                         0.34


  Startpoint: B4/B1/B0/Data_reg[5]
              (rising edge-triggered flip-flop clocked by TX_CLK)
  Endpoint: B4/B1/B0/Data_reg[5]
            (rising edge-triggered flip-flop clocked by TX_CLK)
  Path Group: TX_CLK
  Path Type: min

  Point                                    Incr       Path
  -----------------------------------------------------------
  clock TX_CLK (rise edge)                 0.00       0.00
  clock network delay (ideal)              0.00       0.00
  B4/B1/B0/Data_reg[5]/CK (DFFRHQX1M)      0.00       0.00 r
  B4/B1/B0/Data_reg[5]/Q (DFFRHQX1M)       0.26       0.26 f
  B4/B1/B0/U22/Y (OAI2BB1XLM)              0.18       0.43 f
  B4/B1/B0/Data_reg[5]/D (DFFRHQX1M)       0.00       0.43 f
  data arrival time                                   0.43

  clock TX_CLK (rise edge)                 0.00       0.00
  clock network delay (ideal)              0.00       0.00
  clock uncertainty                        0.10       0.10
  B4/B1/B0/Data_reg[5]/CK (DFFRHQX1M)      0.00       0.10 r
  library hold time                       -0.06       0.04
  data required time                                  0.04
  -----------------------------------------------------------
  data required time                                  0.04
  data arrival time                                  -0.43
  -----------------------------------------------------------
  slack (MET)                                         0.39


  Startpoint: B4/B1/B0/counter_reg[0]
              (rising edge-triggered flip-flop clocked by TX_CLK)
  Endpoint: B4/B1/B0/counter_reg[0]
            (rising edge-triggered flip-flop clocked by TX_CLK)
  Path Group: TX_CLK
  Path Type: min

  Point                                                   Incr       Path
  --------------------------------------------------------------------------
  clock TX_CLK (rise edge)                                0.00       0.00
  clock network delay (ideal)                             0.00       0.00
  B4/B1/B0/counter_reg[0]/CK (DFFRQX2M)                   0.00       0.00 r
  B4/B1/B0/counter_reg[0]/Q (DFFRQX2M)                    0.42       0.42 r
  B4/B1/B0/U33/Y (NOR2X2M)                                0.06       0.49 f
  B4/B1/B0/counter_reg[0]/D (DFFRQX2M)                    0.00       0.49 f
  data arrival time                                                  0.49

  clock TX_CLK (rise edge)                                0.00       0.00
  clock network delay (ideal)                             0.00       0.00
  clock uncertainty                                       0.10       0.10
  B4/B1/B0/counter_reg[0]/CK (DFFRQX2M)                   0.00       0.10 r
  library hold time                                      -0.01       0.09
  data required time                                                 0.09
  --------------------------------------------------------------------------
  data required time                                                 0.09
  data arrival time                                                 -0.49
  --------------------------------------------------------------------------
  slack (MET)                                                        0.40


  Startpoint: B4/B1/B1/current_state_reg[2]
              (rising edge-triggered flip-flop clocked by TX_CLK)
  Endpoint: B4/B1/B1/current_state_reg[1]
            (rising edge-triggered flip-flop clocked by TX_CLK)
  Path Group: TX_CLK
  Path Type: min

  Point                                                   Incr       Path
  --------------------------------------------------------------------------
  clock TX_CLK (rise edge)                                0.00       0.00
  clock network delay (ideal)                             0.00       0.00
  B4/B1/B1/current_state_reg[2]/CK (DFFRQX2M)             0.00       0.00 r
  B4/B1/B1/current_state_reg[2]/Q (DFFRQX2M)              0.42       0.42 r
  B4/B1/B1/U15/Y (OAI21X2M)                               0.07       0.50 f
  B4/B1/B1/current_state_reg[1]/D (DFFRX1M)               0.00       0.50 f
  data arrival time                                                  0.50

  clock TX_CLK (rise edge)                                0.00       0.00
  clock network delay (ideal)                             0.00       0.00
  clock uncertainty                                       0.10       0.10
  B4/B1/B1/current_state_reg[1]/CK (DFFRX1M)              0.00       0.10 r
  library hold time                                      -0.01       0.09
  data required time                                                 0.09
  --------------------------------------------------------------------------
  data required time                                                 0.09
  data arrival time                                                 -0.50
  --------------------------------------------------------------------------
  slack (MET)                                                        0.41


  Startpoint: B4/B1/B0/Data_reg[0]
              (rising edge-triggered flip-flop clocked by TX_CLK)
  Endpoint: B4/B1/B4/TX_OUT_reg
            (rising edge-triggered flip-flop clocked by TX_CLK)
  Path Group: TX_CLK
  Path Type: min

  Point                                                   Incr       Path
  --------------------------------------------------------------------------
  clock TX_CLK (rise edge)                                0.00       0.00
  clock network delay (ideal)                             0.00       0.00
  B4/B1/B0/Data_reg[0]/CK (DFFRQX2M)                      0.00       0.00 r
  B4/B1/B0/Data_reg[0]/Q (DFFRQX2M)                       0.38       0.38 r
  B4/B1/B0/ser_data (serializer_DATA_WIDTH8)              0.00       0.38 r
  B4/B1/B4/ser_data (MUXX)                                0.00       0.38 r
  B4/B1/B4/U4/Y (NAND3X2M)                                0.10       0.48 f
  B4/B1/B4/U3/Y (OAI21X2M)                                0.06       0.54 r
  B4/B1/B4/TX_OUT_reg/D (DFFSQX2M)                        0.00       0.54 r
  data arrival time                                                  0.54

  clock TX_CLK (rise edge)                                0.00       0.00
  clock network delay (ideal)                             0.00       0.00
  clock uncertainty                                       0.10       0.10
  B4/B1/B4/TX_OUT_reg/CK (DFFSQX2M)                       0.00       0.10 r
  library hold time                                      -0.05       0.05
  data required time                                                 0.05
  --------------------------------------------------------------------------
  data required time                                                 0.05
  data arrival time                                                 -0.54
  --------------------------------------------------------------------------
  slack (MET)                                                        0.49


  Startpoint: B4/B1/B1/current_state_reg[1]
              (rising edge-triggered flip-flop clocked by TX_CLK)
  Endpoint: B4/B1/B1/current_state_reg[2]
            (rising edge-triggered flip-flop clocked by TX_CLK)
  Path Group: TX_CLK
  Path Type: min

  Point                                                   Incr       Path
  --------------------------------------------------------------------------
  clock TX_CLK (rise edge)                                0.00       0.00
  clock network delay (ideal)                             0.00       0.00
  B4/B1/B1/current_state_reg[1]/CK (DFFRX1M)              0.00       0.00 r
  B4/B1/B1/current_state_reg[1]/QN (DFFRX1M)              0.37       0.37 r
  B4/B1/B1/U10/Y (NOR2X2M)                                0.08       0.45 f
  B4/B1/B1/U6/Y (NOR2BX2M)                                0.13       0.58 f
  B4/B1/B1/current_state_reg[2]/D (DFFRQX2M)              0.00       0.58 f
  data arrival time                                                  0.58

  clock TX_CLK (rise edge)                                0.00       0.00
  clock network delay (ideal)                             0.00       0.00
  clock uncertainty                                       0.10       0.10
  B4/B1/B1/current_state_reg[2]/CK (DFFRQX2M)             0.00       0.10 r
  library hold time                                      -0.01       0.09
  data required time                                                 0.09
  --------------------------------------------------------------------------
  data required time                                                 0.09
  data arrival time                                                 -0.58
  --------------------------------------------------------------------------
  slack (MET)                                                        0.50


  Startpoint: B4/B1/B1/current_state_reg[1]
              (rising edge-triggered flip-flop clocked by TX_CLK)
  Endpoint: B4/B1/B1/current_state_reg[0]
            (rising edge-triggered flip-flop clocked by TX_CLK)
  Path Group: TX_CLK
  Path Type: min

  Point                                                   Incr       Path
  --------------------------------------------------------------------------
  clock TX_CLK (rise edge)                                0.00       0.00
  clock network delay (ideal)                             0.00       0.00
  B4/B1/B1/current_state_reg[1]/CK (DFFRX1M)              0.00       0.00 r
  B4/B1/B1/current_state_reg[1]/Q (DFFRX1M)               0.52       0.52 r
  B4/B1/B1/U13/Y (OAI22X1M)                               0.09       0.61 f
  B4/B1/B1/current_state_reg[0]/D (DFFRQX2M)              0.00       0.61 f
  data arrival time                                                  0.61

  clock TX_CLK (rise edge)                                0.00       0.00
  clock network delay (ideal)                             0.00       0.00
  clock uncertainty                                       0.10       0.10
  B4/B1/B1/current_state_reg[0]/CK (DFFRQX2M)             0.00       0.10 r
  library hold time                                      -0.02       0.08
  data required time                                                 0.08
  --------------------------------------------------------------------------
  data required time                                                 0.08
  data arrival time                                                 -0.61
  --------------------------------------------------------------------------
  slack (MET)                                                        0.52


  Startpoint: B4/B1/B0/Data_reg[6]
              (rising edge-triggered flip-flop clocked by TX_CLK)
  Endpoint: B4/B1/B0/Data_reg[6]
            (rising edge-triggered flip-flop clocked by TX_CLK)
  Path Group: TX_CLK
  Path Type: min

  Point                                    Incr       Path
  -----------------------------------------------------------
  clock TX_CLK (rise edge)                 0.00       0.00
  clock network delay (ideal)              0.00       0.00
  B4/B1/B0/Data_reg[6]/CK (DFFRQX2M)       0.00       0.00 r
  B4/B1/B0/Data_reg[6]/Q (DFFRQX2M)        0.47       0.47 f
  B4/B1/B0/U28/Y (OAI2BB1X2M)              0.15       0.62 f
  B4/B1/B0/Data_reg[6]/D (DFFRQX2M)        0.00       0.62 f
  data arrival time                                   0.62

  clock TX_CLK (rise edge)                 0.00       0.00
  clock network delay (ideal)              0.00       0.00
  clock uncertainty                        0.10       0.10
  B4/B1/B0/Data_reg[6]/CK (DFFRQX2M)       0.00       0.10 r
  library hold time                       -0.02       0.08
  data required time                                  0.08
  -----------------------------------------------------------
  data required time                                  0.08
  data arrival time                                  -0.62
  -----------------------------------------------------------
  slack (MET)                                         0.53


  Startpoint: B4/B1/B2/DATA_reg[6]
              (rising edge-triggered flip-flop clocked by TX_CLK)
  Endpoint: B4/B1/B2/DATA_reg[6]
            (rising edge-triggered flip-flop clocked by TX_CLK)
  Path Group: TX_CLK
  Path Type: min

  Point                                    Incr       Path
  -----------------------------------------------------------
  clock TX_CLK (rise edge)                 0.00       0.00
  clock network delay (ideal)              0.00       0.00
  B4/B1/B2/DATA_reg[6]/CK (DFFRQX2M)       0.00       0.00 r
  B4/B1/B2/DATA_reg[6]/Q (DFFRQX2M)        0.48       0.48 f
  B4/B1/B2/U8/Y (AO2B2X4M)                 0.15       0.63 f
  B4/B1/B2/DATA_reg[6]/D (DFFRQX2M)        0.00       0.63 f
  data arrival time                                   0.63

  clock TX_CLK (rise edge)                 0.00       0.00
  clock network delay (ideal)              0.00       0.00
  clock uncertainty                        0.10       0.10
  B4/B1/B2/DATA_reg[6]/CK (DFFRQX2M)       0.00       0.10 r
  library hold time                       -0.02       0.08
  data required time                                  0.08
  -----------------------------------------------------------
  data required time                                  0.08
  data arrival time                                  -0.63
  -----------------------------------------------------------
  slack (MET)                                         0.55


  Startpoint: B4/B1/B0/counter_reg[1]
              (rising edge-triggered flip-flop clocked by TX_CLK)
  Endpoint: B4/B1/B0/counter_reg[2]
            (rising edge-triggered flip-flop clocked by TX_CLK)
  Path Group: TX_CLK
  Path Type: min

  Point                                                   Incr       Path
  --------------------------------------------------------------------------
  clock TX_CLK (rise edge)                                0.00       0.00
  clock network delay (ideal)                             0.00       0.00
  B4/B1/B0/counter_reg[1]/CK (DFFRQX2M)                   0.00       0.00 r
  B4/B1/B0/counter_reg[1]/Q (DFFRQX2M)                    0.40       0.40 r
  B4/B1/B0/U37/Y (INVX2M)                                 0.06       0.46 f
  B4/B1/B0/U31/Y (AOI32X1M)                               0.09       0.55 r
  B4/B1/B0/U30/Y (OAI2BB2X1M)                             0.08       0.63 f
  B4/B1/B0/counter_reg[2]/D (DFFRQX2M)                    0.00       0.63 f
  data arrival time                                                  0.63

  clock TX_CLK (rise edge)                                0.00       0.00
  clock network delay (ideal)                             0.00       0.00
  clock uncertainty                                       0.10       0.10
  B4/B1/B0/counter_reg[2]/CK (DFFRQX2M)                   0.00       0.10 r
  library hold time                                      -0.02       0.08
  data required time                                                 0.08
  --------------------------------------------------------------------------
  data required time                                                 0.08
  data arrival time                                                 -0.63
  --------------------------------------------------------------------------
  slack (MET)                                                        0.55


  Startpoint: B4/B1/B0/counter_reg[0]
              (rising edge-triggered flip-flop clocked by TX_CLK)
  Endpoint: B4/B1/B0/counter_reg[1]
            (rising edge-triggered flip-flop clocked by TX_CLK)
  Path Group: TX_CLK
  Path Type: min

  Point                                                   Incr       Path
  --------------------------------------------------------------------------
  clock TX_CLK (rise edge)                                0.00       0.00
  clock network delay (ideal)                             0.00       0.00
  B4/B1/B0/counter_reg[0]/CK (DFFRQX2M)                   0.00       0.00 r
  B4/B1/B0/counter_reg[0]/Q (DFFRQX2M)                    0.42       0.42 r
  B4/B1/B0/U36/Y (CLKXOR2X2M)                             0.17       0.60 r
  B4/B1/B0/U35/Y (NOR2X2M)                                0.04       0.64 f
  B4/B1/B0/counter_reg[1]/D (DFFRQX2M)                    0.00       0.64 f
  data arrival time                                                  0.64

  clock TX_CLK (rise edge)                                0.00       0.00
  clock network delay (ideal)                             0.00       0.00
  clock uncertainty                                       0.10       0.10
  B4/B1/B0/counter_reg[1]/CK (DFFRQX2M)                   0.00       0.10 r
  library hold time                                      -0.01       0.09
  data required time                                                 0.09
  --------------------------------------------------------------------------
  data required time                                                 0.09
  data arrival time                                                 -0.64
  --------------------------------------------------------------------------
  slack (MET)                                                        0.55


  Startpoint: B4/B1/B0/Data_reg[3]
              (rising edge-triggered flip-flop clocked by TX_CLK)
  Endpoint: B4/B1/B0/Data_reg[3]
            (rising edge-triggered flip-flop clocked by TX_CLK)
  Path Group: TX_CLK
  Path Type: min

  Point                                    Incr       Path
  -----------------------------------------------------------
  clock TX_CLK (rise edge)                 0.00       0.00
  clock network delay (ideal)              0.00       0.00
  B4/B1/B0/Data_reg[3]/CK (DFFRQX1M)       0.00       0.00 r
  B4/B1/B0/Data_reg[3]/Q (DFFRQX1M)        0.50       0.50 f
  B4/B1/B0/U7/Y (OAI2BB1X2M)               0.15       0.65 f
  B4/B1/B0/Data_reg[3]/D (DFFRQX1M)        0.00       0.65 f
  data arrival time                                   0.65

  clock TX_CLK (rise edge)                 0.00       0.00
  clock network delay (ideal)              0.00       0.00
  clock uncertainty                        0.10       0.10
  B4/B1/B0/Data_reg[3]/CK (DFFRQX1M)       0.00       0.10 r
  library hold time                        0.00       0.10
  data required time                                  0.10
  -----------------------------------------------------------
  data required time                                  0.10
  data arrival time                                  -0.65
  -----------------------------------------------------------
  slack (MET)                                         0.55


  Startpoint: B4/B1/B0/Data_reg[1]
              (rising edge-triggered flip-flop clocked by TX_CLK)
  Endpoint: B4/B1/B0/Data_reg[1]
            (rising edge-triggered flip-flop clocked by TX_CLK)
  Path Group: TX_CLK
  Path Type: min

  Point                                    Incr       Path
  -----------------------------------------------------------
  clock TX_CLK (rise edge)                 0.00       0.00
  clock network delay (ideal)              0.00       0.00
  B4/B1/B0/Data_reg[1]/CK (DFFRQX2M)       0.00       0.00 r
  B4/B1/B0/Data_reg[1]/Q (DFFRQX2M)        0.48       0.48 f
  B4/B1/B0/U16/Y (OAI2BB1X2M)              0.17       0.65 f
  B4/B1/B0/Data_reg[1]/D (DFFRQX2M)        0.00       0.65 f
  data arrival time                                   0.65

  clock TX_CLK (rise edge)                 0.00       0.00
  clock network delay (ideal)              0.00       0.00
  clock uncertainty                        0.10       0.10
  B4/B1/B0/Data_reg[1]/CK (DFFRQX2M)       0.00       0.10 r
  library hold time                       -0.01       0.09
  data required time                                  0.09
  -----------------------------------------------------------
  data required time                                  0.09
  data arrival time                                  -0.65
  -----------------------------------------------------------
  slack (MET)                                         0.56


  Startpoint: B4/B1/B2/DATA_reg[1]
              (rising edge-triggered flip-flop clocked by TX_CLK)
  Endpoint: B4/B1/B2/DATA_reg[1]
            (rising edge-triggered flip-flop clocked by TX_CLK)
  Path Group: TX_CLK
  Path Type: min

  Point                                    Incr       Path
  -----------------------------------------------------------
  clock TX_CLK (rise edge)                 0.00       0.00
  clock network delay (ideal)              0.00       0.00
  B4/B1/B2/DATA_reg[1]/CK (DFFRQX2M)       0.00       0.00 r
  B4/B1/B2/DATA_reg[1]/Q (DFFRQX2M)        0.47       0.47 f
  B4/B1/B2/U9/Y (AO2B2X2M)                 0.18       0.66 f
  B4/B1/B2/DATA_reg[1]/D (DFFRQX2M)        0.00       0.66 f
  data arrival time                                   0.66

  clock TX_CLK (rise edge)                 0.00       0.00
  clock network delay (ideal)              0.00       0.00
  clock uncertainty                        0.10       0.10
  B4/B1/B2/DATA_reg[1]/CK (DFFRQX2M)       0.00       0.10 r
  library hold time                       -0.02       0.08
  data required time                                  0.08
  -----------------------------------------------------------
  data required time                                  0.08
  data arrival time                                  -0.66
  -----------------------------------------------------------
  slack (MET)                                         0.57


  Startpoint: B4/B1/B0/Data_reg[2]
              (rising edge-triggered flip-flop clocked by TX_CLK)
  Endpoint: B4/B1/B0/Data_reg[2]
            (rising edge-triggered flip-flop clocked by TX_CLK)
  Path Group: TX_CLK
  Path Type: min

  Point                                    Incr       Path
  -----------------------------------------------------------
  clock TX_CLK (rise edge)                 0.00       0.00
  clock network delay (ideal)              0.00       0.00
  B4/B1/B0/Data_reg[2]/CK (DFFRQX1M)       0.00       0.00 r
  B4/B1/B0/Data_reg[2]/Q (DFFRQX1M)        0.50       0.50 f
  B4/B1/B0/U19/Y (OAI2BB1XLM)              0.17       0.67 f
  B4/B1/B0/Data_reg[2]/D (DFFRQX1M)        0.00       0.67 f
  data arrival time                                   0.67

  clock TX_CLK (rise edge)                 0.00       0.00
  clock network delay (ideal)              0.00       0.00
  clock uncertainty                        0.10       0.10
  B4/B1/B0/Data_reg[2]/CK (DFFRQX1M)       0.00       0.10 r
  library hold time                       -0.01       0.09
  data required time                                  0.09
  -----------------------------------------------------------
  data required time                                  0.09
  data arrival time                                  -0.67
  -----------------------------------------------------------
  slack (MET)                                         0.58


  Startpoint: B4/B1/B2/DATA_reg[4]
              (rising edge-triggered flip-flop clocked by TX_CLK)
  Endpoint: B4/B1/B2/DATA_reg[4]
            (rising edge-triggered flip-flop clocked by TX_CLK)
  Path Group: TX_CLK
  Path Type: min

  Point                                    Incr       Path
  -----------------------------------------------------------
  clock TX_CLK (rise edge)                 0.00       0.00
  clock network delay (ideal)              0.00       0.00
  B4/B1/B2/DATA_reg[4]/CK (DFFRQX2M)       0.00       0.00 r
  B4/B1/B2/DATA_reg[4]/Q (DFFRQX2M)        0.47       0.47 f
  B4/B1/B2/U14/Y (AO2B2X2M)                0.18       0.66 f
  B4/B1/B2/DATA_reg[4]/D (DFFRQX2M)        0.00       0.66 f
  data arrival time                                   0.66

  clock TX_CLK (rise edge)                 0.00       0.00
  clock network delay (ideal)              0.00       0.00
  clock uncertainty                        0.10       0.10
  B4/B1/B2/DATA_reg[4]/CK (DFFRQX2M)       0.00       0.10 r
  library hold time                       -0.02       0.08
  data required time                                  0.08
  -----------------------------------------------------------
  data required time                                  0.08
  data arrival time                                  -0.66
  -----------------------------------------------------------
  slack (MET)                                         0.58


  Startpoint: B4/B1/B2/DATA_reg[2]
              (rising edge-triggered flip-flop clocked by TX_CLK)
  Endpoint: B4/B1/B2/DATA_reg[2]
            (rising edge-triggered flip-flop clocked by TX_CLK)
  Path Group: TX_CLK
  Path Type: min

  Point                                    Incr       Path
  -----------------------------------------------------------
  clock TX_CLK (rise edge)                 0.00       0.00
  clock network delay (ideal)              0.00       0.00
  B4/B1/B2/DATA_reg[2]/CK (DFFRQX2M)       0.00       0.00 r
  B4/B1/B2/DATA_reg[2]/Q (DFFRQX2M)        0.48       0.48 f
  B4/B1/B2/U10/Y (AO2B2X2M)                0.18       0.66 f
  B4/B1/B2/DATA_reg[2]/D (DFFRQX2M)        0.00       0.66 f
  data arrival time                                   0.66

  clock TX_CLK (rise edge)                 0.00       0.00
  clock network delay (ideal)              0.00       0.00
  clock uncertainty                        0.10       0.10
  B4/B1/B2/DATA_reg[2]/CK (DFFRQX2M)       0.00       0.10 r
  library hold time                       -0.02       0.08
  data required time                                  0.08
  -----------------------------------------------------------
  data required time                                  0.08
  data arrival time                                  -0.66
  -----------------------------------------------------------
  slack (MET)                                         0.58


  Startpoint: B4/B1/B0/Data_reg[0]
              (rising edge-triggered flip-flop clocked by TX_CLK)
  Endpoint: B4/B1/B0/Data_reg[0]
            (rising edge-triggered flip-flop clocked by TX_CLK)
  Path Group: TX_CLK
  Path Type: min

  Point                                    Incr       Path
  -----------------------------------------------------------
  clock TX_CLK (rise edge)                 0.00       0.00
  clock network delay (ideal)              0.00       0.00
  B4/B1/B0/Data_reg[0]/CK (DFFRQX2M)       0.00       0.00 r
  B4/B1/B0/Data_reg[0]/Q (DFFRQX2M)        0.38       0.38 r
  B4/B1/B0/U4/Y (OAI2BB1X1M)               0.14       0.52 r
  B4/B1/B0/Data_reg[0]/D (DFFRQX2M)        0.00       0.52 r
  data arrival time                                   0.52

  clock TX_CLK (rise edge)                 0.00       0.00
  clock network delay (ideal)              0.00       0.00
  clock uncertainty                        0.10       0.10
  B4/B1/B0/Data_reg[0]/CK (DFFRQX2M)       0.00       0.10 r
  library hold time                       -0.17      -0.07
  data required time                                 -0.07
  -----------------------------------------------------------
  data required time                                 -0.07
  data arrival time                                  -0.52
  -----------------------------------------------------------
  slack (MET)                                         0.58


  Startpoint: B4/B1/B2/parity_bit_reg
              (rising edge-triggered flip-flop clocked by TX_CLK)
  Endpoint: B4/B1/B2/parity_bit_reg
            (rising edge-triggered flip-flop clocked by TX_CLK)
  Path Group: TX_CLK
  Path Type: min

  Point                                                   Incr       Path
  --------------------------------------------------------------------------
  clock TX_CLK (rise edge)                                0.00       0.00
  clock network delay (ideal)                             0.00       0.00
  B4/B1/B2/parity_bit_reg/CK (DFFRQX2M)                   0.00       0.00 r
  B4/B1/B2/parity_bit_reg/Q (DFFRQX2M)                    0.39       0.39 r
  B4/B1/B2/U2/Y (AO22X2M)                                 0.15       0.53 r
  B4/B1/B2/parity_bit_reg/D (DFFRQX2M)                    0.00       0.53 r
  data arrival time                                                  0.53

  clock TX_CLK (rise edge)                                0.00       0.00
  clock network delay (ideal)                             0.00       0.00
  clock uncertainty                                       0.10       0.10
  B4/B1/B2/parity_bit_reg/CK (DFFRQX2M)                   0.00       0.10 r
  library hold time                                      -0.17      -0.07
  data required time                                                -0.07
  --------------------------------------------------------------------------
  data required time                                                -0.07
  data arrival time                                                 -0.53
  --------------------------------------------------------------------------
  slack (MET)                                                        0.60


  Startpoint: B4/B1/B2/DATA_reg[7]
              (rising edge-triggered flip-flop clocked by TX_CLK)
  Endpoint: B4/B1/B2/DATA_reg[7]
            (rising edge-triggered flip-flop clocked by TX_CLK)
  Path Group: TX_CLK
  Path Type: min

  Point                                    Incr       Path
  -----------------------------------------------------------
  clock TX_CLK (rise edge)                 0.00       0.00
  clock network delay (ideal)              0.00       0.00
  B4/B1/B2/DATA_reg[7]/CK (DFFRQX2M)       0.00       0.00 r
  B4/B1/B2/DATA_reg[7]/Q (DFFRQX2M)        0.39       0.39 r
  B4/B1/B2/U3/Y (AO2B2X2M)                 0.15       0.54 r
  B4/B1/B2/DATA_reg[7]/D (DFFRQX2M)        0.00       0.54 r
  data arrival time                                   0.54

  clock TX_CLK (rise edge)                 0.00       0.00
  clock network delay (ideal)              0.00       0.00
  clock uncertainty                        0.10       0.10
  B4/B1/B2/DATA_reg[7]/CK (DFFRQX2M)       0.00       0.10 r
  library hold time                       -0.17      -0.07
  data required time                                 -0.07
  -----------------------------------------------------------
  data required time                                 -0.07
  data arrival time                                  -0.54
  -----------------------------------------------------------
  slack (MET)                                         0.61


  Startpoint: B4/B1/B2/DATA_reg[5]
              (rising edge-triggered flip-flop clocked by TX_CLK)
  Endpoint: B4/B1/B2/DATA_reg[5]
            (rising edge-triggered flip-flop clocked by TX_CLK)
  Path Group: TX_CLK
  Path Type: min

  Point                                    Incr       Path
  -----------------------------------------------------------
  clock TX_CLK (rise edge)                 0.00       0.00
  clock network delay (ideal)              0.00       0.00
  B4/B1/B2/DATA_reg[5]/CK (DFFRQX2M)       0.00       0.00 r
  B4/B1/B2/DATA_reg[5]/Q (DFFRQX2M)        0.38       0.38 r
  B4/B1/B2/U6/Y (AO2B2XLM)                 0.17       0.55 r
  B4/B1/B2/DATA_reg[5]/D (DFFRQX2M)        0.00       0.55 r
  data arrival time                                   0.55

  clock TX_CLK (rise edge)                 0.00       0.00
  clock network delay (ideal)              0.00       0.00
  clock uncertainty                        0.10       0.10
  B4/B1/B2/DATA_reg[5]/CK (DFFRQX2M)       0.00       0.10 r
  library hold time                       -0.17      -0.07
  data required time                                 -0.07
  -----------------------------------------------------------
  data required time                                 -0.07
  data arrival time                                  -0.55
  -----------------------------------------------------------
  slack (MET)                                         0.62


  Startpoint: B4/B1/B2/DATA_reg[0]
              (rising edge-triggered flip-flop clocked by TX_CLK)
  Endpoint: B4/B1/B2/DATA_reg[0]
            (rising edge-triggered flip-flop clocked by TX_CLK)
  Path Group: TX_CLK
  Path Type: min

  Point                                    Incr       Path
  -----------------------------------------------------------
  clock TX_CLK (rise edge)                 0.00       0.00
  clock network delay (ideal)              0.00       0.00
  B4/B1/B2/DATA_reg[0]/CK (DFFRQX1M)       0.00       0.00 r
  B4/B1/B2/DATA_reg[0]/Q (DFFRQX1M)        0.52       0.52 f
  B4/B1/B2/U7/Y (AO2B2X2M)                 0.24       0.75 f
  B4/B1/B2/DATA_reg[0]/D (DFFRQX1M)        0.00       0.75 f
  data arrival time                                   0.75

  clock TX_CLK (rise edge)                 0.00       0.00
  clock network delay (ideal)              0.00       0.00
  clock uncertainty                        0.10       0.10
  B4/B1/B2/DATA_reg[0]/CK (DFFRQX1M)       0.00       0.10 r
  library hold time                        0.00       0.10
  data required time                                  0.10
  -----------------------------------------------------------
  data required time                                  0.10
  data arrival time                                  -0.75
  -----------------------------------------------------------
  slack (MET)                                         0.66


  Startpoint: B4/B1/B2/DATA_reg[3]
              (rising edge-triggered flip-flop clocked by TX_CLK)
  Endpoint: B4/B1/B2/DATA_reg[3]
            (rising edge-triggered flip-flop clocked by TX_CLK)
  Path Group: TX_CLK
  Path Type: min

  Point                                    Incr       Path
  -----------------------------------------------------------
  clock TX_CLK (rise edge)                 0.00       0.00
  clock network delay (ideal)              0.00       0.00
  B4/B1/B2/DATA_reg[3]/CK (DFFRQX1M)       0.00       0.00 r
  B4/B1/B2/DATA_reg[3]/Q (DFFRQX1M)        0.45       0.45 r
  B4/B1/B2/U5/Y (AO2B2XLM)                 0.18       0.63 r
  B4/B1/B2/DATA_reg[3]/D (DFFRQX1M)        0.00       0.63 r
  data arrival time                                   0.63

  clock TX_CLK (rise edge)                 0.00       0.00
  clock network delay (ideal)              0.00       0.00
  clock uncertainty                        0.10       0.10
  B4/B1/B2/DATA_reg[3]/CK (DFFRQX1M)       0.00       0.10 r
  library hold time                       -0.18      -0.08
  data required time                                 -0.08
  -----------------------------------------------------------
  data required time                                 -0.08
  data arrival time                                  -0.63
  -----------------------------------------------------------
  slack (MET)                                         0.71


  Startpoint: B4/B1/B0/Data_reg[7]
              (rising edge-triggered flip-flop clocked by TX_CLK)
  Endpoint: B4/B1/B0/Data_reg[7]
            (rising edge-triggered flip-flop clocked by TX_CLK)
  Path Group: TX_CLK
  Path Type: min

  Point                                    Incr       Path
  -----------------------------------------------------------
  clock TX_CLK (rise edge)                 0.00       0.00
  clock network delay (ideal)              0.00       0.00
  B4/B1/B0/Data_reg[7]/CK (DFFRQX1M)       0.00       0.00 r
  B4/B1/B0/Data_reg[7]/Q (DFFRQX1M)        0.51       0.51 f
  B4/B1/B0/U24/Y (AND2X2M)                 0.17       0.68 f
  B4/B1/B0/U25/Y (OR2X2M)                  0.15       0.83 f
  B4/B1/B0/Data_reg[7]/D (DFFRQX1M)        0.00       0.83 f
  data arrival time                                   0.83

  clock TX_CLK (rise edge)                 0.00       0.00
  clock network delay (ideal)              0.00       0.00
  clock uncertainty                        0.10       0.10
  B4/B1/B0/Data_reg[7]/CK (DFFRQX1M)       0.00       0.10 r
  library hold time                        0.00       0.10
  data required time                                  0.10
  -----------------------------------------------------------
  data required time                                  0.10
  data arrival time                                  -0.83
  -----------------------------------------------------------
  slack (MET)                                         0.73


  Startpoint: B7/sync_reg[1]
              (rising edge-triggered flip-flop clocked by UART_CLK)
  Endpoint: B7/SYNC_RST_reg
            (rising edge-triggered flip-flop clocked by UART_CLK)
  Path Group: UART_CLK
  Path Type: min

  Point                                    Incr       Path
  -----------------------------------------------------------
  clock UART_CLK (rise edge)               0.00       0.00
  clock network delay (ideal)              0.00       0.00
  B7/sync_reg[1]/CK (DFFRQX2M)             0.00       0.00 r
  B7/sync_reg[1]/Q (DFFRQX2M)              0.46       0.46 f
  B7/SYNC_RST_reg/D (DFFRQX2M)             0.00       0.46 f
  data arrival time                                   0.46

  clock UART_CLK (rise edge)               0.00       0.00
  clock network delay (ideal)              0.00       0.00
  clock uncertainty                        0.10       0.10
  B7/SYNC_RST_reg/CK (DFFRQX2M)            0.00       0.10 r
  library hold time                       -0.02       0.08
  data required time                                  0.08
  -----------------------------------------------------------
  data required time                                  0.08
  data arrival time                                  -0.46
  -----------------------------------------------------------
  slack (MET)                                         0.38


  Startpoint: B7/sync_reg[0]/CK
              (internal path startpoint clocked by UART_CLK)
  Endpoint: B7/sync_reg[1]
            (rising edge-triggered flip-flop clocked by UART_CLK)
  Path Group: UART_CLK
  Path Type: min

  Point                                    Incr       Path
  -----------------------------------------------------------
  clock UART_CLK (rise edge)               0.00       0.00
  clock network delay (ideal)              0.00       0.00
  input external delay                     0.00       0.00 r
  B7/sync_reg[0]/CK (DFFRQX2M)             0.00       0.00 r
  B7/sync_reg[0]/Q (DFFRQX2M)              0.46       0.46 f
  B7/sync_reg[1]/D (DFFRQX2M)              0.00       0.46 f
  data arrival time                                   0.46

  clock UART_CLK (rise edge)               0.00       0.00
  clock network delay (ideal)              0.00       0.00
  clock uncertainty                        0.10       0.10
  B7/sync_reg[1]/CK (DFFRQX2M)             0.00       0.10 r
  library hold time                       -0.02       0.08
  data required time                                  0.08
  -----------------------------------------------------------
  data required time                                  0.08
  data arrival time                                  -0.46
  -----------------------------------------------------------
  slack (MET)                                         0.38


  Startpoint: B10/flag_reg
              (rising edge-triggered flip-flop clocked by UART_CLK)
  Endpoint: B10/flag_reg
            (rising edge-triggered flip-flop clocked by UART_CLK)
  Path Group: UART_CLK
  Path Type: min

  Point                                    Incr       Path
  -----------------------------------------------------------
  clock UART_CLK (rise edge)               0.00       0.00
  clock network delay (ideal)              0.00       0.00
  B10/flag_reg/CK (DFFSQX2M)               0.00       0.00 r
  B10/flag_reg/Q (DFFSQX2M)                0.44       0.44 r
  B10/U4/Y (XNOR2X1M)                      0.06       0.50 f
  B10/flag_reg/D (DFFSQX2M)                0.00       0.50 f
  data arrival time                                   0.50

  clock UART_CLK (rise edge)               0.00       0.00
  clock network delay (ideal)              0.00       0.00
  clock uncertainty                        0.10       0.10
  B10/flag_reg/CK (DFFSQX2M)               0.00       0.10 r
  library hold time                       -0.09       0.01
  data required time                                  0.01
  -----------------------------------------------------------
  data required time                                  0.01
  data arrival time                                  -0.50
  -----------------------------------------------------------
  slack (MET)                                         0.49


  Startpoint: B11/flag_reg
              (rising edge-triggered flip-flop clocked by UART_CLK)
  Endpoint: B11/flag_reg
            (rising edge-triggered flip-flop clocked by UART_CLK)
  Path Group: UART_CLK
  Path Type: min

  Point                                    Incr       Path
  -----------------------------------------------------------
  clock UART_CLK (rise edge)               0.00       0.00
  clock network delay (ideal)              0.00       0.00
  B11/flag_reg/CK (DFFSQX2M)               0.00       0.00 r
  B11/flag_reg/Q (DFFSQX2M)                0.44       0.44 r
  B11/U4/Y (XNOR2X1M)                      0.06       0.50 f
  B11/flag_reg/D (DFFSQX2M)                0.00       0.50 f
  data arrival time                                   0.50

  clock UART_CLK (rise edge)               0.00       0.00
  clock network delay (ideal)              0.00       0.00
  clock uncertainty                        0.10       0.10
  B11/flag_reg/CK (DFFSQX2M)               0.00       0.10 r
  library hold time                       -0.09       0.01
  data required time                                  0.01
  -----------------------------------------------------------
  data required time                                  0.01
  data arrival time                                  -0.50
  -----------------------------------------------------------
  slack (MET)                                         0.49


  Startpoint: B10/counter_reg[0]
              (rising edge-triggered flip-flop clocked by UART_CLK)
  Endpoint: B10/counter_reg[0]
            (rising edge-triggered flip-flop clocked by UART_CLK)
  Path Group: UART_CLK
  Path Type: min

  Point                                                   Incr       Path
  --------------------------------------------------------------------------
  clock UART_CLK (rise edge)                              0.00       0.00
  clock network delay (ideal)                             0.00       0.00
  B10/counter_reg[0]/CK (DFFRQX2M)                        0.00       0.00 r
  B10/counter_reg[0]/Q (DFFRQX2M)                         0.42       0.42 r
  B10/r69/A[0] (ClkDIV_0_DW01_inc_0)                      0.00       0.42 r
  B10/r69/U1/Y (INVX2M)                                   0.05       0.47 f
  B10/r69/SUM[0] (ClkDIV_0_DW01_inc_0)                    0.00       0.47 f
  B10/U15/Y (NOR2BX1M)                                    0.15       0.62 f
  B10/counter_reg[0]/D (DFFRQX2M)                         0.00       0.62 f
  data arrival time                                                  0.62

  clock UART_CLK (rise edge)                              0.00       0.00
  clock network delay (ideal)                             0.00       0.00
  clock uncertainty                                       0.10       0.10
  B10/counter_reg[0]/CK (DFFRQX2M)                        0.00       0.10 r
  library hold time                                      -0.02       0.08
  data required time                                                 0.08
  --------------------------------------------------------------------------
  data required time                                                 0.08
  data arrival time                                                 -0.62
  --------------------------------------------------------------------------
  slack (MET)                                                        0.54


  Startpoint: B11/counter_reg[0]
              (rising edge-triggered flip-flop clocked by UART_CLK)
  Endpoint: B11/counter_reg[0]
            (rising edge-triggered flip-flop clocked by UART_CLK)
  Path Group: UART_CLK
  Path Type: min

  Point                                                   Incr       Path
  --------------------------------------------------------------------------
  clock UART_CLK (rise edge)                              0.00       0.00
  clock network delay (ideal)                             0.00       0.00
  B11/counter_reg[0]/CK (DFFRQX2M)                        0.00       0.00 r
  B11/counter_reg[0]/Q (DFFRQX2M)                         0.42       0.42 r
  B11/r69/A[0] (ClkDIV_1_DW01_inc_0)                      0.00       0.42 r
  B11/r69/U1/Y (INVX2M)                                   0.05       0.47 f
  B11/r69/SUM[0] (ClkDIV_1_DW01_inc_0)                    0.00       0.47 f
  B11/U15/Y (NOR2BX1M)                                    0.15       0.62 f
  B11/counter_reg[0]/D (DFFRQX2M)                         0.00       0.62 f
  data arrival time                                                  0.62

  clock UART_CLK (rise edge)                              0.00       0.00
  clock network delay (ideal)                             0.00       0.00
  clock uncertainty                                       0.10       0.10
  B11/counter_reg[0]/CK (DFFRQX2M)                        0.00       0.10 r
  library hold time                                      -0.02       0.08
  data required time                                                 0.08
  --------------------------------------------------------------------------
  data required time                                                 0.08
  data arrival time                                                 -0.62
  --------------------------------------------------------------------------
  slack (MET)                                                        0.54


  Startpoint: B10/counter_reg[0]
              (rising edge-triggered flip-flop clocked by UART_CLK)
  Endpoint: B10/counter_reg[1]
            (rising edge-triggered flip-flop clocked by UART_CLK)
  Path Group: UART_CLK
  Path Type: min

  Point                                                   Incr       Path
  --------------------------------------------------------------------------
  clock UART_CLK (rise edge)                              0.00       0.00
  clock network delay (ideal)                             0.00       0.00
  B10/counter_reg[0]/CK (DFFRQX2M)                        0.00       0.00 r
  B10/counter_reg[0]/Q (DFFRQX2M)                         0.42       0.42 r
  B10/r69/A[0] (ClkDIV_0_DW01_inc_0)                      0.00       0.42 r
  B10/r69/U1_1_1/S (ADDHX1M)                              0.06       0.48 f
  B10/r69/SUM[1] (ClkDIV_0_DW01_inc_0)                    0.00       0.48 f
  B10/U14/Y (NOR2BX1M)                                    0.15       0.64 f
  B10/counter_reg[1]/D (DFFRQX2M)                         0.00       0.64 f
  data arrival time                                                  0.64

  clock UART_CLK (rise edge)                              0.00       0.00
  clock network delay (ideal)                             0.00       0.00
  clock uncertainty                                       0.10       0.10
  B10/counter_reg[1]/CK (DFFRQX2M)                        0.00       0.10 r
  library hold time                                      -0.02       0.08
  data required time                                                 0.08
  --------------------------------------------------------------------------
  data required time                                                 0.08
  data arrival time                                                 -0.64
  --------------------------------------------------------------------------
  slack (MET)                                                        0.56


  Startpoint: B11/counter_reg[0]
              (rising edge-triggered flip-flop clocked by UART_CLK)
  Endpoint: B11/counter_reg[1]
            (rising edge-triggered flip-flop clocked by UART_CLK)
  Path Group: UART_CLK
  Path Type: min

  Point                                                   Incr       Path
  --------------------------------------------------------------------------
  clock UART_CLK (rise edge)                              0.00       0.00
  clock network delay (ideal)                             0.00       0.00
  B11/counter_reg[0]/CK (DFFRQX2M)                        0.00       0.00 r
  B11/counter_reg[0]/Q (DFFRQX2M)                         0.42       0.42 r
  B11/r69/A[0] (ClkDIV_1_DW01_inc_0)                      0.00       0.42 r
  B11/r69/U1_1_1/S (ADDHX1M)                              0.06       0.48 f
  B11/r69/SUM[1] (ClkDIV_1_DW01_inc_0)                    0.00       0.48 f
  B11/U14/Y (NOR2BX1M)                                    0.15       0.64 f
  B11/counter_reg[1]/D (DFFRQX2M)                         0.00       0.64 f
  data arrival time                                                  0.64

  clock UART_CLK (rise edge)                              0.00       0.00
  clock network delay (ideal)                             0.00       0.00
  clock uncertainty                                       0.10       0.10
  B11/counter_reg[1]/CK (DFFRQX2M)                        0.00       0.10 r
  library hold time                                      -0.02       0.08
  data required time                                                 0.08
  --------------------------------------------------------------------------
  data required time                                                 0.08
  data arrival time                                                 -0.64
  --------------------------------------------------------------------------
  slack (MET)                                                        0.56


  Startpoint: B10/counter_reg[6]
              (rising edge-triggered flip-flop clocked by UART_CLK)
  Endpoint: B10/counter_reg[6]
            (rising edge-triggered flip-flop clocked by UART_CLK)
  Path Group: UART_CLK
  Path Type: min

  Point                                                   Incr       Path
  --------------------------------------------------------------------------
  clock UART_CLK (rise edge)                              0.00       0.00
  clock network delay (ideal)                             0.00       0.00
  B10/counter_reg[6]/CK (DFFRQX2M)                        0.00       0.00 r
  B10/counter_reg[6]/Q (DFFRQX2M)                         0.41       0.41 r
  B10/r69/A[6] (ClkDIV_0_DW01_inc_0)                      0.00       0.41 r
  B10/r69/U1_1_6/S (ADDHX1M)                              0.09       0.50 f
  B10/r69/SUM[6] (ClkDIV_0_DW01_inc_0)                    0.00       0.50 f
  B10/U9/Y (NOR2BX1M)                                     0.15       0.65 f
  B10/counter_reg[6]/D (DFFRQX2M)                         0.00       0.65 f
  data arrival time                                                  0.65

  clock UART_CLK (rise edge)                              0.00       0.00
  clock network delay (ideal)                             0.00       0.00
  clock uncertainty                                       0.10       0.10
  B10/counter_reg[6]/CK (DFFRQX2M)                        0.00       0.10 r
  library hold time                                      -0.02       0.08
  data required time                                                 0.08
  --------------------------------------------------------------------------
  data required time                                                 0.08
  data arrival time                                                 -0.65
  --------------------------------------------------------------------------
  slack (MET)                                                        0.57


  Startpoint: B11/counter_reg[6]
              (rising edge-triggered flip-flop clocked by UART_CLK)
  Endpoint: B11/counter_reg[6]
            (rising edge-triggered flip-flop clocked by UART_CLK)
  Path Group: UART_CLK
  Path Type: min

  Point                                                   Incr       Path
  --------------------------------------------------------------------------
  clock UART_CLK (rise edge)                              0.00       0.00
  clock network delay (ideal)                             0.00       0.00
  B11/counter_reg[6]/CK (DFFRQX2M)                        0.00       0.00 r
  B11/counter_reg[6]/Q (DFFRQX2M)                         0.41       0.41 r
  B11/r69/A[6] (ClkDIV_1_DW01_inc_0)                      0.00       0.41 r
  B11/r69/U1_1_6/S (ADDHX1M)                              0.09       0.50 f
  B11/r69/SUM[6] (ClkDIV_1_DW01_inc_0)                    0.00       0.50 f
  B11/U9/Y (NOR2BX1M)                                     0.15       0.65 f
  B11/counter_reg[6]/D (DFFRQX2M)                         0.00       0.65 f
  data arrival time                                                  0.65

  clock UART_CLK (rise edge)                              0.00       0.00
  clock network delay (ideal)                             0.00       0.00
  clock uncertainty                                       0.10       0.10
  B11/counter_reg[6]/CK (DFFRQX2M)                        0.00       0.10 r
  library hold time                                      -0.02       0.08
  data required time                                                 0.08
  --------------------------------------------------------------------------
  data required time                                                 0.08
  data arrival time                                                 -0.65
  --------------------------------------------------------------------------
  slack (MET)                                                        0.57


  Startpoint: B10/counter_reg[2]
              (rising edge-triggered flip-flop clocked by UART_CLK)
  Endpoint: B10/counter_reg[2]
            (rising edge-triggered flip-flop clocked by UART_CLK)
  Path Group: UART_CLK
  Path Type: min

  Point                                                   Incr       Path
  --------------------------------------------------------------------------
  clock UART_CLK (rise edge)                              0.00       0.00
  clock network delay (ideal)                             0.00       0.00
  B10/counter_reg[2]/CK (DFFRQX2M)                        0.00       0.00 r
  B10/counter_reg[2]/Q (DFFRQX2M)                         0.42       0.42 r
  B10/r69/A[2] (ClkDIV_0_DW01_inc_0)                      0.00       0.42 r
  B10/r69/U1_1_2/S (ADDHX1M)                              0.10       0.51 f
  B10/r69/SUM[2] (ClkDIV_0_DW01_inc_0)                    0.00       0.51 f
  B10/U13/Y (NOR2BX1M)                                    0.15       0.66 f
  B10/counter_reg[2]/D (DFFRQX2M)                         0.00       0.66 f
  data arrival time                                                  0.66

  clock UART_CLK (rise edge)                              0.00       0.00
  clock network delay (ideal)                             0.00       0.00
  clock uncertainty                                       0.10       0.10
  B10/counter_reg[2]/CK (DFFRQX2M)                        0.00       0.10 r
  library hold time                                      -0.02       0.08
  data required time                                                 0.08
  --------------------------------------------------------------------------
  data required time                                                 0.08
  data arrival time                                                 -0.66
  --------------------------------------------------------------------------
  slack (MET)                                                        0.58


  Startpoint: B11/counter_reg[2]
              (rising edge-triggered flip-flop clocked by UART_CLK)
  Endpoint: B11/counter_reg[2]
            (rising edge-triggered flip-flop clocked by UART_CLK)
  Path Group: UART_CLK
  Path Type: min

  Point                                                   Incr       Path
  --------------------------------------------------------------------------
  clock UART_CLK (rise edge)                              0.00       0.00
  clock network delay (ideal)                             0.00       0.00
  B11/counter_reg[2]/CK (DFFRQX2M)                        0.00       0.00 r
  B11/counter_reg[2]/Q (DFFRQX2M)                         0.42       0.42 r
  B11/r69/A[2] (ClkDIV_1_DW01_inc_0)                      0.00       0.42 r
  B11/r69/U1_1_2/S (ADDHX1M)                              0.10       0.51 f
  B11/r69/SUM[2] (ClkDIV_1_DW01_inc_0)                    0.00       0.51 f
  B11/U13/Y (NOR2BX1M)                                    0.15       0.66 f
  B11/counter_reg[2]/D (DFFRQX2M)                         0.00       0.66 f
  data arrival time                                                  0.66

  clock UART_CLK (rise edge)                              0.00       0.00
  clock network delay (ideal)                             0.00       0.00
  clock uncertainty                                       0.10       0.10
  B11/counter_reg[2]/CK (DFFRQX2M)                        0.00       0.10 r
  library hold time                                      -0.02       0.08
  data required time                                                 0.08
  --------------------------------------------------------------------------
  data required time                                                 0.08
  data arrival time                                                 -0.66
  --------------------------------------------------------------------------
  slack (MET)                                                        0.58


  Startpoint: B10/counter_reg[5]
              (rising edge-triggered flip-flop clocked by UART_CLK)
  Endpoint: B10/counter_reg[5]
            (rising edge-triggered flip-flop clocked by UART_CLK)
  Path Group: UART_CLK
  Path Type: min

  Point                                                   Incr       Path
  --------------------------------------------------------------------------
  clock UART_CLK (rise edge)                              0.00       0.00
  clock network delay (ideal)                             0.00       0.00
  B10/counter_reg[5]/CK (DFFRQX2M)                        0.00       0.00 r
  B10/counter_reg[5]/Q (DFFRQX2M)                         0.42       0.42 r
  B10/r69/A[5] (ClkDIV_0_DW01_inc_0)                      0.00       0.42 r
  B10/r69/U1_1_5/S (ADDHX1M)                              0.10       0.51 f
  B10/r69/SUM[5] (ClkDIV_0_DW01_inc_0)                    0.00       0.51 f
  B10/U10/Y (NOR2BX1M)                                    0.15       0.66 f
  B10/counter_reg[5]/D (DFFRQX2M)                         0.00       0.66 f
  data arrival time                                                  0.66

  clock UART_CLK (rise edge)                              0.00       0.00
  clock network delay (ideal)                             0.00       0.00
  clock uncertainty                                       0.10       0.10
  B10/counter_reg[5]/CK (DFFRQX2M)                        0.00       0.10 r
  library hold time                                      -0.02       0.08
  data required time                                                 0.08
  --------------------------------------------------------------------------
  data required time                                                 0.08
  data arrival time                                                 -0.66
  --------------------------------------------------------------------------
  slack (MET)                                                        0.58


  Startpoint: B11/counter_reg[5]
              (rising edge-triggered flip-flop clocked by UART_CLK)
  Endpoint: B11/counter_reg[5]
            (rising edge-triggered flip-flop clocked by UART_CLK)
  Path Group: UART_CLK
  Path Type: min

  Point                                                   Incr       Path
  --------------------------------------------------------------------------
  clock UART_CLK (rise edge)                              0.00       0.00
  clock network delay (ideal)                             0.00       0.00
  B11/counter_reg[5]/CK (DFFRQX2M)                        0.00       0.00 r
  B11/counter_reg[5]/Q (DFFRQX2M)                         0.42       0.42 r
  B11/r69/A[5] (ClkDIV_1_DW01_inc_0)                      0.00       0.42 r
  B11/r69/U1_1_5/S (ADDHX1M)                              0.10       0.51 f
  B11/r69/SUM[5] (ClkDIV_1_DW01_inc_0)                    0.00       0.51 f
  B11/U10/Y (NOR2BX1M)                                    0.15       0.66 f
  B11/counter_reg[5]/D (DFFRQX2M)                         0.00       0.66 f
  data arrival time                                                  0.66

  clock UART_CLK (rise edge)                              0.00       0.00
  clock network delay (ideal)                             0.00       0.00
  clock uncertainty                                       0.10       0.10
  B11/counter_reg[5]/CK (DFFRQX2M)                        0.00       0.10 r
  library hold time                                      -0.02       0.08
  data required time                                                 0.08
  --------------------------------------------------------------------------
  data required time                                                 0.08
  data arrival time                                                 -0.66
  --------------------------------------------------------------------------
  slack (MET)                                                        0.58


  Startpoint: B10/o_div_clk_reg
              (rising edge-triggered flip-flop clocked by UART_CLK)
  Endpoint: B10/o_div_clk_reg
            (rising edge-triggered flip-flop clocked by UART_CLK)
  Path Group: UART_CLK
  Path Type: min

  Point                                    Incr       Path
  -----------------------------------------------------------
  clock UART_CLK (rise edge)               0.00       0.00
  clock network delay (ideal)              0.00       0.00
  B10/o_div_clk_reg/CK (DFFRQX2M)          0.00       0.00 r
  B10/o_div_clk_reg/Q (DFFRQX2M)           0.39       0.39 r
  B10/U6/Y (CLKXOR2X2M)                    0.28       0.67 f
  B10/o_div_clk_reg/D (DFFRQX2M)           0.00       0.67 f
  data arrival time                                   0.67

  clock UART_CLK (rise edge)               0.00       0.00
  clock network delay (ideal)              0.00       0.00
  clock uncertainty                        0.10       0.10
  B10/o_div_clk_reg/CK (DFFRQX2M)          0.00       0.10 r
  library hold time                       -0.02       0.08
  data required time                                  0.08
  -----------------------------------------------------------
  data required time                                  0.08
  data arrival time                                  -0.67
  -----------------------------------------------------------
  slack (MET)                                         0.59


  Startpoint: B10/counter_reg[3]
              (rising edge-triggered flip-flop clocked by UART_CLK)
  Endpoint: B10/counter_reg[3]
            (rising edge-triggered flip-flop clocked by UART_CLK)
  Path Group: UART_CLK
  Path Type: min

  Point                                                   Incr       Path
  --------------------------------------------------------------------------
  clock UART_CLK (rise edge)                              0.00       0.00
  clock network delay (ideal)                             0.00       0.00
  B10/counter_reg[3]/CK (DFFRQX2M)                        0.00       0.00 r
  B10/counter_reg[3]/Q (DFFRQX2M)                         0.43       0.43 r
  B10/r69/A[3] (ClkDIV_0_DW01_inc_0)                      0.00       0.43 r
  B10/r69/U1_1_3/S (ADDHX1M)                              0.10       0.52 f
  B10/r69/SUM[3] (ClkDIV_0_DW01_inc_0)                    0.00       0.52 f
  B10/U12/Y (NOR2BX1M)                                    0.15       0.68 f
  B10/counter_reg[3]/D (DFFRQX2M)                         0.00       0.68 f
  data arrival time                                                  0.68

  clock UART_CLK (rise edge)                              0.00       0.00
  clock network delay (ideal)                             0.00       0.00
  clock uncertainty                                       0.10       0.10
  B10/counter_reg[3]/CK (DFFRQX2M)                        0.00       0.10 r
  library hold time                                      -0.02       0.08
  data required time                                                 0.08
  --------------------------------------------------------------------------
  data required time                                                 0.08
  data arrival time                                                 -0.68
  --------------------------------------------------------------------------
  slack (MET)                                                        0.59


  Startpoint: B11/counter_reg[3]
              (rising edge-triggered flip-flop clocked by UART_CLK)
  Endpoint: B11/counter_reg[3]
            (rising edge-triggered flip-flop clocked by UART_CLK)
  Path Group: UART_CLK
  Path Type: min

  Point                                                   Incr       Path
  --------------------------------------------------------------------------
  clock UART_CLK (rise edge)                              0.00       0.00
  clock network delay (ideal)                             0.00       0.00
  B11/counter_reg[3]/CK (DFFRQX2M)                        0.00       0.00 r
  B11/counter_reg[3]/Q (DFFRQX2M)                         0.43       0.43 r
  B11/r69/A[3] (ClkDIV_1_DW01_inc_0)                      0.00       0.43 r
  B11/r69/U1_1_3/S (ADDHX1M)                              0.10       0.52 f
  B11/r69/SUM[3] (ClkDIV_1_DW01_inc_0)                    0.00       0.52 f
  B11/U12/Y (NOR2BX1M)                                    0.15       0.68 f
  B11/counter_reg[3]/D (DFFRQX2M)                         0.00       0.68 f
  data arrival time                                                  0.68

  clock UART_CLK (rise edge)                              0.00       0.00
  clock network delay (ideal)                             0.00       0.00
  clock uncertainty                                       0.10       0.10
  B11/counter_reg[3]/CK (DFFRQX2M)                        0.00       0.10 r
  library hold time                                      -0.02       0.08
  data required time                                                 0.08
  --------------------------------------------------------------------------
  data required time                                                 0.08
  data arrival time                                                 -0.68
  --------------------------------------------------------------------------
  slack (MET)                                                        0.59


  Startpoint: B10/counter_reg[4]
              (rising edge-triggered flip-flop clocked by UART_CLK)
  Endpoint: B10/counter_reg[4]
            (rising edge-triggered flip-flop clocked by UART_CLK)
  Path Group: UART_CLK
  Path Type: min

  Point                                                   Incr       Path
  --------------------------------------------------------------------------
  clock UART_CLK (rise edge)                              0.00       0.00
  clock network delay (ideal)                             0.00       0.00
  B10/counter_reg[4]/CK (DFFRQX2M)                        0.00       0.00 r
  B10/counter_reg[4]/Q (DFFRQX2M)                         0.43       0.43 r
  B10/r69/A[4] (ClkDIV_0_DW01_inc_0)                      0.00       0.43 r
  B10/r69/U1_1_4/S (ADDHX1M)                              0.10       0.52 f
  B10/r69/SUM[4] (ClkDIV_0_DW01_inc_0)                    0.00       0.52 f
  B10/U11/Y (NOR2BX1M)                                    0.15       0.68 f
  B10/counter_reg[4]/D (DFFRQX2M)                         0.00       0.68 f
  data arrival time                                                  0.68

  clock UART_CLK (rise edge)                              0.00       0.00
  clock network delay (ideal)                             0.00       0.00
  clock uncertainty                                       0.10       0.10
  B10/counter_reg[4]/CK (DFFRQX2M)                        0.00       0.10 r
  library hold time                                      -0.02       0.08
  data required time                                                 0.08
  --------------------------------------------------------------------------
  data required time                                                 0.08
  data arrival time                                                 -0.68
  --------------------------------------------------------------------------
  slack (MET)                                                        0.59


  Startpoint: B11/counter_reg[4]
              (rising edge-triggered flip-flop clocked by UART_CLK)
  Endpoint: B11/counter_reg[4]
            (rising edge-triggered flip-flop clocked by UART_CLK)
  Path Group: UART_CLK
  Path Type: min

  Point                                                   Incr       Path
  --------------------------------------------------------------------------
  clock UART_CLK (rise edge)                              0.00       0.00
  clock network delay (ideal)                             0.00       0.00
  B11/counter_reg[4]/CK (DFFRQX2M)                        0.00       0.00 r
  B11/counter_reg[4]/Q (DFFRQX2M)                         0.43       0.43 r
  B11/r69/A[4] (ClkDIV_1_DW01_inc_0)                      0.00       0.43 r
  B11/r69/U1_1_4/S (ADDHX1M)                              0.10       0.52 f
  B11/r69/SUM[4] (ClkDIV_1_DW01_inc_0)                    0.00       0.52 f
  B11/U11/Y (NOR2BX1M)                                    0.15       0.68 f
  B11/counter_reg[4]/D (DFFRQX2M)                         0.00       0.68 f
  data arrival time                                                  0.68

  clock UART_CLK (rise edge)                              0.00       0.00
  clock network delay (ideal)                             0.00       0.00
  clock uncertainty                                       0.10       0.10
  B11/counter_reg[4]/CK (DFFRQX2M)                        0.00       0.10 r
  library hold time                                      -0.02       0.08
  data required time                                                 0.08
  --------------------------------------------------------------------------
  data required time                                                 0.08
  data arrival time                                                 -0.68
  --------------------------------------------------------------------------
  slack (MET)                                                        0.59


  Startpoint: B11/flag_reg
              (rising edge-triggered flip-flop clocked by UART_CLK)
  Endpoint: B11/counter_reg[7]
            (rising edge-triggered flip-flop clocked by UART_CLK)
  Path Group: UART_CLK
  Path Type: min

  Point                                    Incr       Path
  -----------------------------------------------------------
  clock UART_CLK (rise edge)               0.00       0.00
  clock network delay (ideal)              0.00       0.00
  B11/flag_reg/CK (DFFSQX2M)               0.00       0.00 r
  B11/flag_reg/Q (DFFSQX2M)                0.44       0.44 r
  B11/U16/Y (CLKNAND2X2M)                  0.10       0.55 f
  B11/U3/Y (NAND2X2M)                      0.18       0.73 r
  B11/U8/Y (NOR2BX1M)                      0.08       0.80 f
  B11/counter_reg[7]/D (DFFRQX2M)          0.00       0.80 f
  data arrival time                                   0.80

  clock UART_CLK (rise edge)               0.00       0.00
  clock network delay (ideal)              0.00       0.00
  clock uncertainty                        0.10       0.10
  B11/counter_reg[7]/CK (DFFRQX2M)         0.00       0.10 r
  library hold time                       -0.02       0.08
  data required time                                  0.08
  -----------------------------------------------------------
  data required time                                  0.08
  data arrival time                                  -0.80
  -----------------------------------------------------------
  slack (MET)                                         0.72


  Startpoint: B10/flag_reg
              (rising edge-triggered flip-flop clocked by UART_CLK)
  Endpoint: B10/counter_reg[7]
            (rising edge-triggered flip-flop clocked by UART_CLK)
  Path Group: UART_CLK
  Path Type: min

  Point                                    Incr       Path
  -----------------------------------------------------------
  clock UART_CLK (rise edge)               0.00       0.00
  clock network delay (ideal)              0.00       0.00
  B10/flag_reg/CK (DFFSQX2M)               0.00       0.00 r
  B10/flag_reg/Q (DFFSQX2M)                0.44       0.44 r
  B10/U16/Y (CLKNAND2X2M)                  0.10       0.55 f
  B10/U3/Y (NAND2X2M)                      0.18       0.73 r
  B10/U8/Y (NOR2BX1M)                      0.08       0.80 f
  B10/counter_reg[7]/D (DFFRQX2M)          0.00       0.80 f
  data arrival time                                   0.80

  clock UART_CLK (rise edge)               0.00       0.00
  clock network delay (ideal)              0.00       0.00
  clock uncertainty                        0.10       0.10
  B10/counter_reg[7]/CK (DFFRQX2M)         0.00       0.10 r
  library hold time                       -0.02       0.08
  data required time                                  0.08
  -----------------------------------------------------------
  data required time                                  0.08
  data arrival time                                  -0.80
  -----------------------------------------------------------
  slack (MET)                                         0.72


  Startpoint: B11/o_div_clk_reg
              (rising edge-triggered flip-flop clocked by UART_CLK)
  Endpoint: B11/o_div_clk_reg
            (rising edge-triggered flip-flop clocked by UART_CLK)
  Path Group: UART_CLK
  Path Type: min

  Point                                    Incr       Path
  -----------------------------------------------------------
  clock UART_CLK (rise edge)               0.00       0.00
  clock network delay (ideal)              0.00       0.00
  B11/o_div_clk_reg/CK (DFFRQX2M)          0.00       0.00 r
  B11/o_div_clk_reg/Q (DFFRQX2M)           0.66       0.66 f
  B11/U6/Y (CLKXOR2X2M)                    0.20       0.86 f
  B11/o_div_clk_reg/D (DFFRQX2M)           0.00       0.86 f
  data arrival time                                   0.86

  clock UART_CLK (rise edge)               0.00       0.00
  clock network delay (ideal)              0.00       0.00
  clock uncertainty                        0.10       0.10
  B11/o_div_clk_reg/CK (DFFRQX2M)          0.00       0.10 r
  library hold time                       -0.02       0.08
  data required time                                  0.08
  -----------------------------------------------------------
  data required time                                  0.08
  data arrival time                                  -0.86
  -----------------------------------------------------------
  slack (MET)                                         0.78


1
