 
****************************************
Report : timing
        -path full
        -delay max
        -max_paths 100
Design : SYSTEM_TOP
Version: K-2015.06
Date   : Fri Aug 16 10:27:16 2024
****************************************

Operating Conditions: scmetro_tsmc_cl013g_rvt_ss_1p08v_125c   Library: scmetro_tsmc_cl013g_rvt_ss_1p08v_125c
Wire Load Model Mode: top

  Startpoint: B1/RegFile_reg[1][6]
              (rising edge-triggered flip-flop clocked by REF_CLK)
  Endpoint: B2/ALU_OUT_reg[0]
            (rising edge-triggered flip-flop clocked by ALU_CLK)
  Path Group: ALU_CLK
  Path Type: max

  Point                                                   Incr       Path
  --------------------------------------------------------------------------
  clock REF_CLK (rise edge)                               0.00       0.00
  clock network delay (ideal)                             0.00       0.00
  B1/RegFile_reg[1][6]/CK (DFFRQX2M)                      0.00       0.00 r
  B1/RegFile_reg[1][6]/Q (DFFRQX2M)                       0.48       0.48 f
  B1/REG1[6] (RegFile)                                    0.00       0.48 f
  B2/B[6] (alU)                                           0.00       0.48 f
  B2/U92/Y (BUFX2M)                                       0.21       0.70 f
  B2/div_39/b[6] (alU_DW_div_uns_0)                       0.00       0.70 f
  B2/div_39/U71/Y (NOR2X1M)                               0.16       0.86 r
  B2/div_39/U68/Y (AND3X1M)                               0.20       1.06 r
  B2/div_39/U66/Y (AND2X1M)                               0.16       1.22 r
  B2/div_39/U63/Y (AND4X1M)                               0.25       1.47 r
  B2/div_39/U41/Y (CLKMX2X2M)                             0.24       1.72 f
  B2/div_39/u_div/u_fa_PartRem_0_6_1/CO (ADDFX2M)         0.44       2.15 f
  B2/div_39/U64/Y (AND3X1M)                               0.32       2.47 f
  B2/div_39/U47/Y (CLKMX2X2M)                             0.24       2.71 r
  B2/div_39/u_div/u_fa_PartRem_0_5_1/CO (ADDFX2M)         0.49       3.20 r
  B2/div_39/u_div/u_fa_PartRem_0_5_2/CO (ADDFX2M)         0.24       3.43 r
  B2/div_39/U65/Y (AND2X1M)                               0.24       3.68 r
  B2/div_39/U52/Y (CLKMX2X2M)                             0.27       3.94 f
  B2/div_39/u_div/u_fa_PartRem_0_4_1/CO (ADDFX2M)         0.46       4.40 f
  B2/div_39/u_div/u_fa_PartRem_0_4_2/CO (ADDFX2M)         0.33       4.73 f
  B2/div_39/u_div/u_fa_PartRem_0_4_3/CO (ADDFX2M)         0.31       5.04 f
  B2/div_39/U67/Y (AND2X1M)                               0.28       5.31 f
  B2/div_39/U56/Y (CLKMX2X2M)                             0.24       5.55 f
  B2/div_39/u_div/u_fa_PartRem_0_3_1/CO (ADDFX2M)         0.46       6.01 f
  B2/div_39/u_div/u_fa_PartRem_0_3_2/CO (ADDFX2M)         0.33       6.33 f
  B2/div_39/u_div/u_fa_PartRem_0_3_3/CO (ADDFX2M)         0.33       6.66 f
  B2/div_39/u_div/u_fa_PartRem_0_3_4/CO (ADDFX2M)         0.31       6.97 f
  B2/div_39/U69/Y (AND3X1M)                               0.39       7.36 f
  B2/div_39/U59/Y (CLKMX2X2M)                             0.25       7.61 f
  B2/div_39/u_div/u_fa_PartRem_0_2_1/CO (ADDFX2M)         0.46       8.06 f
  B2/div_39/u_div/u_fa_PartRem_0_2_2/CO (ADDFX2M)         0.33       8.39 f
  B2/div_39/u_div/u_fa_PartRem_0_2_3/CO (ADDFX2M)         0.33       8.72 f
  B2/div_39/u_div/u_fa_PartRem_0_2_4/CO (ADDFX2M)         0.33       9.05 f
  B2/div_39/u_div/u_fa_PartRem_0_2_5/CO (ADDFX2M)         0.31       9.36 f
  B2/div_39/U70/Y (AND2X1M)                               0.32       9.68 f
  B2/div_39/U61/Y (CLKMX2X2M)                             0.25       9.93 f
  B2/div_39/u_div/u_fa_PartRem_0_1_1/CO (ADDFX2M)         0.46      10.39 f
  B2/div_39/u_div/u_fa_PartRem_0_1_2/CO (ADDFX2M)         0.33      10.71 f
  B2/div_39/u_div/u_fa_PartRem_0_1_3/CO (ADDFX2M)         0.33      11.04 f
  B2/div_39/u_div/u_fa_PartRem_0_1_4/CO (ADDFX2M)         0.33      11.37 f
  B2/div_39/u_div/u_fa_PartRem_0_1_5/CO (ADDFX2M)         0.33      11.70 f
  B2/div_39/u_div/u_fa_PartRem_0_1_6/CO (ADDFX2M)         0.31      12.01 f
  B2/div_39/U72/Y (AND2X1M)                               0.34      12.35 f
  B2/div_39/U62/Y (CLKMX2X2M)                             0.24      12.59 f
  B2/div_39/u_div/u_fa_PartRem_0_0_1/CO (ADDFX2M)         0.45      13.04 f
  B2/div_39/u_div/u_fa_PartRem_0_0_2/CO (ADDFX2M)         0.33      13.37 f
  B2/div_39/u_div/u_fa_PartRem_0_0_3/CO (ADDFX2M)         0.33      13.70 f
  B2/div_39/u_div/u_fa_PartRem_0_0_4/CO (ADDFX2M)         0.33      14.02 f
  B2/div_39/u_div/u_fa_PartRem_0_0_5/CO (ADDFX2M)         0.33      14.35 f
  B2/div_39/u_div/u_fa_PartRem_0_0_6/CO (ADDFX2M)         0.33      14.68 f
  B2/div_39/u_div/u_fa_PartRem_0_0_7/CO (ADDFX2M)         0.32      15.00 f
  B2/div_39/quotient[0] (alU_DW_div_uns_0)                0.00      15.00 f
  B2/U43/Y (AOI222X1M)                                    0.41      15.41 r
  B2/U40/Y (AOI31X2M)                                     0.14      15.55 f
  B2/ALU_OUT_reg[0]/D (DFFRQX2M)                          0.00      15.55 f
  data arrival time                                                 15.55

  clock ALU_CLK (rise edge)                              20.00      20.00
  clock network delay (ideal)                             0.00      20.00
  clock uncertainty                                      -0.20      19.80
  B2/ALU_OUT_reg[0]/CK (DFFRQX2M)                         0.00      19.80 r
  library setup time                                     -0.16      19.64
  data required time                                                19.64
  --------------------------------------------------------------------------
  data required time                                                19.64
  data arrival time                                                -15.55
  --------------------------------------------------------------------------
  slack (MET)                                                        4.09


  Startpoint: B1/RegFile_reg[1][6]
              (rising edge-triggered flip-flop clocked by REF_CLK)
  Endpoint: B2/ALU_OUT_reg[1]
            (rising edge-triggered flip-flop clocked by ALU_CLK)
  Path Group: ALU_CLK
  Path Type: max

  Point                                                   Incr       Path
  --------------------------------------------------------------------------
  clock REF_CLK (rise edge)                               0.00       0.00
  clock network delay (ideal)                             0.00       0.00
  B1/RegFile_reg[1][6]/CK (DFFRQX2M)                      0.00       0.00 r
  B1/RegFile_reg[1][6]/Q (DFFRQX2M)                       0.48       0.48 f
  B1/REG1[6] (RegFile)                                    0.00       0.48 f
  B2/B[6] (alU)                                           0.00       0.48 f
  B2/U92/Y (BUFX2M)                                       0.21       0.70 f
  B2/div_39/b[6] (alU_DW_div_uns_0)                       0.00       0.70 f
  B2/div_39/U71/Y (NOR2X1M)                               0.16       0.86 r
  B2/div_39/U68/Y (AND3X1M)                               0.20       1.06 r
  B2/div_39/U66/Y (AND2X1M)                               0.16       1.22 r
  B2/div_39/U63/Y (AND4X1M)                               0.25       1.47 r
  B2/div_39/U41/Y (CLKMX2X2M)                             0.24       1.72 f
  B2/div_39/u_div/u_fa_PartRem_0_6_1/CO (ADDFX2M)         0.44       2.15 f
  B2/div_39/U64/Y (AND3X1M)                               0.32       2.47 f
  B2/div_39/U47/Y (CLKMX2X2M)                             0.24       2.71 r
  B2/div_39/u_div/u_fa_PartRem_0_5_1/CO (ADDFX2M)         0.49       3.20 r
  B2/div_39/u_div/u_fa_PartRem_0_5_2/CO (ADDFX2M)         0.24       3.43 r
  B2/div_39/U65/Y (AND2X1M)                               0.24       3.68 r
  B2/div_39/U52/Y (CLKMX2X2M)                             0.27       3.94 f
  B2/div_39/u_div/u_fa_PartRem_0_4_1/CO (ADDFX2M)         0.46       4.40 f
  B2/div_39/u_div/u_fa_PartRem_0_4_2/CO (ADDFX2M)         0.33       4.73 f
  B2/div_39/u_div/u_fa_PartRem_0_4_3/CO (ADDFX2M)         0.31       5.04 f
  B2/div_39/U67/Y (AND2X1M)                               0.28       5.31 f
  B2/div_39/U56/Y (CLKMX2X2M)                             0.24       5.55 f
  B2/div_39/u_div/u_fa_PartRem_0_3_1/CO (ADDFX2M)         0.46       6.01 f
  B2/div_39/u_div/u_fa_PartRem_0_3_2/CO (ADDFX2M)         0.33       6.33 f
  B2/div_39/u_div/u_fa_PartRem_0_3_3/CO (ADDFX2M)         0.33       6.66 f
  B2/div_39/u_div/u_fa_PartRem_0_3_4/CO (ADDFX2M)         0.31       6.97 f
  B2/div_39/U69/Y (AND3X1M)                               0.39       7.36 f
  B2/div_39/U59/Y (CLKMX2X2M)                             0.25       7.61 f
  B2/div_39/u_div/u_fa_PartRem_0_2_1/CO (ADDFX2M)         0.46       8.06 f
  B2/div_39/u_div/u_fa_PartRem_0_2_2/CO (ADDFX2M)         0.33       8.39 f
  B2/div_39/u_div/u_fa_PartRem_0_2_3/CO (ADDFX2M)         0.33       8.72 f
  B2/div_39/u_div/u_fa_PartRem_0_2_4/CO (ADDFX2M)         0.33       9.05 f
  B2/div_39/u_div/u_fa_PartRem_0_2_5/CO (ADDFX2M)         0.31       9.36 f
  B2/div_39/U70/Y (AND2X1M)                               0.32       9.68 f
  B2/div_39/U61/Y (CLKMX2X2M)                             0.25       9.93 f
  B2/div_39/u_div/u_fa_PartRem_0_1_1/CO (ADDFX2M)         0.46      10.39 f
  B2/div_39/u_div/u_fa_PartRem_0_1_2/CO (ADDFX2M)         0.33      10.71 f
  B2/div_39/u_div/u_fa_PartRem_0_1_3/CO (ADDFX2M)         0.33      11.04 f
  B2/div_39/u_div/u_fa_PartRem_0_1_4/CO (ADDFX2M)         0.33      11.37 f
  B2/div_39/u_div/u_fa_PartRem_0_1_5/CO (ADDFX2M)         0.33      11.70 f
  B2/div_39/u_div/u_fa_PartRem_0_1_6/CO (ADDFX2M)         0.31      12.01 f
  B2/div_39/U72/Y (AND2X1M)                               0.34      12.35 f
  B2/div_39/quotient[1] (alU_DW_div_uns_0)                0.00      12.35 f
  B2/U47/Y (AOI222X1M)                                    0.31      12.65 r
  B2/U44/Y (AOI31X2M)                                     0.14      12.79 f
  B2/ALU_OUT_reg[1]/D (DFFRQX2M)                          0.00      12.79 f
  data arrival time                                                 12.79

  clock ALU_CLK (rise edge)                              20.00      20.00
  clock network delay (ideal)                             0.00      20.00
  clock uncertainty                                      -0.20      19.80
  B2/ALU_OUT_reg[1]/CK (DFFRQX2M)                         0.00      19.80 r
  library setup time                                     -0.16      19.64
  data required time                                                19.64
  --------------------------------------------------------------------------
  data required time                                                19.64
  data arrival time                                                -12.79
  --------------------------------------------------------------------------
  slack (MET)                                                        6.85


  Startpoint: B1/RegFile_reg[1][6]
              (rising edge-triggered flip-flop clocked by REF_CLK)
  Endpoint: B2/ALU_OUT_reg[2]
            (rising edge-triggered flip-flop clocked by ALU_CLK)
  Path Group: ALU_CLK
  Path Type: max

  Point                                                   Incr       Path
  --------------------------------------------------------------------------
  clock REF_CLK (rise edge)                               0.00       0.00
  clock network delay (ideal)                             0.00       0.00
  B1/RegFile_reg[1][6]/CK (DFFRQX2M)                      0.00       0.00 r
  B1/RegFile_reg[1][6]/Q (DFFRQX2M)                       0.48       0.48 f
  B1/REG1[6] (RegFile)                                    0.00       0.48 f
  B2/B[6] (alU)                                           0.00       0.48 f
  B2/U92/Y (BUFX2M)                                       0.21       0.70 f
  B2/div_39/b[6] (alU_DW_div_uns_0)                       0.00       0.70 f
  B2/div_39/U71/Y (NOR2X1M)                               0.16       0.86 r
  B2/div_39/U68/Y (AND3X1M)                               0.20       1.06 r
  B2/div_39/U66/Y (AND2X1M)                               0.16       1.22 r
  B2/div_39/U63/Y (AND4X1M)                               0.25       1.47 r
  B2/div_39/U41/Y (CLKMX2X2M)                             0.24       1.72 f
  B2/div_39/u_div/u_fa_PartRem_0_6_1/CO (ADDFX2M)         0.44       2.15 f
  B2/div_39/U64/Y (AND3X1M)                               0.32       2.47 f
  B2/div_39/U47/Y (CLKMX2X2M)                             0.24       2.71 r
  B2/div_39/u_div/u_fa_PartRem_0_5_1/CO (ADDFX2M)         0.49       3.20 r
  B2/div_39/u_div/u_fa_PartRem_0_5_2/CO (ADDFX2M)         0.24       3.43 r
  B2/div_39/U65/Y (AND2X1M)                               0.24       3.68 r
  B2/div_39/U52/Y (CLKMX2X2M)                             0.27       3.94 f
  B2/div_39/u_div/u_fa_PartRem_0_4_1/CO (ADDFX2M)         0.46       4.40 f
  B2/div_39/u_div/u_fa_PartRem_0_4_2/CO (ADDFX2M)         0.33       4.73 f
  B2/div_39/u_div/u_fa_PartRem_0_4_3/CO (ADDFX2M)         0.31       5.04 f
  B2/div_39/U67/Y (AND2X1M)                               0.28       5.31 f
  B2/div_39/U56/Y (CLKMX2X2M)                             0.24       5.55 f
  B2/div_39/u_div/u_fa_PartRem_0_3_1/CO (ADDFX2M)         0.46       6.01 f
  B2/div_39/u_div/u_fa_PartRem_0_3_2/CO (ADDFX2M)         0.33       6.33 f
  B2/div_39/u_div/u_fa_PartRem_0_3_3/CO (ADDFX2M)         0.33       6.66 f
  B2/div_39/u_div/u_fa_PartRem_0_3_4/CO (ADDFX2M)         0.31       6.97 f
  B2/div_39/U69/Y (AND3X1M)                               0.39       7.36 f
  B2/div_39/U59/Y (CLKMX2X2M)                             0.25       7.61 f
  B2/div_39/u_div/u_fa_PartRem_0_2_1/CO (ADDFX2M)         0.46       8.06 f
  B2/div_39/u_div/u_fa_PartRem_0_2_2/CO (ADDFX2M)         0.33       8.39 f
  B2/div_39/u_div/u_fa_PartRem_0_2_3/CO (ADDFX2M)         0.33       8.72 f
  B2/div_39/u_div/u_fa_PartRem_0_2_4/CO (ADDFX2M)         0.33       9.05 f
  B2/div_39/u_div/u_fa_PartRem_0_2_5/CO (ADDFX2M)         0.31       9.36 f
  B2/div_39/U70/Y (AND2X1M)                               0.32       9.68 f
  B2/div_39/quotient[2] (alU_DW_div_uns_0)                0.00       9.68 f
  B2/U51/Y (AOI222X1M)                                    0.44      10.12 r
  B2/U48/Y (AOI31X2M)                                     0.14      10.26 f
  B2/ALU_OUT_reg[2]/D (DFFRQX2M)                          0.00      10.26 f
  data arrival time                                                 10.26

  clock ALU_CLK (rise edge)                              20.00      20.00
  clock network delay (ideal)                             0.00      20.00
  clock uncertainty                                      -0.20      19.80
  B2/ALU_OUT_reg[2]/CK (DFFRQX2M)                         0.00      19.80 r
  library setup time                                     -0.16      19.64
  data required time                                                19.64
  --------------------------------------------------------------------------
  data required time                                                19.64
  data arrival time                                                -10.26
  --------------------------------------------------------------------------
  slack (MET)                                                        9.38


  Startpoint: B1/RegFile_reg[1][6]
              (rising edge-triggered flip-flop clocked by REF_CLK)
  Endpoint: B2/ALU_OUT_reg[3]
            (rising edge-triggered flip-flop clocked by ALU_CLK)
  Path Group: ALU_CLK
  Path Type: max

  Point                                                   Incr       Path
  --------------------------------------------------------------------------
  clock REF_CLK (rise edge)                               0.00       0.00
  clock network delay (ideal)                             0.00       0.00
  B1/RegFile_reg[1][6]/CK (DFFRQX2M)                      0.00       0.00 r
  B1/RegFile_reg[1][6]/Q (DFFRQX2M)                       0.48       0.48 f
  B1/REG1[6] (RegFile)                                    0.00       0.48 f
  B2/B[6] (alU)                                           0.00       0.48 f
  B2/U92/Y (BUFX2M)                                       0.21       0.70 f
  B2/div_39/b[6] (alU_DW_div_uns_0)                       0.00       0.70 f
  B2/div_39/U71/Y (NOR2X1M)                               0.16       0.86 r
  B2/div_39/U68/Y (AND3X1M)                               0.20       1.06 r
  B2/div_39/U66/Y (AND2X1M)                               0.16       1.22 r
  B2/div_39/U63/Y (AND4X1M)                               0.25       1.47 r
  B2/div_39/U41/Y (CLKMX2X2M)                             0.24       1.72 f
  B2/div_39/u_div/u_fa_PartRem_0_6_1/CO (ADDFX2M)         0.44       2.15 f
  B2/div_39/U64/Y (AND3X1M)                               0.32       2.47 f
  B2/div_39/U47/Y (CLKMX2X2M)                             0.24       2.71 r
  B2/div_39/u_div/u_fa_PartRem_0_5_1/CO (ADDFX2M)         0.49       3.20 r
  B2/div_39/u_div/u_fa_PartRem_0_5_2/CO (ADDFX2M)         0.24       3.43 r
  B2/div_39/U65/Y (AND2X1M)                               0.24       3.68 r
  B2/div_39/U52/Y (CLKMX2X2M)                             0.27       3.94 f
  B2/div_39/u_div/u_fa_PartRem_0_4_1/CO (ADDFX2M)         0.46       4.40 f
  B2/div_39/u_div/u_fa_PartRem_0_4_2/CO (ADDFX2M)         0.33       4.73 f
  B2/div_39/u_div/u_fa_PartRem_0_4_3/CO (ADDFX2M)         0.31       5.04 f
  B2/div_39/U67/Y (AND2X1M)                               0.28       5.31 f
  B2/div_39/U56/Y (CLKMX2X2M)                             0.24       5.55 f
  B2/div_39/u_div/u_fa_PartRem_0_3_1/CO (ADDFX2M)         0.46       6.01 f
  B2/div_39/u_div/u_fa_PartRem_0_3_2/CO (ADDFX2M)         0.33       6.33 f
  B2/div_39/u_div/u_fa_PartRem_0_3_3/CO (ADDFX2M)         0.33       6.66 f
  B2/div_39/u_div/u_fa_PartRem_0_3_4/CO (ADDFX2M)         0.31       6.97 f
  B2/div_39/U69/Y (AND3X1M)                               0.39       7.36 f
  B2/div_39/quotient[3] (alU_DW_div_uns_0)                0.00       7.36 f
  B2/U55/Y (AOI222X1M)                                    0.44       7.80 r
  B2/U52/Y (AOI31X2M)                                     0.14       7.94 f
  B2/ALU_OUT_reg[3]/D (DFFRQX2M)                          0.00       7.94 f
  data arrival time                                                  7.94

  clock ALU_CLK (rise edge)                              20.00      20.00
  clock network delay (ideal)                             0.00      20.00
  clock uncertainty                                      -0.20      19.80
  B2/ALU_OUT_reg[3]/CK (DFFRQX2M)                         0.00      19.80 r
  library setup time                                     -0.16      19.64
  data required time                                                19.64
  --------------------------------------------------------------------------
  data required time                                                19.64
  data arrival time                                                 -7.94
  --------------------------------------------------------------------------
  slack (MET)                                                       11.70


  Startpoint: B1/RegFile_reg[0][0]
              (rising edge-triggered flip-flop clocked by REF_CLK)
  Endpoint: B2/ALU_OUT_reg[15]
            (rising edge-triggered flip-flop clocked by ALU_CLK)
  Path Group: ALU_CLK
  Path Type: max

  Point                                                   Incr       Path
  --------------------------------------------------------------------------
  clock REF_CLK (rise edge)                               0.00       0.00
  clock network delay (ideal)                             0.00       0.00
  B1/RegFile_reg[0][0]/CK (DFFRQX2M)                      0.00       0.00 r
  B1/RegFile_reg[0][0]/Q (DFFRQX2M)                       0.39       0.39 r
  B1/REG0[0] (RegFile)                                    0.00       0.39 r
  B2/A[0] (alU)                                           0.00       0.39 r
  B2/U99/Y (BUFX2M)                                       0.26       0.65 r
  B2/mult_38/A[0] (alU_DW02_mult_0)                       0.00       0.65 r
  B2/mult_38/U36/Y (INVX2M)                               0.14       0.79 f
  B2/mult_38/U114/Y (NOR2X1M)                             0.18       0.97 r
  B2/mult_38/U3/Y (AND2X2M)                               0.16       1.13 r
  B2/mult_38/S2_2_2/CO (ADDFX2M)                          0.54       1.67 r
  B2/mult_38/S2_3_2/CO (ADDFX2M)                          0.55       2.22 r
  B2/mult_38/S2_4_2/CO (ADDFX2M)                          0.55       2.77 r
  B2/mult_38/S2_5_2/CO (ADDFX2M)                          0.55       3.32 r
  B2/mult_38/S2_6_2/CO (ADDFX2M)                          0.55       3.88 r
  B2/mult_38/S4_2/S (ADDFX2M)                             0.58       4.45 f
  B2/mult_38/U11/Y (CLKXOR2X2M)                           0.31       4.76 r
  B2/mult_38/FS_1/A[7] (alU_DW01_add_1)                   0.00       4.76 r
  B2/mult_38/FS_1/U3/Y (NAND2X2M)                         0.07       4.83 f
  B2/mult_38/FS_1/U23/Y (OA21X1M)                         0.37       5.20 f
  B2/mult_38/FS_1/U20/Y (AOI2BB1X1M)                      0.26       5.46 f
  B2/mult_38/FS_1/U18/Y (OA21X1M)                         0.40       5.86 f
  B2/mult_38/FS_1/U13/Y (OAI21BX1M)                       0.25       6.11 r
  B2/mult_38/FS_1/U11/Y (OAI21X1M)                        0.13       6.24 f
  B2/mult_38/FS_1/U2/Y (AOI21BX2M)                        0.17       6.41 f
  B2/mult_38/FS_1/U4/Y (XNOR2X2M)                         0.12       6.53 r
  B2/mult_38/FS_1/SUM[13] (alU_DW01_add_1)                0.00       6.53 r
  B2/mult_38/PRODUCT[15] (alU_DW02_mult_0)                0.00       6.53 r
  B2/U4/Y (OAI2BB1X2M)                                    0.15       6.68 r
  B2/ALU_OUT_reg[15]/D (DFFRQX2M)                         0.00       6.68 r
  data arrival time                                                  6.68

  clock ALU_CLK (rise edge)                              20.00      20.00
  clock network delay (ideal)                             0.00      20.00
  clock uncertainty                                      -0.20      19.80
  B2/ALU_OUT_reg[15]/CK (DFFRQX2M)                        0.00      19.80 r
  library setup time                                     -0.29      19.51
  data required time                                                19.51
  --------------------------------------------------------------------------
  data required time                                                19.51
  data arrival time                                                 -6.68
  --------------------------------------------------------------------------
  slack (MET)                                                       12.83


  Startpoint: B1/RegFile_reg[0][0]
              (rising edge-triggered flip-flop clocked by REF_CLK)
  Endpoint: B2/ALU_OUT_reg[14]
            (rising edge-triggered flip-flop clocked by ALU_CLK)
  Path Group: ALU_CLK
  Path Type: max

  Point                                                   Incr       Path
  --------------------------------------------------------------------------
  clock REF_CLK (rise edge)                               0.00       0.00
  clock network delay (ideal)                             0.00       0.00
  B1/RegFile_reg[0][0]/CK (DFFRQX2M)                      0.00       0.00 r
  B1/RegFile_reg[0][0]/Q (DFFRQX2M)                       0.39       0.39 r
  B1/REG0[0] (RegFile)                                    0.00       0.39 r
  B2/A[0] (alU)                                           0.00       0.39 r
  B2/U99/Y (BUFX2M)                                       0.26       0.65 r
  B2/mult_38/A[0] (alU_DW02_mult_0)                       0.00       0.65 r
  B2/mult_38/U36/Y (INVX2M)                               0.14       0.79 f
  B2/mult_38/U114/Y (NOR2X1M)                             0.18       0.97 r
  B2/mult_38/U3/Y (AND2X2M)                               0.16       1.13 r
  B2/mult_38/S2_2_2/CO (ADDFX2M)                          0.54       1.67 r
  B2/mult_38/S2_3_2/CO (ADDFX2M)                          0.55       2.22 r
  B2/mult_38/S2_4_2/CO (ADDFX2M)                          0.55       2.77 r
  B2/mult_38/S2_5_2/CO (ADDFX2M)                          0.55       3.32 r
  B2/mult_38/S2_6_2/CO (ADDFX2M)                          0.55       3.88 r
  B2/mult_38/S4_2/S (ADDFX2M)                             0.58       4.45 f
  B2/mult_38/U11/Y (CLKXOR2X2M)                           0.31       4.76 r
  B2/mult_38/FS_1/A[7] (alU_DW01_add_1)                   0.00       4.76 r
  B2/mult_38/FS_1/U3/Y (NAND2X2M)                         0.07       4.83 f
  B2/mult_38/FS_1/U23/Y (OA21X1M)                         0.37       5.20 f
  B2/mult_38/FS_1/U20/Y (AOI2BB1X1M)                      0.26       5.46 f
  B2/mult_38/FS_1/U18/Y (OA21X1M)                         0.40       5.86 f
  B2/mult_38/FS_1/U13/Y (OAI21BX1M)                       0.25       6.11 r
  B2/mult_38/FS_1/U12/Y (XOR3XLM)                         0.16       6.27 r
  B2/mult_38/FS_1/SUM[12] (alU_DW01_add_1)                0.00       6.27 r
  B2/mult_38/PRODUCT[14] (alU_DW02_mult_0)                0.00       6.27 r
  B2/U7/Y (OAI2BB1X2M)                                    0.13       6.40 r
  B2/ALU_OUT_reg[14]/D (DFFRQX2M)                         0.00       6.40 r
  data arrival time                                                  6.40

  clock ALU_CLK (rise edge)                              20.00      20.00
  clock network delay (ideal)                             0.00      20.00
  clock uncertainty                                      -0.20      19.80
  B2/ALU_OUT_reg[14]/CK (DFFRQX2M)                        0.00      19.80 r
  library setup time                                     -0.29      19.51
  data required time                                                19.51
  --------------------------------------------------------------------------
  data required time                                                19.51
  data arrival time                                                 -6.40
  --------------------------------------------------------------------------
  slack (MET)                                                       13.10


  Startpoint: B1/RegFile_reg[0][0]
              (rising edge-triggered flip-flop clocked by REF_CLK)
  Endpoint: B2/ALU_OUT_reg[13]
            (rising edge-triggered flip-flop clocked by ALU_CLK)
  Path Group: ALU_CLK
  Path Type: max

  Point                                                   Incr       Path
  --------------------------------------------------------------------------
  clock REF_CLK (rise edge)                               0.00       0.00
  clock network delay (ideal)                             0.00       0.00
  B1/RegFile_reg[0][0]/CK (DFFRQX2M)                      0.00       0.00 r
  B1/RegFile_reg[0][0]/Q (DFFRQX2M)                       0.39       0.39 r
  B1/REG0[0] (RegFile)                                    0.00       0.39 r
  B2/A[0] (alU)                                           0.00       0.39 r
  B2/U99/Y (BUFX2M)                                       0.26       0.65 r
  B2/mult_38/A[0] (alU_DW02_mult_0)                       0.00       0.65 r
  B2/mult_38/U36/Y (INVX2M)                               0.14       0.79 f
  B2/mult_38/U114/Y (NOR2X1M)                             0.18       0.97 r
  B2/mult_38/U3/Y (AND2X2M)                               0.16       1.13 r
  B2/mult_38/S2_2_2/CO (ADDFX2M)                          0.54       1.67 r
  B2/mult_38/S2_3_2/CO (ADDFX2M)                          0.55       2.22 r
  B2/mult_38/S2_4_2/CO (ADDFX2M)                          0.55       2.77 r
  B2/mult_38/S2_5_2/CO (ADDFX2M)                          0.55       3.32 r
  B2/mult_38/S2_6_2/CO (ADDFX2M)                          0.55       3.88 r
  B2/mult_38/S4_2/S (ADDFX2M)                             0.58       4.45 f
  B2/mult_38/U11/Y (CLKXOR2X2M)                           0.31       4.76 r
  B2/mult_38/FS_1/A[7] (alU_DW01_add_1)                   0.00       4.76 r
  B2/mult_38/FS_1/U3/Y (NAND2X2M)                         0.07       4.83 f
  B2/mult_38/FS_1/U23/Y (OA21X1M)                         0.37       5.20 f
  B2/mult_38/FS_1/U20/Y (AOI2BB1X1M)                      0.26       5.46 f
  B2/mult_38/FS_1/U18/Y (OA21X1M)                         0.40       5.86 f
  B2/mult_38/FS_1/U14/Y (XNOR2X1M)                        0.10       5.97 r
  B2/mult_38/FS_1/SUM[11] (alU_DW01_add_1)                0.00       5.97 r
  B2/mult_38/PRODUCT[13] (alU_DW02_mult_0)                0.00       5.97 r
  B2/U9/Y (OAI2BB1X2M)                                    0.15       6.12 r
  B2/ALU_OUT_reg[13]/D (DFFRQX2M)                         0.00       6.12 r
  data arrival time                                                  6.12

  clock ALU_CLK (rise edge)                              20.00      20.00
  clock network delay (ideal)                             0.00      20.00
  clock uncertainty                                      -0.20      19.80
  B2/ALU_OUT_reg[13]/CK (DFFRQX2M)                        0.00      19.80 r
  library setup time                                     -0.29      19.51
  data required time                                                19.51
  --------------------------------------------------------------------------
  data required time                                                19.51
  data arrival time                                                 -6.12
  --------------------------------------------------------------------------
  slack (MET)                                                       13.39


  Startpoint: B1/RegFile_reg[0][0]
              (rising edge-triggered flip-flop clocked by REF_CLK)
  Endpoint: B2/ALU_OUT_reg[12]
            (rising edge-triggered flip-flop clocked by ALU_CLK)
  Path Group: ALU_CLK
  Path Type: max

  Point                                                   Incr       Path
  --------------------------------------------------------------------------
  clock REF_CLK (rise edge)                               0.00       0.00
  clock network delay (ideal)                             0.00       0.00
  B1/RegFile_reg[0][0]/CK (DFFRQX2M)                      0.00       0.00 r
  B1/RegFile_reg[0][0]/Q (DFFRQX2M)                       0.39       0.39 r
  B1/REG0[0] (RegFile)                                    0.00       0.39 r
  B2/A[0] (alU)                                           0.00       0.39 r
  B2/U99/Y (BUFX2M)                                       0.26       0.65 r
  B2/mult_38/A[0] (alU_DW02_mult_0)                       0.00       0.65 r
  B2/mult_38/U36/Y (INVX2M)                               0.14       0.79 f
  B2/mult_38/U114/Y (NOR2X1M)                             0.18       0.97 r
  B2/mult_38/U3/Y (AND2X2M)                               0.16       1.13 r
  B2/mult_38/S2_2_2/CO (ADDFX2M)                          0.54       1.67 r
  B2/mult_38/S2_3_2/CO (ADDFX2M)                          0.55       2.22 r
  B2/mult_38/S2_4_2/CO (ADDFX2M)                          0.55       2.77 r
  B2/mult_38/S2_5_2/CO (ADDFX2M)                          0.55       3.32 r
  B2/mult_38/S2_6_2/CO (ADDFX2M)                          0.55       3.88 r
  B2/mult_38/S4_2/S (ADDFX2M)                             0.58       4.45 f
  B2/mult_38/U11/Y (CLKXOR2X2M)                           0.31       4.76 r
  B2/mult_38/FS_1/A[7] (alU_DW01_add_1)                   0.00       4.76 r
  B2/mult_38/FS_1/U3/Y (NAND2X2M)                         0.07       4.83 f
  B2/mult_38/FS_1/U23/Y (OA21X1M)                         0.37       5.20 f
  B2/mult_38/FS_1/U20/Y (AOI2BB1X1M)                      0.26       5.46 f
  B2/mult_38/FS_1/U19/Y (CLKXOR2X2M)                      0.26       5.73 r
  B2/mult_38/FS_1/SUM[10] (alU_DW01_add_1)                0.00       5.73 r
  B2/mult_38/PRODUCT[12] (alU_DW02_mult_0)                0.00       5.73 r
  B2/U8/Y (OAI2BB1X2M)                                    0.12       5.85 r
  B2/ALU_OUT_reg[12]/D (DFFRQX2M)                         0.00       5.85 r
  data arrival time                                                  5.85

  clock ALU_CLK (rise edge)                              20.00      20.00
  clock network delay (ideal)                             0.00      20.00
  clock uncertainty                                      -0.20      19.80
  B2/ALU_OUT_reg[12]/CK (DFFRQX2M)                        0.00      19.80 r
  library setup time                                     -0.29      19.51
  data required time                                                19.51
  --------------------------------------------------------------------------
  data required time                                                19.51
  data arrival time                                                 -5.85
  --------------------------------------------------------------------------
  slack (MET)                                                       13.66


  Startpoint: B1/RegFile_reg[1][6]
              (rising edge-triggered flip-flop clocked by REF_CLK)
  Endpoint: B2/ALU_OUT_reg[4]
            (rising edge-triggered flip-flop clocked by ALU_CLK)
  Path Group: ALU_CLK
  Path Type: max

  Point                                                   Incr       Path
  --------------------------------------------------------------------------
  clock REF_CLK (rise edge)                               0.00       0.00
  clock network delay (ideal)                             0.00       0.00
  B1/RegFile_reg[1][6]/CK (DFFRQX2M)                      0.00       0.00 r
  B1/RegFile_reg[1][6]/Q (DFFRQX2M)                       0.48       0.48 f
  B1/REG1[6] (RegFile)                                    0.00       0.48 f
  B2/B[6] (alU)                                           0.00       0.48 f
  B2/U92/Y (BUFX2M)                                       0.21       0.70 f
  B2/div_39/b[6] (alU_DW_div_uns_0)                       0.00       0.70 f
  B2/div_39/U71/Y (NOR2X1M)                               0.16       0.86 r
  B2/div_39/U68/Y (AND3X1M)                               0.20       1.06 r
  B2/div_39/U66/Y (AND2X1M)                               0.16       1.22 r
  B2/div_39/U63/Y (AND4X1M)                               0.25       1.47 r
  B2/div_39/U41/Y (CLKMX2X2M)                             0.24       1.72 f
  B2/div_39/u_div/u_fa_PartRem_0_6_1/CO (ADDFX2M)         0.44       2.15 f
  B2/div_39/U64/Y (AND3X1M)                               0.32       2.47 f
  B2/div_39/U47/Y (CLKMX2X2M)                             0.24       2.71 r
  B2/div_39/u_div/u_fa_PartRem_0_5_1/CO (ADDFX2M)         0.49       3.20 r
  B2/div_39/u_div/u_fa_PartRem_0_5_2/CO (ADDFX2M)         0.24       3.43 r
  B2/div_39/U65/Y (AND2X1M)                               0.24       3.68 r
  B2/div_39/U52/Y (CLKMX2X2M)                             0.27       3.94 f
  B2/div_39/u_div/u_fa_PartRem_0_4_1/CO (ADDFX2M)         0.46       4.40 f
  B2/div_39/u_div/u_fa_PartRem_0_4_2/CO (ADDFX2M)         0.33       4.73 f
  B2/div_39/u_div/u_fa_PartRem_0_4_3/CO (ADDFX2M)         0.31       5.04 f
  B2/div_39/U67/Y (AND2X1M)                               0.28       5.31 f
  B2/div_39/quotient[4] (alU_DW_div_uns_0)                0.00       5.31 f
  B2/U59/Y (AOI222X1M)                                    0.43       5.74 r
  B2/U56/Y (AOI31X2M)                                     0.14       5.88 f
  B2/ALU_OUT_reg[4]/D (DFFRQX2M)                          0.00       5.88 f
  data arrival time                                                  5.88

  clock ALU_CLK (rise edge)                              20.00      20.00
  clock network delay (ideal)                             0.00      20.00
  clock uncertainty                                      -0.20      19.80
  B2/ALU_OUT_reg[4]/CK (DFFRQX2M)                         0.00      19.80 r
  library setup time                                     -0.16      19.64
  data required time                                                19.64
  --------------------------------------------------------------------------
  data required time                                                19.64
  data arrival time                                                 -5.88
  --------------------------------------------------------------------------
  slack (MET)                                                       13.76


  Startpoint: B1/RegFile_reg[0][0]
              (rising edge-triggered flip-flop clocked by REF_CLK)
  Endpoint: B2/ALU_OUT_reg[11]
            (rising edge-triggered flip-flop clocked by ALU_CLK)
  Path Group: ALU_CLK
  Path Type: max

  Point                                                   Incr       Path
  --------------------------------------------------------------------------
  clock REF_CLK (rise edge)                               0.00       0.00
  clock network delay (ideal)                             0.00       0.00
  B1/RegFile_reg[0][0]/CK (DFFRQX2M)                      0.00       0.00 r
  B1/RegFile_reg[0][0]/Q (DFFRQX2M)                       0.39       0.39 r
  B1/REG0[0] (RegFile)                                    0.00       0.39 r
  B2/A[0] (alU)                                           0.00       0.39 r
  B2/U99/Y (BUFX2M)                                       0.26       0.65 r
  B2/mult_38/A[0] (alU_DW02_mult_0)                       0.00       0.65 r
  B2/mult_38/U36/Y (INVX2M)                               0.14       0.79 f
  B2/mult_38/U114/Y (NOR2X1M)                             0.18       0.97 r
  B2/mult_38/U3/Y (AND2X2M)                               0.16       1.13 r
  B2/mult_38/S2_2_2/CO (ADDFX2M)                          0.54       1.67 r
  B2/mult_38/S2_3_2/CO (ADDFX2M)                          0.55       2.22 r
  B2/mult_38/S2_4_2/CO (ADDFX2M)                          0.55       2.77 r
  B2/mult_38/S2_5_2/CO (ADDFX2M)                          0.55       3.32 r
  B2/mult_38/S2_6_2/CO (ADDFX2M)                          0.55       3.88 r
  B2/mult_38/S4_2/S (ADDFX2M)                             0.58       4.45 f
  B2/mult_38/U11/Y (CLKXOR2X2M)                           0.31       4.76 r
  B2/mult_38/FS_1/A[7] (alU_DW01_add_1)                   0.00       4.76 r
  B2/mult_38/FS_1/U3/Y (NAND2X2M)                         0.07       4.83 f
  B2/mult_38/FS_1/U23/Y (OA21X1M)                         0.37       5.20 f
  B2/mult_38/FS_1/U7/Y (XNOR2X1M)                         0.10       5.31 r
  B2/mult_38/FS_1/SUM[9] (alU_DW01_add_1)                 0.00       5.31 r
  B2/mult_38/PRODUCT[11] (alU_DW02_mult_0)                0.00       5.31 r
  B2/U12/Y (OAI2BB1X2M)                                   0.15       5.46 r
  B2/ALU_OUT_reg[11]/D (DFFRQX2M)                         0.00       5.46 r
  data arrival time                                                  5.46

  clock ALU_CLK (rise edge)                              20.00      20.00
  clock network delay (ideal)                             0.00      20.00
  clock uncertainty                                      -0.20      19.80
  B2/ALU_OUT_reg[11]/CK (DFFRQX2M)                        0.00      19.80 r
  library setup time                                     -0.29      19.51
  data required time                                                19.51
  --------------------------------------------------------------------------
  data required time                                                19.51
  data arrival time                                                 -5.46
  --------------------------------------------------------------------------
  slack (MET)                                                       14.05


  Startpoint: B1/RegFile_reg[0][0]
              (rising edge-triggered flip-flop clocked by REF_CLK)
  Endpoint: B2/ALU_OUT_reg[10]
            (rising edge-triggered flip-flop clocked by ALU_CLK)
  Path Group: ALU_CLK
  Path Type: max

  Point                                                   Incr       Path
  --------------------------------------------------------------------------
  clock REF_CLK (rise edge)                               0.00       0.00
  clock network delay (ideal)                             0.00       0.00
  B1/RegFile_reg[0][0]/CK (DFFRQX2M)                      0.00       0.00 r
  B1/RegFile_reg[0][0]/Q (DFFRQX2M)                       0.39       0.39 r
  B1/REG0[0] (RegFile)                                    0.00       0.39 r
  B2/A[0] (alU)                                           0.00       0.39 r
  B2/U99/Y (BUFX2M)                                       0.26       0.65 r
  B2/mult_38/A[0] (alU_DW02_mult_0)                       0.00       0.65 r
  B2/mult_38/U36/Y (INVX2M)                               0.14       0.79 f
  B2/mult_38/U113/Y (NOR2X1M)                             0.18       0.97 r
  B2/mult_38/U4/Y (AND2X2M)                               0.16       1.13 r
  B2/mult_38/S2_2_3/CO (ADDFX2M)                          0.54       1.67 r
  B2/mult_38/S2_3_3/CO (ADDFX2M)                          0.55       2.22 r
  B2/mult_38/S2_4_3/CO (ADDFX2M)                          0.55       2.77 r
  B2/mult_38/S2_5_3/CO (ADDFX2M)                          0.55       3.32 r
  B2/mult_38/S2_6_3/CO (ADDFX2M)                          0.55       3.88 r
  B2/mult_38/S4_3/S (ADDFX2M)                             0.58       4.45 f
  B2/mult_38/U12/Y (CLKXOR2X2M)                           0.30       4.75 r
  B2/mult_38/FS_1/A[8] (alU_DW01_add_1)                   0.00       4.75 r
  B2/mult_38/FS_1/U25/Y (NOR2X1M)                         0.06       4.82 f
  B2/mult_38/FS_1/U10/Y (NAND2BX1M)                       0.20       5.02 f
  B2/mult_38/FS_1/U9/Y (CLKXOR2X2M)                       0.19       5.21 r
  B2/mult_38/FS_1/SUM[8] (alU_DW01_add_1)                 0.00       5.21 r
  B2/mult_38/PRODUCT[10] (alU_DW02_mult_0)                0.00       5.21 r
  B2/U11/Y (OAI2BB1X2M)                                   0.12       5.33 r
  B2/ALU_OUT_reg[10]/D (DFFRQX2M)                         0.00       5.33 r
  data arrival time                                                  5.33

  clock ALU_CLK (rise edge)                              20.00      20.00
  clock network delay (ideal)                             0.00      20.00
  clock uncertainty                                      -0.20      19.80
  B2/ALU_OUT_reg[10]/CK (DFFRQX2M)                        0.00      19.80 r
  library setup time                                     -0.29      19.51
  data required time                                                19.51
  --------------------------------------------------------------------------
  data required time                                                19.51
  data arrival time                                                 -5.33
  --------------------------------------------------------------------------
  slack (MET)                                                       14.18


  Startpoint: B1/RegFile_reg[0][0]
              (rising edge-triggered flip-flop clocked by REF_CLK)
  Endpoint: B2/ALU_OUT_reg[9]
            (rising edge-triggered flip-flop clocked by ALU_CLK)
  Path Group: ALU_CLK
  Path Type: max

  Point                                                   Incr       Path
  --------------------------------------------------------------------------
  clock REF_CLK (rise edge)                               0.00       0.00
  clock network delay (ideal)                             0.00       0.00
  B1/RegFile_reg[0][0]/CK (DFFRQX2M)                      0.00       0.00 r
  B1/RegFile_reg[0][0]/Q (DFFRQX2M)                       0.39       0.39 r
  B1/REG0[0] (RegFile)                                    0.00       0.39 r
  B2/A[0] (alU)                                           0.00       0.39 r
  B2/U99/Y (BUFX2M)                                       0.26       0.65 r
  B2/mult_38/A[0] (alU_DW02_mult_0)                       0.00       0.65 r
  B2/mult_38/U36/Y (INVX2M)                               0.14       0.79 f
  B2/mult_38/U115/Y (NOR2X1M)                             0.18       0.97 r
  B2/mult_38/U2/Y (AND2X2M)                               0.16       1.13 r
  B2/mult_38/S2_2_1/CO (ADDFX2M)                          0.54       1.67 r
  B2/mult_38/S2_3_1/CO (ADDFX2M)                          0.55       2.22 r
  B2/mult_38/S2_4_1/CO (ADDFX2M)                          0.55       2.77 r
  B2/mult_38/S2_5_1/CO (ADDFX2M)                          0.55       3.32 r
  B2/mult_38/S2_6_1/CO (ADDFX2M)                          0.55       3.88 r
  B2/mult_38/S4_1/S (ADDFX2M)                             0.59       4.46 f
  B2/mult_38/U18/Y (AND2X2M)                              0.20       4.67 f
  B2/mult_38/FS_1/B[7] (alU_DW01_add_1)                   0.00       4.67 f
  B2/mult_38/FS_1/U6/Y (INVX2M)                           0.06       4.72 r
  B2/mult_38/FS_1/U5/Y (XNOR2X2M)                         0.15       4.88 r
  B2/mult_38/FS_1/SUM[7] (alU_DW01_add_1)                 0.00       4.88 r
  B2/mult_38/PRODUCT[9] (alU_DW02_mult_0)                 0.00       4.88 r
  B2/U10/Y (OAI2BB1X2M)                                   0.15       5.02 r
  B2/ALU_OUT_reg[9]/D (DFFRQX2M)                          0.00       5.02 r
  data arrival time                                                  5.02

  clock ALU_CLK (rise edge)                              20.00      20.00
  clock network delay (ideal)                             0.00      20.00
  clock uncertainty                                      -0.20      19.80
  B2/ALU_OUT_reg[9]/CK (DFFRQX2M)                         0.00      19.80 r
  library setup time                                     -0.29      19.51
  data required time                                                19.51
  --------------------------------------------------------------------------
  data required time                                                19.51
  data arrival time                                                 -5.02
  --------------------------------------------------------------------------
  slack (MET)                                                       14.48


  Startpoint: B1/RegFile_reg[0][0]
              (rising edge-triggered flip-flop clocked by REF_CLK)
  Endpoint: B2/ALU_OUT_reg[8]
            (rising edge-triggered flip-flop clocked by ALU_CLK)
  Path Group: ALU_CLK
  Path Type: max

  Point                                                   Incr       Path
  --------------------------------------------------------------------------
  clock REF_CLK (rise edge)                               0.00       0.00
  clock network delay (ideal)                             0.00       0.00
  B1/RegFile_reg[0][0]/CK (DFFRQX2M)                      0.00       0.00 r
  B1/RegFile_reg[0][0]/Q (DFFRQX2M)                       0.39       0.39 r
  B1/REG0[0] (RegFile)                                    0.00       0.39 r
  B2/A[0] (alU)                                           0.00       0.39 r
  B2/U99/Y (BUFX2M)                                       0.26       0.65 r
  B2/mult_38/A[0] (alU_DW02_mult_0)                       0.00       0.65 r
  B2/mult_38/U36/Y (INVX2M)                               0.14       0.79 f
  B2/mult_38/U115/Y (NOR2X1M)                             0.18       0.97 r
  B2/mult_38/U2/Y (AND2X2M)                               0.16       1.13 r
  B2/mult_38/S2_2_1/CO (ADDFX2M)                          0.54       1.67 r
  B2/mult_38/S2_3_1/CO (ADDFX2M)                          0.55       2.22 r
  B2/mult_38/S2_4_1/CO (ADDFX2M)                          0.55       2.77 r
  B2/mult_38/S2_5_1/CO (ADDFX2M)                          0.55       3.32 r
  B2/mult_38/S2_6_1/CO (ADDFX2M)                          0.55       3.88 r
  B2/mult_38/S4_1/S (ADDFX2M)                             0.59       4.46 f
  B2/mult_38/U27/Y (INVX2M)                               0.08       4.54 r
  B2/mult_38/U42/Y (XNOR2X2M)                             0.16       4.70 r
  B2/mult_38/FS_1/A[6] (alU_DW01_add_1)                   0.00       4.70 r
  B2/mult_38/FS_1/SUM[6] (alU_DW01_add_1)                 0.00       4.70 r
  B2/mult_38/PRODUCT[8] (alU_DW02_mult_0)                 0.00       4.70 r
  B2/U70/Y (AOI2BB2XLM)                                   0.14       4.84 f
  B2/U68/Y (AOI21X2M)                                     0.17       5.01 r
  B2/ALU_OUT_reg[8]/D (DFFRQX2M)                          0.00       5.01 r
  data arrival time                                                  5.01

  clock ALU_CLK (rise edge)                              20.00      20.00
  clock network delay (ideal)                             0.00      20.00
  clock uncertainty                                      -0.20      19.80
  B2/ALU_OUT_reg[8]/CK (DFFRQX2M)                         0.00      19.80 r
  library setup time                                     -0.30      19.50
  data required time                                                19.50
  --------------------------------------------------------------------------
  data required time                                                19.50
  data arrival time                                                 -5.01
  --------------------------------------------------------------------------
  slack (MET)                                                       14.49


  Startpoint: B1/RegFile_reg[0][1]
              (rising edge-triggered flip-flop clocked by REF_CLK)
  Endpoint: B2/ALU_OUT_reg[7]
            (rising edge-triggered flip-flop clocked by ALU_CLK)
  Path Group: ALU_CLK
  Path Type: max

  Point                                                   Incr       Path
  --------------------------------------------------------------------------
  clock REF_CLK (rise edge)                               0.00       0.00
  clock network delay (ideal)                             0.00       0.00
  B1/RegFile_reg[0][1]/CK (DFFRQX2M)                      0.00       0.00 r
  B1/RegFile_reg[0][1]/Q (DFFRQX2M)                       0.39       0.39 r
  B1/REG0[1] (RegFile)                                    0.00       0.39 r
  B2/A[1] (alU)                                           0.00       0.39 r
  B2/U98/Y (BUFX2M)                                       0.26       0.65 r
  B2/mult_38/A[1] (alU_DW02_mult_0)                       0.00       0.65 r
  B2/mult_38/U35/Y (INVX2M)                               0.14       0.79 f
  B2/mult_38/U109/Y (NOR2X1M)                             0.19       0.98 r
  B2/mult_38/U8/Y (AND2X2M)                               0.16       1.14 r
  B2/mult_38/S1_2_0/CO (ADDFX2M)                          0.54       1.68 r
  B2/mult_38/S1_3_0/CO (ADDFX2M)                          0.55       2.23 r
  B2/mult_38/S1_4_0/CO (ADDFX2M)                          0.55       2.78 r
  B2/mult_38/S1_5_0/CO (ADDFX2M)                          0.55       3.33 r
  B2/mult_38/S1_6_0/CO (ADDFX2M)                          0.55       3.88 r
  B2/mult_38/S4_0/S (ADDFX2M)                             0.56       4.44 f
  B2/mult_38/FS_1/A[5] (alU_DW01_add_1)                   0.00       4.44 f
  B2/mult_38/FS_1/SUM[5] (alU_DW01_add_1)                 0.00       4.44 f
  B2/mult_38/PRODUCT[7] (alU_DW02_mult_0)                 0.00       4.44 f
  B2/U67/Y (AOI22X1M)                                     0.21       4.65 r
  B2/U64/Y (AOI31X2M)                                     0.11       4.76 f
  B2/ALU_OUT_reg[7]/D (DFFRQX2M)                          0.00       4.76 f
  data arrival time                                                  4.76

  clock ALU_CLK (rise edge)                              20.00      20.00
  clock network delay (ideal)                             0.00      20.00
  clock uncertainty                                      -0.20      19.80
  B2/ALU_OUT_reg[7]/CK (DFFRQX2M)                         0.00      19.80 r
  library setup time                                     -0.16      19.64
  data required time                                                19.64
  --------------------------------------------------------------------------
  data required time                                                19.64
  data arrival time                                                 -4.76
  --------------------------------------------------------------------------
  slack (MET)                                                       14.88


  Startpoint: B1/RegFile_reg[0][1]
              (rising edge-triggered flip-flop clocked by REF_CLK)
  Endpoint: B2/ALU_OUT_reg[6]
            (rising edge-triggered flip-flop clocked by ALU_CLK)
  Path Group: ALU_CLK
  Path Type: max

  Point                                                   Incr       Path
  --------------------------------------------------------------------------
  clock REF_CLK (rise edge)                               0.00       0.00
  clock network delay (ideal)                             0.00       0.00
  B1/RegFile_reg[0][1]/CK (DFFRQX2M)                      0.00       0.00 r
  B1/RegFile_reg[0][1]/Q (DFFRQX2M)                       0.39       0.39 r
  B1/REG0[1] (RegFile)                                    0.00       0.39 r
  B2/A[1] (alU)                                           0.00       0.39 r
  B2/U98/Y (BUFX2M)                                       0.26       0.65 r
  B2/mult_38/A[1] (alU_DW02_mult_0)                       0.00       0.65 r
  B2/mult_38/U35/Y (INVX2M)                               0.14       0.79 f
  B2/mult_38/U109/Y (NOR2X1M)                             0.19       0.98 r
  B2/mult_38/U8/Y (AND2X2M)                               0.16       1.14 r
  B2/mult_38/S1_2_0/CO (ADDFX2M)                          0.54       1.68 r
  B2/mult_38/S1_3_0/CO (ADDFX2M)                          0.55       2.23 r
  B2/mult_38/S1_4_0/CO (ADDFX2M)                          0.55       2.78 r
  B2/mult_38/S1_5_0/CO (ADDFX2M)                          0.55       3.33 r
  B2/mult_38/S1_6_0/S (ADDFX2M)                           0.56       3.89 f
  B2/mult_38/FS_1/A[4] (alU_DW01_add_1)                   0.00       3.89 f
  B2/mult_38/FS_1/SUM[4] (alU_DW01_add_1)                 0.00       3.89 f
  B2/mult_38/PRODUCT[6] (alU_DW02_mult_0)                 0.00       3.89 f
  B2/U78/Y (AOI222X1M)                                    0.26       4.16 r
  B2/U75/Y (AOI31X2M)                                     0.14       4.30 f
  B2/ALU_OUT_reg[6]/D (DFFRQX2M)                          0.00       4.30 f
  data arrival time                                                  4.30

  clock ALU_CLK (rise edge)                              20.00      20.00
  clock network delay (ideal)                             0.00      20.00
  clock uncertainty                                      -0.20      19.80
  B2/ALU_OUT_reg[6]/CK (DFFRQX2M)                         0.00      19.80 r
  library setup time                                     -0.16      19.64
  data required time                                                19.64
  --------------------------------------------------------------------------
  data required time                                                19.64
  data arrival time                                                 -4.30
  --------------------------------------------------------------------------
  slack (MET)                                                       15.34


  Startpoint: B1/RegFile_reg[1][6]
              (rising edge-triggered flip-flop clocked by REF_CLK)
  Endpoint: B2/ALU_OUT_reg[5]
            (rising edge-triggered flip-flop clocked by ALU_CLK)
  Path Group: ALU_CLK
  Path Type: max

  Point                                                   Incr       Path
  --------------------------------------------------------------------------
  clock REF_CLK (rise edge)                               0.00       0.00
  clock network delay (ideal)                             0.00       0.00
  B1/RegFile_reg[1][6]/CK (DFFRQX2M)                      0.00       0.00 r
  B1/RegFile_reg[1][6]/Q (DFFRQX2M)                       0.48       0.48 f
  B1/REG1[6] (RegFile)                                    0.00       0.48 f
  B2/B[6] (alU)                                           0.00       0.48 f
  B2/U92/Y (BUFX2M)                                       0.21       0.70 f
  B2/div_39/b[6] (alU_DW_div_uns_0)                       0.00       0.70 f
  B2/div_39/U71/Y (NOR2X1M)                               0.16       0.86 r
  B2/div_39/U68/Y (AND3X1M)                               0.20       1.06 r
  B2/div_39/U66/Y (AND2X1M)                               0.16       1.22 r
  B2/div_39/U63/Y (AND4X1M)                               0.25       1.47 r
  B2/div_39/U41/Y (CLKMX2X2M)                             0.24       1.72 f
  B2/div_39/u_div/u_fa_PartRem_0_6_1/CO (ADDFX2M)         0.44       2.15 f
  B2/div_39/U64/Y (AND3X1M)                               0.32       2.47 f
  B2/div_39/U47/Y (CLKMX2X2M)                             0.22       2.69 f
  B2/div_39/u_div/u_fa_PartRem_0_5_1/CO (ADDFX2M)         0.46       3.15 f
  B2/div_39/u_div/u_fa_PartRem_0_5_2/CO (ADDFX2M)         0.31       3.46 f
  B2/div_39/U65/Y (AND2X1M)                               0.26       3.71 f
  B2/div_39/quotient[5] (alU_DW_div_uns_0)                0.00       3.71 f
  B2/U63/Y (AOI222X1M)                                    0.42       4.14 r
  B2/U60/Y (AOI31X2M)                                     0.14       4.27 f
  B2/ALU_OUT_reg[5]/D (DFFRQX2M)                          0.00       4.27 f
  data arrival time                                                  4.27

  clock ALU_CLK (rise edge)                              20.00      20.00
  clock network delay (ideal)                             0.00      20.00
  clock uncertainty                                      -0.20      19.80
  B2/ALU_OUT_reg[5]/CK (DFFRQX2M)                         0.00      19.80 r
  library setup time                                     -0.16      19.64
  data required time                                                19.64
  --------------------------------------------------------------------------
  data required time                                                19.64
  data arrival time                                                 -4.27
  --------------------------------------------------------------------------
  slack (MET)                                                       15.37


  Startpoint: B0/current_state_reg[1]
              (rising edge-triggered flip-flop clocked by REF_CLK)
  Endpoint: B2/OUT_VALID_reg
            (rising edge-triggered flip-flop clocked by ALU_CLK)
  Path Group: ALU_CLK
  Path Type: max

  Point                                                   Incr       Path
  --------------------------------------------------------------------------
  clock REF_CLK (rise edge)                               0.00       0.00
  clock network delay (ideal)                             0.00       0.00
  B0/current_state_reg[1]/CK (DFFRQX2M)                   0.00       0.00 r
  B0/current_state_reg[1]/Q (DFFRQX2M)                    0.36       0.36 r
  B0/U54/Y (BUFX2M)                                       0.26       0.62 r
  B0/U7/Y (NOR2BX2M)                                      0.30       0.92 r
  B0/U17/Y (NAND3X2M)                                     0.14       1.07 f
  B0/U14/Y (NOR2X2M)                                      0.22       1.29 r
  B0/EN (SYS_CTRL)                                        0.00       1.29 r
  B2/en (alU)                                             0.00       1.29 r
  B2/OUT_VALID_reg/D (DFFRQX2M)                           0.00       1.29 r
  data arrival time                                                  1.29

  clock ALU_CLK (rise edge)                              20.00      20.00
  clock network delay (ideal)                             0.00      20.00
  clock uncertainty                                      -0.20      19.80
  B2/OUT_VALID_reg/CK (DFFRQX2M)                          0.00      19.80 r
  library setup time                                     -0.32      19.48
  data required time                                                19.48
  --------------------------------------------------------------------------
  data required time                                                19.48
  data arrival time                                                 -1.29
  --------------------------------------------------------------------------
  slack (MET)                                                       18.19


  Startpoint: RX_IN (input port clocked by RX_CLK)
  Endpoint: B4/B0/B1/bit_cnt_reg[0]
            (rising edge-triggered flip-flop clocked by RX_CLK)
  Path Group: INREG
  Path Type: max

  Point                                                   Incr       Path
  --------------------------------------------------------------------------
  clock RX_CLK (rise edge)                                0.00       0.00
  clock network delay (ideal)                             0.00       0.00
  input external delay                                   54.26      54.26 f
  RX_IN (in)                                              0.04      54.30 f
  B4/RX_IN (UART_TOP)                                     0.00      54.30 f
  B4/B0/RX_IN (UART_RX_DATA_WIDTH8_scale_WIDTH6)          0.00      54.30 f
  B4/B0/B0/RX_IN (UART_RX_FSM_scale_WIDTH6)               0.00      54.30 f
  B4/B0/B0/U22/Y (OAI21X2M)                               0.16      54.46 r
  B4/B0/B0/enable (UART_RX_FSM_scale_WIDTH6)              0.00      54.46 r
  B4/B0/B1/enable (edge_bit_counter_scale_WIDTH6)         0.00      54.46 r
  B4/B0/B1/U59/Y (NAND3BX2M)                              0.10      54.56 f
  B4/B0/B1/U58/Y (BUFX2M)                                 0.22      54.77 f
  B4/B0/B1/U57/Y (AOI2B1X1M)                              0.16      54.93 r
  B4/B0/B1/U54/Y (OAI211X2M)                              0.11      55.04 f
  B4/B0/B1/bit_cnt_reg[0]/D (DFFSQX2M)                    0.00      55.04 f
  data arrival time                                                 55.04

  clock RX_CLK (rise edge)                              271.30     271.30
  clock network delay (ideal)                             0.00     271.30
  clock uncertainty                                      -0.20     271.10
  B4/B0/B1/bit_cnt_reg[0]/CK (DFFSQX2M)                   0.00     271.10 r
  library setup time                                     -0.25     270.85
  data required time                                               270.85
  --------------------------------------------------------------------------
  data required time                                               270.85
  data arrival time                                                -55.04
  --------------------------------------------------------------------------
  slack (MET)                                                      215.81


  Startpoint: RX_IN (input port clocked by RX_CLK)
  Endpoint: B4/B0/B1/bit_cnt_reg[3]
            (rising edge-triggered flip-flop clocked by RX_CLK)
  Path Group: INREG
  Path Type: max

  Point                                                   Incr       Path
  --------------------------------------------------------------------------
  clock RX_CLK (rise edge)                                0.00       0.00
  clock network delay (ideal)                             0.00       0.00
  input external delay                                   54.26      54.26 f
  RX_IN (in)                                              0.04      54.30 f
  B4/RX_IN (UART_TOP)                                     0.00      54.30 f
  B4/B0/RX_IN (UART_RX_DATA_WIDTH8_scale_WIDTH6)          0.00      54.30 f
  B4/B0/B0/RX_IN (UART_RX_FSM_scale_WIDTH6)               0.00      54.30 f
  B4/B0/B0/U22/Y (OAI21X2M)                               0.16      54.46 r
  B4/B0/B0/enable (UART_RX_FSM_scale_WIDTH6)              0.00      54.46 r
  B4/B0/B1/enable (edge_bit_counter_scale_WIDTH6)         0.00      54.46 r
  B4/B0/B1/U59/Y (NAND3BX2M)                              0.10      54.56 f
  B4/B0/B1/U58/Y (BUFX2M)                                 0.22      54.77 f
  B4/B0/B1/U31/Y (INVX2M)                                 0.09      54.87 r
  B4/B0/B1/U69/Y (AND2X2M)                                0.12      54.99 r
  B4/B0/B1/bit_cnt_reg[3]/D (DFFRX1M)                     0.00      54.99 r
  data arrival time                                                 54.99

  clock RX_CLK (rise edge)                              271.30     271.30
  clock network delay (ideal)                             0.00     271.30
  clock uncertainty                                      -0.20     271.10
  B4/B0/B1/bit_cnt_reg[3]/CK (DFFRX1M)                    0.00     271.10 r
  library setup time                                     -0.23     270.86
  data required time                                               270.86
  --------------------------------------------------------------------------
  data required time                                               270.86
  data arrival time                                                -54.99
  --------------------------------------------------------------------------
  slack (MET)                                                      215.87


  Startpoint: RX_IN (input port clocked by RX_CLK)
  Endpoint: B4/B0/B1/edge_cnt_reg[0]
            (rising edge-triggered flip-flop clocked by RX_CLK)
  Path Group: INREG
  Path Type: max

  Point                                                   Incr       Path
  --------------------------------------------------------------------------
  clock RX_CLK (rise edge)                                0.00       0.00
  clock network delay (ideal)                             0.00       0.00
  input external delay                                   54.26      54.26 f
  RX_IN (in)                                              0.04      54.30 f
  B4/RX_IN (UART_TOP)                                     0.00      54.30 f
  B4/B0/RX_IN (UART_RX_DATA_WIDTH8_scale_WIDTH6)          0.00      54.30 f
  B4/B0/B0/RX_IN (UART_RX_FSM_scale_WIDTH6)               0.00      54.30 f
  B4/B0/B0/U22/Y (OAI21X2M)                               0.16      54.46 r
  B4/B0/B0/enable (UART_RX_FSM_scale_WIDTH6)              0.00      54.46 r
  B4/B0/B1/enable (edge_bit_counter_scale_WIDTH6)         0.00      54.46 r
  B4/B0/B1/U59/Y (NAND3BX2M)                              0.10      54.56 f
  B4/B0/B1/U58/Y (BUFX2M)                                 0.22      54.77 f
  B4/B0/B1/U31/Y (INVX2M)                                 0.09      54.87 r
  B4/B0/B1/U17/Y (OAI2B11X2M)                             0.08      54.95 f
  B4/B0/B1/edge_cnt_reg[0]/D (DFFSQX2M)                   0.00      54.95 f
  data arrival time                                                 54.95

  clock RX_CLK (rise edge)                              271.30     271.30
  clock network delay (ideal)                             0.00     271.30
  clock uncertainty                                      -0.20     271.10
  B4/B0/B1/edge_cnt_reg[0]/CK (DFFSQX2M)                  0.00     271.10 r
  library setup time                                     -0.26     270.84
  data required time                                               270.84
  --------------------------------------------------------------------------
  data required time                                               270.84
  data arrival time                                                -54.95
  --------------------------------------------------------------------------
  slack (MET)                                                      215.89


  Startpoint: RX_IN (input port clocked by RX_CLK)
  Endpoint: B4/B0/B1/bit_cnt_reg[2]
            (rising edge-triggered flip-flop clocked by RX_CLK)
  Path Group: INREG
  Path Type: max

  Point                                                   Incr       Path
  --------------------------------------------------------------------------
  clock RX_CLK (rise edge)                                0.00       0.00
  clock network delay (ideal)                             0.00       0.00
  input external delay                                   54.26      54.26 f
  RX_IN (in)                                              0.04      54.30 f
  B4/RX_IN (UART_TOP)                                     0.00      54.30 f
  B4/B0/RX_IN (UART_RX_DATA_WIDTH8_scale_WIDTH6)          0.00      54.30 f
  B4/B0/B0/RX_IN (UART_RX_FSM_scale_WIDTH6)               0.00      54.30 f
  B4/B0/B0/U22/Y (OAI21X2M)                               0.16      54.46 r
  B4/B0/B0/enable (UART_RX_FSM_scale_WIDTH6)              0.00      54.46 r
  B4/B0/B1/enable (edge_bit_counter_scale_WIDTH6)         0.00      54.46 r
  B4/B0/B1/U59/Y (NAND3BX2M)                              0.10      54.56 f
  B4/B0/B1/U58/Y (BUFX2M)                                 0.22      54.77 f
  B4/B0/B1/U61/Y (AOI2B1X1M)                              0.12      54.89 r
  B4/B0/B1/bit_cnt_reg[2]/D (DFFRX1M)                     0.00      54.89 r
  data arrival time                                                 54.89

  clock RX_CLK (rise edge)                              271.30     271.30
  clock network delay (ideal)                             0.00     271.30
  clock uncertainty                                      -0.20     271.10
  B4/B0/B1/bit_cnt_reg[2]/CK (DFFRX1M)                    0.00     271.10 r
  library setup time                                     -0.24     270.85
  data required time                                               270.85
  --------------------------------------------------------------------------
  data required time                                               270.85
  data arrival time                                                -54.89
  --------------------------------------------------------------------------
  slack (MET)                                                      215.96


  Startpoint: RX_IN (input port clocked by RX_CLK)
  Endpoint: B4/B0/B1/bit_cnt_reg[1]
            (rising edge-triggered flip-flop clocked by RX_CLK)
  Path Group: INREG
  Path Type: max

  Point                                                   Incr       Path
  --------------------------------------------------------------------------
  clock RX_CLK (rise edge)                                0.00       0.00
  clock network delay (ideal)                             0.00       0.00
  input external delay                                   54.26      54.26 f
  RX_IN (in)                                              0.04      54.30 f
  B4/RX_IN (UART_TOP)                                     0.00      54.30 f
  B4/B0/RX_IN (UART_RX_DATA_WIDTH8_scale_WIDTH6)          0.00      54.30 f
  B4/B0/B0/RX_IN (UART_RX_FSM_scale_WIDTH6)               0.00      54.30 f
  B4/B0/B0/U22/Y (OAI21X2M)                               0.16      54.46 r
  B4/B0/B0/enable (UART_RX_FSM_scale_WIDTH6)              0.00      54.46 r
  B4/B0/B1/enable (edge_bit_counter_scale_WIDTH6)         0.00      54.46 r
  B4/B0/B1/U59/Y (NAND3BX2M)                              0.10      54.56 f
  B4/B0/B1/U58/Y (BUFX2M)                                 0.22      54.77 f
  B4/B0/B1/U65/Y (AOI2B1X1M)                              0.12      54.89 r
  B4/B0/B1/bit_cnt_reg[1]/D (DFFRX1M)                     0.00      54.89 r
  data arrival time                                                 54.89

  clock RX_CLK (rise edge)                              271.30     271.30
  clock network delay (ideal)                             0.00     271.30
  clock uncertainty                                      -0.20     271.10
  B4/B0/B1/bit_cnt_reg[1]/CK (DFFRX1M)                    0.00     271.10 r
  library setup time                                     -0.24     270.85
  data required time                                               270.85
  --------------------------------------------------------------------------
  data required time                                               270.85
  data arrival time                                                -54.89
  --------------------------------------------------------------------------
  slack (MET)                                                      215.96


  Startpoint: RX_IN (input port clocked by RX_CLK)
  Endpoint: B4/B0/B1/edge_cnt_reg[1]
            (rising edge-triggered flip-flop clocked by RX_CLK)
  Path Group: INREG
  Path Type: max

  Point                                                   Incr       Path
  --------------------------------------------------------------------------
  clock RX_CLK (rise edge)                                0.00       0.00
  clock network delay (ideal)                             0.00       0.00
  input external delay                                   54.26      54.26 f
  RX_IN (in)                                              0.04      54.30 f
  B4/RX_IN (UART_TOP)                                     0.00      54.30 f
  B4/B0/RX_IN (UART_RX_DATA_WIDTH8_scale_WIDTH6)          0.00      54.30 f
  B4/B0/B0/RX_IN (UART_RX_FSM_scale_WIDTH6)               0.00      54.30 f
  B4/B0/B0/U22/Y (OAI21X2M)                               0.16      54.46 r
  B4/B0/B0/enable (UART_RX_FSM_scale_WIDTH6)              0.00      54.46 r
  B4/B0/B1/enable (edge_bit_counter_scale_WIDTH6)         0.00      54.46 r
  B4/B0/B1/U59/Y (NAND3BX2M)                              0.10      54.56 f
  B4/B0/B1/U58/Y (BUFX2M)                                 0.22      54.77 f
  B4/B0/B1/U21/Y (NOR2X2M)                                0.11      54.88 r
  B4/B0/B1/edge_cnt_reg[1]/D (DFFRX1M)                    0.00      54.88 r
  data arrival time                                                 54.88

  clock RX_CLK (rise edge)                              271.30     271.30
  clock network delay (ideal)                             0.00     271.30
  clock uncertainty                                      -0.20     271.10
  B4/B0/B1/edge_cnt_reg[1]/CK (DFFRX1M)                   0.00     271.10 r
  library setup time                                     -0.24     270.86
  data required time                                               270.86
  --------------------------------------------------------------------------
  data required time                                               270.86
  data arrival time                                                -54.88
  --------------------------------------------------------------------------
  slack (MET)                                                      215.97


  Startpoint: RX_IN (input port clocked by RX_CLK)
  Endpoint: B4/B0/B1/edge_cnt_reg[2]
            (rising edge-triggered flip-flop clocked by RX_CLK)
  Path Group: INREG
  Path Type: max

  Point                                                   Incr       Path
  --------------------------------------------------------------------------
  clock RX_CLK (rise edge)                                0.00       0.00
  clock network delay (ideal)                             0.00       0.00
  input external delay                                   54.26      54.26 f
  RX_IN (in)                                              0.04      54.30 f
  B4/RX_IN (UART_TOP)                                     0.00      54.30 f
  B4/B0/RX_IN (UART_RX_DATA_WIDTH8_scale_WIDTH6)          0.00      54.30 f
  B4/B0/B0/RX_IN (UART_RX_FSM_scale_WIDTH6)               0.00      54.30 f
  B4/B0/B0/U22/Y (OAI21X2M)                               0.16      54.46 r
  B4/B0/B0/enable (UART_RX_FSM_scale_WIDTH6)              0.00      54.46 r
  B4/B0/B1/enable (edge_bit_counter_scale_WIDTH6)         0.00      54.46 r
  B4/B0/B1/U59/Y (NAND3BX2M)                              0.10      54.56 f
  B4/B0/B1/U58/Y (BUFX2M)                                 0.22      54.77 f
  B4/B0/B1/U23/Y (NOR2X2M)                                0.11      54.88 r
  B4/B0/B1/edge_cnt_reg[2]/D (DFFRX1M)                    0.00      54.88 r
  data arrival time                                                 54.88

  clock RX_CLK (rise edge)                              271.30     271.30
  clock network delay (ideal)                             0.00     271.30
  clock uncertainty                                      -0.20     271.10
  B4/B0/B1/edge_cnt_reg[2]/CK (DFFRX1M)                   0.00     271.10 r
  library setup time                                     -0.24     270.86
  data required time                                               270.86
  --------------------------------------------------------------------------
  data required time                                               270.86
  data arrival time                                                -54.88
  --------------------------------------------------------------------------
  slack (MET)                                                      215.97


  Startpoint: RX_IN (input port clocked by RX_CLK)
  Endpoint: B4/B0/B1/edge_cnt_reg[3]
            (rising edge-triggered flip-flop clocked by RX_CLK)
  Path Group: INREG
  Path Type: max

  Point                                                   Incr       Path
  --------------------------------------------------------------------------
  clock RX_CLK (rise edge)                                0.00       0.00
  clock network delay (ideal)                             0.00       0.00
  input external delay                                   54.26      54.26 f
  RX_IN (in)                                              0.04      54.30 f
  B4/RX_IN (UART_TOP)                                     0.00      54.30 f
  B4/B0/RX_IN (UART_RX_DATA_WIDTH8_scale_WIDTH6)          0.00      54.30 f
  B4/B0/B0/RX_IN (UART_RX_FSM_scale_WIDTH6)               0.00      54.30 f
  B4/B0/B0/U22/Y (OAI21X2M)                               0.16      54.46 r
  B4/B0/B0/enable (UART_RX_FSM_scale_WIDTH6)              0.00      54.46 r
  B4/B0/B1/enable (edge_bit_counter_scale_WIDTH6)         0.00      54.46 r
  B4/B0/B1/U59/Y (NAND3BX2M)                              0.10      54.56 f
  B4/B0/B1/U58/Y (BUFX2M)                                 0.22      54.77 f
  B4/B0/B1/U25/Y (NOR2X2M)                                0.11      54.88 r
  B4/B0/B1/edge_cnt_reg[3]/D (DFFRX1M)                    0.00      54.88 r
  data arrival time                                                 54.88

  clock RX_CLK (rise edge)                              271.30     271.30
  clock network delay (ideal)                             0.00     271.30
  clock uncertainty                                      -0.20     271.10
  B4/B0/B1/edge_cnt_reg[3]/CK (DFFRX1M)                   0.00     271.10 r
  library setup time                                     -0.24     270.86
  data required time                                               270.86
  --------------------------------------------------------------------------
  data required time                                               270.86
  data arrival time                                                -54.88
  --------------------------------------------------------------------------
  slack (MET)                                                      215.97


  Startpoint: RX_IN (input port clocked by RX_CLK)
  Endpoint: B4/B0/B1/edge_cnt_reg[4]
            (rising edge-triggered flip-flop clocked by RX_CLK)
  Path Group: INREG
  Path Type: max

  Point                                                   Incr       Path
  --------------------------------------------------------------------------
  clock RX_CLK (rise edge)                                0.00       0.00
  clock network delay (ideal)                             0.00       0.00
  input external delay                                   54.26      54.26 f
  RX_IN (in)                                              0.04      54.30 f
  B4/RX_IN (UART_TOP)                                     0.00      54.30 f
  B4/B0/RX_IN (UART_RX_DATA_WIDTH8_scale_WIDTH6)          0.00      54.30 f
  B4/B0/B0/RX_IN (UART_RX_FSM_scale_WIDTH6)               0.00      54.30 f
  B4/B0/B0/U22/Y (OAI21X2M)                               0.16      54.46 r
  B4/B0/B0/enable (UART_RX_FSM_scale_WIDTH6)              0.00      54.46 r
  B4/B0/B1/enable (edge_bit_counter_scale_WIDTH6)         0.00      54.46 r
  B4/B0/B1/U59/Y (NAND3BX2M)                              0.10      54.56 f
  B4/B0/B1/U58/Y (BUFX2M)                                 0.22      54.77 f
  B4/B0/B1/U27/Y (NOR2X2M)                                0.11      54.88 r
  B4/B0/B1/edge_cnt_reg[4]/D (DFFRX1M)                    0.00      54.88 r
  data arrival time                                                 54.88

  clock RX_CLK (rise edge)                              271.30     271.30
  clock network delay (ideal)                             0.00     271.30
  clock uncertainty                                      -0.20     271.10
  B4/B0/B1/edge_cnt_reg[4]/CK (DFFRX1M)                   0.00     271.10 r
  library setup time                                     -0.24     270.86
  data required time                                               270.86
  --------------------------------------------------------------------------
  data required time                                               270.86
  data arrival time                                                -54.88
  --------------------------------------------------------------------------
  slack (MET)                                                      215.97


  Startpoint: RX_IN (input port clocked by RX_CLK)
  Endpoint: B4/B0/B1/edge_cnt_reg[5]
            (rising edge-triggered flip-flop clocked by RX_CLK)
  Path Group: INREG
  Path Type: max

  Point                                                   Incr       Path
  --------------------------------------------------------------------------
  clock RX_CLK (rise edge)                                0.00       0.00
  clock network delay (ideal)                             0.00       0.00
  input external delay                                   54.26      54.26 f
  RX_IN (in)                                              0.04      54.30 f
  B4/RX_IN (UART_TOP)                                     0.00      54.30 f
  B4/B0/RX_IN (UART_RX_DATA_WIDTH8_scale_WIDTH6)          0.00      54.30 f
  B4/B0/B0/RX_IN (UART_RX_FSM_scale_WIDTH6)               0.00      54.30 f
  B4/B0/B0/U22/Y (OAI21X2M)                               0.16      54.46 r
  B4/B0/B0/enable (UART_RX_FSM_scale_WIDTH6)              0.00      54.46 r
  B4/B0/B1/enable (edge_bit_counter_scale_WIDTH6)         0.00      54.46 r
  B4/B0/B1/U59/Y (NAND3BX2M)                              0.10      54.56 f
  B4/B0/B1/U58/Y (BUFX2M)                                 0.22      54.77 f
  B4/B0/B1/U29/Y (NOR2X2M)                                0.11      54.88 r
  B4/B0/B1/edge_cnt_reg[5]/D (DFFRX1M)                    0.00      54.88 r
  data arrival time                                                 54.88

  clock RX_CLK (rise edge)                              271.30     271.30
  clock network delay (ideal)                             0.00     271.30
  clock uncertainty                                      -0.20     271.10
  B4/B0/B1/edge_cnt_reg[5]/CK (DFFRX1M)                   0.00     271.10 r
  library setup time                                     -0.24     270.86
  data required time                                               270.86
  --------------------------------------------------------------------------
  data required time                                               270.86
  data arrival time                                                -54.88
  --------------------------------------------------------------------------
  slack (MET)                                                      215.97


  Startpoint: RX_IN (input port clocked by RX_CLK)
  Endpoint: B4/B0/B0/current_state_reg[0]
            (rising edge-triggered flip-flop clocked by RX_CLK)
  Path Group: INREG
  Path Type: max

  Point                                                   Incr       Path
  --------------------------------------------------------------------------
  clock RX_CLK (rise edge)                                0.00       0.00
  clock network delay (ideal)                             0.00       0.00
  input external delay                                   54.26      54.26 f
  RX_IN (in)                                              0.04      54.30 f
  B4/RX_IN (UART_TOP)                                     0.00      54.30 f
  B4/B0/RX_IN (UART_RX_DATA_WIDTH8_scale_WIDTH6)          0.00      54.30 f
  B4/B0/B0/RX_IN (UART_RX_FSM_scale_WIDTH6)               0.00      54.30 f
  B4/B0/B0/U24/Y (OA22X2M)                                0.30      54.60 f
  B4/B0/B0/U23/Y (OAI22X1M)                               0.17      54.77 r
  B4/B0/B0/current_state_reg[0]/D (DFFRX1M)               0.00      54.77 r
  data arrival time                                                 54.77

  clock RX_CLK (rise edge)                              271.30     271.30
  clock network delay (ideal)                             0.00     271.30
  clock uncertainty                                      -0.20     271.10
  B4/B0/B0/current_state_reg[0]/CK (DFFRX1M)              0.00     271.10 r
  library setup time                                     -0.26     270.84
  data required time                                               270.84
  --------------------------------------------------------------------------
  data required time                                               270.84
  data arrival time                                                -54.77
  --------------------------------------------------------------------------
  slack (MET)                                                      216.06


  Startpoint: RX_IN (input port clocked by RX_CLK)
  Endpoint: B4/B0/B2/samples_reg[2]
            (rising edge-triggered flip-flop clocked by RX_CLK)
  Path Group: INREG
  Path Type: max

  Point                                                   Incr       Path
  --------------------------------------------------------------------------
  clock RX_CLK (rise edge)                                0.00       0.00
  clock network delay (ideal)                             0.00       0.00
  input external delay                                   54.26      54.26 r
  RX_IN (in)                                              0.05      54.31 r
  B4/RX_IN (UART_TOP)                                     0.00      54.31 r
  B4/B0/RX_IN (UART_RX_DATA_WIDTH8_scale_WIDTH6)          0.00      54.31 r
  B4/B0/B2/RX_IN (data_sampling_scale_WIDTH6)             0.00      54.31 r
  B4/B0/B2/U18/Y (INVX2M)                                 0.06      54.37 f
  B4/B0/B2/U14/Y (OAI2BB2X1M)                             0.13      54.50 r
  B4/B0/B2/samples_reg[2]/D (DFFRX1M)                     0.00      54.50 r
  data arrival time                                                 54.50

  clock RX_CLK (rise edge)                              271.30     271.30
  clock network delay (ideal)                             0.00     271.30
  clock uncertainty                                      -0.20     271.10
  B4/B0/B2/samples_reg[2]/CK (DFFRX1M)                    0.00     271.10 r
  library setup time                                     -0.25     270.85
  data required time                                               270.85
  --------------------------------------------------------------------------
  data required time                                               270.85
  data arrival time                                                -54.50
  --------------------------------------------------------------------------
  slack (MET)                                                      216.35


  Startpoint: RX_IN (input port clocked by RX_CLK)
  Endpoint: B4/B0/B2/samples_reg[0]
            (rising edge-triggered flip-flop clocked by RX_CLK)
  Path Group: INREG
  Path Type: max

  Point                                                   Incr       Path
  --------------------------------------------------------------------------
  clock RX_CLK (rise edge)                                0.00       0.00
  clock network delay (ideal)                             0.00       0.00
  input external delay                                   54.26      54.26 r
  RX_IN (in)                                              0.05      54.31 r
  B4/RX_IN (UART_TOP)                                     0.00      54.31 r
  B4/B0/RX_IN (UART_RX_DATA_WIDTH8_scale_WIDTH6)          0.00      54.31 r
  B4/B0/B2/RX_IN (data_sampling_scale_WIDTH6)             0.00      54.31 r
  B4/B0/B2/U18/Y (INVX2M)                                 0.06      54.37 f
  B4/B0/B2/U6/Y (OAI2BB2X1M)                              0.12      54.49 r
  B4/B0/B2/samples_reg[0]/D (DFFRX1M)                     0.00      54.49 r
  data arrival time                                                 54.49

  clock RX_CLK (rise edge)                              271.30     271.30
  clock network delay (ideal)                             0.00     271.30
  clock uncertainty                                      -0.20     271.10
  B4/B0/B2/samples_reg[0]/CK (DFFRX1M)                    0.00     271.10 r
  library setup time                                     -0.25     270.85
  data required time                                               270.85
  --------------------------------------------------------------------------
  data required time                                               270.85
  data arrival time                                                -54.49
  --------------------------------------------------------------------------
  slack (MET)                                                      216.36


  Startpoint: RX_IN (input port clocked by RX_CLK)
  Endpoint: B4/B0/B2/samples_reg[1]
            (rising edge-triggered flip-flop clocked by RX_CLK)
  Path Group: INREG
  Path Type: max

  Point                                                   Incr       Path
  --------------------------------------------------------------------------
  clock RX_CLK (rise edge)                                0.00       0.00
  clock network delay (ideal)                             0.00       0.00
  input external delay                                   54.26      54.26 r
  RX_IN (in)                                              0.05      54.31 r
  B4/RX_IN (UART_TOP)                                     0.00      54.31 r
  B4/B0/RX_IN (UART_RX_DATA_WIDTH8_scale_WIDTH6)          0.00      54.31 r
  B4/B0/B2/RX_IN (data_sampling_scale_WIDTH6)             0.00      54.31 r
  B4/B0/B2/U18/Y (INVX2M)                                 0.06      54.37 f
  B4/B0/B2/U10/Y (OAI2BB2X1M)                             0.12      54.49 r
  B4/B0/B2/samples_reg[1]/D (DFFRX1M)                     0.00      54.49 r
  data arrival time                                                 54.49

  clock RX_CLK (rise edge)                              271.30     271.30
  clock network delay (ideal)                             0.00     271.30
  clock uncertainty                                      -0.20     271.10
  B4/B0/B2/samples_reg[1]/CK (DFFRX1M)                    0.00     271.10 r
  library setup time                                     -0.25     270.85
  data required time                                               270.85
  --------------------------------------------------------------------------
  data required time                                               270.85
  data arrival time                                                -54.49
  --------------------------------------------------------------------------
  slack (MET)                                                      216.36


  Startpoint: B5/enable_pulse_reg
              (rising edge-triggered flip-flop clocked by REF_CLK)
  Endpoint: B1/RdData_reg[4]
            (rising edge-triggered flip-flop clocked by REF_CLK)
  Path Group: REF_CLK
  Path Type: max

  Point                                    Incr       Path
  -----------------------------------------------------------
  clock REF_CLK (rise edge)                0.00       0.00
  clock network delay (ideal)              0.00       0.00
  B5/enable_pulse_reg/CK (DFFRQX2M)        0.00       0.00 r
  B5/enable_pulse_reg/Q (DFFRQX2M)         0.53       0.53 f
  B5/enable_pulse (DATA_SYNC)              0.00       0.53 f
  B0/SYNC_VALID (SYS_CTRL)                 0.00       0.53 f
  B0/U46/Y (INVX2M)                        0.30       0.82 r
  B0/U52/Y (NAND2X2M)                      0.13       0.96 f
  B0/U16/Y (OAI21X2M)                      0.09       1.05 r
  B0/U49/Y (MX4X1M)                        0.25       1.30 r
  B0/U47/Y (MX3X1M)                        0.24       1.55 r
  B0/Addr[0] (SYS_CTRL)                    0.00       1.55 r
  U18/Y (BUFX2M)                           0.87       2.42 r
  B1/Address[0] (RegFile)                  0.00       2.42 r
  B1/U48/Y (INVX2M)                        0.22       2.64 f
  B1/U9/Y (INVX2M)                         0.84       3.48 r
  B1/U64/Y (MX4X1M)                        0.49       3.97 f
  B1/U84/Y (MX4X1M)                        0.34       4.31 f
  B1/RdData_reg[4]/D (EDFFHQX2M)           0.00       4.31 f
  data arrival time                                   4.31

  clock REF_CLK (rise edge)               20.00      20.00
  clock network delay (ideal)              0.00      20.00
  clock uncertainty                       -0.20      19.80
  B1/RdData_reg[4]/CK (EDFFHQX2M)          0.00      19.80 r
  library setup time                      -0.36      19.44
  data required time                                 19.44
  -----------------------------------------------------------
  data required time                                 19.44
  data arrival time                                  -4.31
  -----------------------------------------------------------
  slack (MET)                                        15.13


  Startpoint: B5/enable_pulse_reg
              (rising edge-triggered flip-flop clocked by REF_CLK)
  Endpoint: B1/RdData_reg[3]
            (rising edge-triggered flip-flop clocked by REF_CLK)
  Path Group: REF_CLK
  Path Type: max

  Point                                    Incr       Path
  -----------------------------------------------------------
  clock REF_CLK (rise edge)                0.00       0.00
  clock network delay (ideal)              0.00       0.00
  B5/enable_pulse_reg/CK (DFFRQX2M)        0.00       0.00 r
  B5/enable_pulse_reg/Q (DFFRQX2M)         0.53       0.53 f
  B5/enable_pulse (DATA_SYNC)              0.00       0.53 f
  B0/SYNC_VALID (SYS_CTRL)                 0.00       0.53 f
  B0/U46/Y (INVX2M)                        0.30       0.82 r
  B0/U52/Y (NAND2X2M)                      0.13       0.96 f
  B0/U16/Y (OAI21X2M)                      0.09       1.05 r
  B0/U49/Y (MX4X1M)                        0.25       1.30 r
  B0/U47/Y (MX3X1M)                        0.24       1.55 r
  B0/Addr[0] (SYS_CTRL)                    0.00       1.55 r
  U18/Y (BUFX2M)                           0.87       2.42 r
  B1/Address[0] (RegFile)                  0.00       2.42 r
  B1/U48/Y (INVX2M)                        0.22       2.64 f
  B1/U9/Y (INVX2M)                         0.84       3.48 r
  B1/U63/Y (MX4X1M)                        0.49       3.97 f
  B1/U80/Y (MX4X1M)                        0.34       4.31 f
  B1/RdData_reg[3]/D (EDFFHQX2M)           0.00       4.31 f
  data arrival time                                   4.31

  clock REF_CLK (rise edge)               20.00      20.00
  clock network delay (ideal)              0.00      20.00
  clock uncertainty                       -0.20      19.80
  B1/RdData_reg[3]/CK (EDFFHQX2M)          0.00      19.80 r
  library setup time                      -0.36      19.44
  data required time                                 19.44
  -----------------------------------------------------------
  data required time                                 19.44
  data arrival time                                  -4.31
  -----------------------------------------------------------
  slack (MET)                                        15.13


  Startpoint: B5/enable_pulse_reg
              (rising edge-triggered flip-flop clocked by REF_CLK)
  Endpoint: B1/RdData_reg[2]
            (rising edge-triggered flip-flop clocked by REF_CLK)
  Path Group: REF_CLK
  Path Type: max

  Point                                    Incr       Path
  -----------------------------------------------------------
  clock REF_CLK (rise edge)                0.00       0.00
  clock network delay (ideal)              0.00       0.00
  B5/enable_pulse_reg/CK (DFFRQX2M)        0.00       0.00 r
  B5/enable_pulse_reg/Q (DFFRQX2M)         0.53       0.53 f
  B5/enable_pulse (DATA_SYNC)              0.00       0.53 f
  B0/SYNC_VALID (SYS_CTRL)                 0.00       0.53 f
  B0/U46/Y (INVX2M)                        0.30       0.82 r
  B0/U52/Y (NAND2X2M)                      0.13       0.96 f
  B0/U16/Y (OAI21X2M)                      0.09       1.05 r
  B0/U49/Y (MX4X1M)                        0.25       1.30 r
  B0/U47/Y (MX3X1M)                        0.24       1.55 r
  B0/Addr[0] (SYS_CTRL)                    0.00       1.55 r
  U18/Y (BUFX2M)                           0.87       2.42 r
  B1/Address[0] (RegFile)                  0.00       2.42 r
  B1/U48/Y (INVX2M)                        0.22       2.64 f
  B1/U9/Y (INVX2M)                         0.84       3.48 r
  B1/U62/Y (MX4X1M)                        0.49       3.97 f
  B1/U76/Y (MX4X1M)                        0.34       4.31 f
  B1/RdData_reg[2]/D (EDFFHQX2M)           0.00       4.31 f
  data arrival time                                   4.31

  clock REF_CLK (rise edge)               20.00      20.00
  clock network delay (ideal)              0.00      20.00
  clock uncertainty                       -0.20      19.80
  B1/RdData_reg[2]/CK (EDFFHQX2M)          0.00      19.80 r
  library setup time                      -0.36      19.44
  data required time                                 19.44
  -----------------------------------------------------------
  data required time                                 19.44
  data arrival time                                  -4.31
  -----------------------------------------------------------
  slack (MET)                                        15.13


  Startpoint: B5/enable_pulse_reg
              (rising edge-triggered flip-flop clocked by REF_CLK)
  Endpoint: B1/RdData_reg[1]
            (rising edge-triggered flip-flop clocked by REF_CLK)
  Path Group: REF_CLK
  Path Type: max

  Point                                    Incr       Path
  -----------------------------------------------------------
  clock REF_CLK (rise edge)                0.00       0.00
  clock network delay (ideal)              0.00       0.00
  B5/enable_pulse_reg/CK (DFFRQX2M)        0.00       0.00 r
  B5/enable_pulse_reg/Q (DFFRQX2M)         0.53       0.53 f
  B5/enable_pulse (DATA_SYNC)              0.00       0.53 f
  B0/SYNC_VALID (SYS_CTRL)                 0.00       0.53 f
  B0/U46/Y (INVX2M)                        0.30       0.82 r
  B0/U52/Y (NAND2X2M)                      0.13       0.96 f
  B0/U16/Y (OAI21X2M)                      0.09       1.05 r
  B0/U49/Y (MX4X1M)                        0.25       1.30 r
  B0/U47/Y (MX3X1M)                        0.24       1.55 r
  B0/Addr[0] (SYS_CTRL)                    0.00       1.55 r
  U18/Y (BUFX2M)                           0.87       2.42 r
  B1/Address[0] (RegFile)                  0.00       2.42 r
  B1/U48/Y (INVX2M)                        0.22       2.64 f
  B1/U9/Y (INVX2M)                         0.84       3.48 r
  B1/U74/Y (MX4X1M)                        0.49       3.97 f
  B1/U72/Y (MX4X1M)                        0.34       4.31 f
  B1/RdData_reg[1]/D (EDFFHQX2M)           0.00       4.31 f
  data arrival time                                   4.31

  clock REF_CLK (rise edge)               20.00      20.00
  clock network delay (ideal)              0.00      20.00
  clock uncertainty                       -0.20      19.80
  B1/RdData_reg[1]/CK (EDFFHQX2M)          0.00      19.80 r
  library setup time                      -0.36      19.44
  data required time                                 19.44
  -----------------------------------------------------------
  data required time                                 19.44
  data arrival time                                  -4.31
  -----------------------------------------------------------
  slack (MET)                                        15.13


  Startpoint: B5/enable_pulse_reg
              (rising edge-triggered flip-flop clocked by REF_CLK)
  Endpoint: B1/RdData_reg[0]
            (rising edge-triggered flip-flop clocked by REF_CLK)
  Path Group: REF_CLK
  Path Type: max

  Point                                    Incr       Path
  -----------------------------------------------------------
  clock REF_CLK (rise edge)                0.00       0.00
  clock network delay (ideal)              0.00       0.00
  B5/enable_pulse_reg/CK (DFFRQX2M)        0.00       0.00 r
  B5/enable_pulse_reg/Q (DFFRQX2M)         0.53       0.53 f
  B5/enable_pulse (DATA_SYNC)              0.00       0.53 f
  B0/SYNC_VALID (SYS_CTRL)                 0.00       0.53 f
  B0/U46/Y (INVX2M)                        0.30       0.82 r
  B0/U52/Y (NAND2X2M)                      0.13       0.96 f
  B0/U16/Y (OAI21X2M)                      0.09       1.05 r
  B0/U49/Y (MX4X1M)                        0.25       1.30 r
  B0/U47/Y (MX3X1M)                        0.24       1.55 r
  B0/Addr[0] (SYS_CTRL)                    0.00       1.55 r
  U18/Y (BUFX2M)                           0.87       2.42 r
  B1/Address[0] (RegFile)                  0.00       2.42 r
  B1/U48/Y (INVX2M)                        0.22       2.64 f
  B1/U23/Y (INVX2M)                        0.35       2.99 r
  B1/U61/Y (MX4X1M)                        0.40       3.39 f
  B1/U68/Y (MX4X1M)                        0.34       3.73 f
  B1/RdData_reg[0]/D (EDFFHQX2M)           0.00       3.73 f
  data arrival time                                   3.73

  clock REF_CLK (rise edge)               20.00      20.00
  clock network delay (ideal)              0.00      20.00
  clock uncertainty                       -0.20      19.80
  B1/RdData_reg[0]/CK (EDFFHQX2M)          0.00      19.80 r
  library setup time                      -0.36      19.44
  data required time                                 19.44
  -----------------------------------------------------------
  data required time                                 19.44
  data arrival time                                  -3.73
  -----------------------------------------------------------
  slack (MET)                                        15.71


  Startpoint: B5/enable_pulse_reg
              (rising edge-triggered flip-flop clocked by REF_CLK)
  Endpoint: B1/RdData_reg[7]
            (rising edge-triggered flip-flop clocked by REF_CLK)
  Path Group: REF_CLK
  Path Type: max

  Point                                    Incr       Path
  -----------------------------------------------------------
  clock REF_CLK (rise edge)                0.00       0.00
  clock network delay (ideal)              0.00       0.00
  B5/enable_pulse_reg/CK (DFFRQX2M)        0.00       0.00 r
  B5/enable_pulse_reg/Q (DFFRQX2M)         0.53       0.53 f
  B5/enable_pulse (DATA_SYNC)              0.00       0.53 f
  B0/SYNC_VALID (SYS_CTRL)                 0.00       0.53 f
  B0/U46/Y (INVX2M)                        0.30       0.82 r
  B0/U52/Y (NAND2X2M)                      0.13       0.96 f
  B0/U16/Y (OAI21X2M)                      0.09       1.05 r
  B0/U49/Y (MX4X1M)                        0.25       1.30 r
  B0/U47/Y (MX3X1M)                        0.24       1.55 r
  B0/Addr[0] (SYS_CTRL)                    0.00       1.55 r
  U18/Y (BUFX2M)                           0.87       2.42 r
  B1/Address[0] (RegFile)                  0.00       2.42 r
  B1/U48/Y (INVX2M)                        0.22       2.64 f
  B1/U23/Y (INVX2M)                        0.35       2.99 r
  B1/U97/Y (MX4X1M)                        0.40       3.39 f
  B1/U96/Y (MX4X1M)                        0.31       3.70 f
  B1/RdData_reg[7]/D (EDFFHQX2M)           0.00       3.70 f
  data arrival time                                   3.70

  clock REF_CLK (rise edge)               20.00      20.00
  clock network delay (ideal)              0.00      20.00
  clock uncertainty                       -0.20      19.80
  B1/RdData_reg[7]/CK (EDFFHQX2M)          0.00      19.80 r
  library setup time                      -0.36      19.44
  data required time                                 19.44
  -----------------------------------------------------------
  data required time                                 19.44
  data arrival time                                  -3.70
  -----------------------------------------------------------
  slack (MET)                                        15.75


  Startpoint: B5/enable_pulse_reg
              (rising edge-triggered flip-flop clocked by REF_CLK)
  Endpoint: B1/RdData_reg[6]
            (rising edge-triggered flip-flop clocked by REF_CLK)
  Path Group: REF_CLK
  Path Type: max

  Point                                    Incr       Path
  -----------------------------------------------------------
  clock REF_CLK (rise edge)                0.00       0.00
  clock network delay (ideal)              0.00       0.00
  B5/enable_pulse_reg/CK (DFFRQX2M)        0.00       0.00 r
  B5/enable_pulse_reg/Q (DFFRQX2M)         0.53       0.53 f
  B5/enable_pulse (DATA_SYNC)              0.00       0.53 f
  B0/SYNC_VALID (SYS_CTRL)                 0.00       0.53 f
  B0/U46/Y (INVX2M)                        0.30       0.82 r
  B0/U52/Y (NAND2X2M)                      0.13       0.96 f
  B0/U16/Y (OAI21X2M)                      0.09       1.05 r
  B0/U49/Y (MX4X1M)                        0.25       1.30 r
  B0/U47/Y (MX3X1M)                        0.24       1.55 r
  B0/Addr[0] (SYS_CTRL)                    0.00       1.55 r
  U18/Y (BUFX2M)                           0.87       2.42 r
  B1/Address[0] (RegFile)                  0.00       2.42 r
  B1/U48/Y (INVX2M)                        0.22       2.64 f
  B1/U23/Y (INVX2M)                        0.35       2.99 r
  B1/U93/Y (MX4X1M)                        0.40       3.39 f
  B1/U92/Y (MX4X1M)                        0.31       3.70 f
  B1/RdData_reg[6]/D (EDFFHQX2M)           0.00       3.70 f
  data arrival time                                   3.70

  clock REF_CLK (rise edge)               20.00      20.00
  clock network delay (ideal)              0.00      20.00
  clock uncertainty                       -0.20      19.80
  B1/RdData_reg[6]/CK (EDFFHQX2M)          0.00      19.80 r
  library setup time                      -0.36      19.44
  data required time                                 19.44
  -----------------------------------------------------------
  data required time                                 19.44
  data arrival time                                  -3.70
  -----------------------------------------------------------
  slack (MET)                                        15.75


  Startpoint: B5/enable_pulse_reg
              (rising edge-triggered flip-flop clocked by REF_CLK)
  Endpoint: B1/RdData_reg[5]
            (rising edge-triggered flip-flop clocked by REF_CLK)
  Path Group: REF_CLK
  Path Type: max

  Point                                    Incr       Path
  -----------------------------------------------------------
  clock REF_CLK (rise edge)                0.00       0.00
  clock network delay (ideal)              0.00       0.00
  B5/enable_pulse_reg/CK (DFFRQX2M)        0.00       0.00 r
  B5/enable_pulse_reg/Q (DFFRQX2M)         0.53       0.53 f
  B5/enable_pulse (DATA_SYNC)              0.00       0.53 f
  B0/SYNC_VALID (SYS_CTRL)                 0.00       0.53 f
  B0/U46/Y (INVX2M)                        0.30       0.82 r
  B0/U87/Y (NAND2X2M)                      0.13       0.96 f
  B0/U35/Y (OAI21X2M)                      0.09       1.05 r
  B0/U94/Y (MX4X1M)                        0.25       1.30 r
  B0/U92/Y (MX3X1M)                        0.93       2.23 r
  B0/Addr[1] (SYS_CTRL)                    0.00       2.23 r
  B1/Address[1] (RegFile)                  0.00       2.23 r
  B1/U57/Y (INVX2M)                        0.17       2.40 f
  B1/U11/Y (BUFX2M)                        0.18       2.58 f
  B1/U10/Y (INVX2M)                        0.41       2.99 r
  B1/U91/Y (MX4X1M)                        0.29       3.28 f
  B1/U88/Y (MX4X1M)                        0.33       3.61 f
  B1/RdData_reg[5]/D (EDFFHQX2M)           0.00       3.61 f
  data arrival time                                   3.61

  clock REF_CLK (rise edge)               20.00      20.00
  clock network delay (ideal)              0.00      20.00
  clock uncertainty                       -0.20      19.80
  B1/RdData_reg[5]/CK (EDFFHQX2M)          0.00      19.80 r
  library setup time                      -0.36      19.44
  data required time                                 19.44
  -----------------------------------------------------------
  data required time                                 19.44
  data arrival time                                  -3.61
  -----------------------------------------------------------
  slack (MET)                                        15.83


  Startpoint: B5/enable_pulse_reg
              (rising edge-triggered flip-flop clocked by REF_CLK)
  Endpoint: B1/RegFile_reg[13][7]
            (rising edge-triggered flip-flop clocked by REF_CLK)
  Path Group: REF_CLK
  Path Type: max

  Point                                    Incr       Path
  -----------------------------------------------------------
  clock REF_CLK (rise edge)                0.00       0.00
  clock network delay (ideal)              0.00       0.00
  B5/enable_pulse_reg/CK (DFFRQX2M)        0.00       0.00 r
  B5/enable_pulse_reg/Q (DFFRQX2M)         0.53       0.53 f
  B5/enable_pulse (DATA_SYNC)              0.00       0.53 f
  B0/SYNC_VALID (SYS_CTRL)                 0.00       0.53 f
  B0/U46/Y (INVX2M)                        0.30       0.82 r
  B0/U87/Y (NAND2X2M)                      0.13       0.96 f
  B0/U35/Y (OAI21X2M)                      0.09       1.05 r
  B0/U94/Y (MX4X1M)                        0.25       1.30 r
  B0/U92/Y (MX3X1M)                        0.93       2.23 r
  B0/Addr[1] (SYS_CTRL)                    0.00       2.23 r
  B1/Address[1] (RegFile)                  0.00       2.23 r
  B1/U57/Y (INVX2M)                        0.17       2.40 f
  B1/U11/Y (BUFX2M)                        0.18       2.58 f
  B1/U10/Y (INVX2M)                        0.41       2.99 r
  B1/U5/Y (NOR2BX2M)                       0.18       3.17 f
  B1/U35/Y (NAND2X2M)                      0.25       3.42 r
  B1/U208/Y (OAI2BB2X1M)                   0.19       3.61 r
  B1/RegFile_reg[13][7]/D (DFFRQX2M)       0.00       3.61 r
  data arrival time                                   3.61

  clock REF_CLK (rise edge)               20.00      20.00
  clock network delay (ideal)              0.00      20.00
  clock uncertainty                       -0.20      19.80
  B1/RegFile_reg[13][7]/CK (DFFRQX2M)      0.00      19.80 r
  library setup time                      -0.31      19.49
  data required time                                 19.49
  -----------------------------------------------------------
  data required time                                 19.49
  data arrival time                                  -3.61
  -----------------------------------------------------------
  slack (MET)                                        15.88


  Startpoint: B5/enable_pulse_reg
              (rising edge-triggered flip-flop clocked by REF_CLK)
  Endpoint: B1/RegFile_reg[13][6]
            (rising edge-triggered flip-flop clocked by REF_CLK)
  Path Group: REF_CLK
  Path Type: max

  Point                                    Incr       Path
  -----------------------------------------------------------
  clock REF_CLK (rise edge)                0.00       0.00
  clock network delay (ideal)              0.00       0.00
  B5/enable_pulse_reg/CK (DFFRQX2M)        0.00       0.00 r
  B5/enable_pulse_reg/Q (DFFRQX2M)         0.53       0.53 f
  B5/enable_pulse (DATA_SYNC)              0.00       0.53 f
  B0/SYNC_VALID (SYS_CTRL)                 0.00       0.53 f
  B0/U46/Y (INVX2M)                        0.30       0.82 r
  B0/U87/Y (NAND2X2M)                      0.13       0.96 f
  B0/U35/Y (OAI21X2M)                      0.09       1.05 r
  B0/U94/Y (MX4X1M)                        0.25       1.30 r
  B0/U92/Y (MX3X1M)                        0.93       2.23 r
  B0/Addr[1] (SYS_CTRL)                    0.00       2.23 r
  B1/Address[1] (RegFile)                  0.00       2.23 r
  B1/U57/Y (INVX2M)                        0.17       2.40 f
  B1/U11/Y (BUFX2M)                        0.18       2.58 f
  B1/U10/Y (INVX2M)                        0.41       2.99 r
  B1/U5/Y (NOR2BX2M)                       0.18       3.17 f
  B1/U35/Y (NAND2X2M)                      0.25       3.42 r
  B1/U207/Y (OAI2BB2X1M)                   0.19       3.61 r
  B1/RegFile_reg[13][6]/D (DFFRQX2M)       0.00       3.61 r
  data arrival time                                   3.61

  clock REF_CLK (rise edge)               20.00      20.00
  clock network delay (ideal)              0.00      20.00
  clock uncertainty                       -0.20      19.80
  B1/RegFile_reg[13][6]/CK (DFFRQX2M)      0.00      19.80 r
  library setup time                      -0.31      19.49
  data required time                                 19.49
  -----------------------------------------------------------
  data required time                                 19.49
  data arrival time                                  -3.61
  -----------------------------------------------------------
  slack (MET)                                        15.88


  Startpoint: B5/enable_pulse_reg
              (rising edge-triggered flip-flop clocked by REF_CLK)
  Endpoint: B1/RegFile_reg[13][5]
            (rising edge-triggered flip-flop clocked by REF_CLK)
  Path Group: REF_CLK
  Path Type: max

  Point                                    Incr       Path
  -----------------------------------------------------------
  clock REF_CLK (rise edge)                0.00       0.00
  clock network delay (ideal)              0.00       0.00
  B5/enable_pulse_reg/CK (DFFRQX2M)        0.00       0.00 r
  B5/enable_pulse_reg/Q (DFFRQX2M)         0.53       0.53 f
  B5/enable_pulse (DATA_SYNC)              0.00       0.53 f
  B0/SYNC_VALID (SYS_CTRL)                 0.00       0.53 f
  B0/U46/Y (INVX2M)                        0.30       0.82 r
  B0/U87/Y (NAND2X2M)                      0.13       0.96 f
  B0/U35/Y (OAI21X2M)                      0.09       1.05 r
  B0/U94/Y (MX4X1M)                        0.25       1.30 r
  B0/U92/Y (MX3X1M)                        0.93       2.23 r
  B0/Addr[1] (SYS_CTRL)                    0.00       2.23 r
  B1/Address[1] (RegFile)                  0.00       2.23 r
  B1/U57/Y (INVX2M)                        0.17       2.40 f
  B1/U11/Y (BUFX2M)                        0.18       2.58 f
  B1/U10/Y (INVX2M)                        0.41       2.99 r
  B1/U5/Y (NOR2BX2M)                       0.18       3.17 f
  B1/U35/Y (NAND2X2M)                      0.25       3.42 r
  B1/U206/Y (OAI2BB2X1M)                   0.19       3.61 r
  B1/RegFile_reg[13][5]/D (DFFRQX2M)       0.00       3.61 r
  data arrival time                                   3.61

  clock REF_CLK (rise edge)               20.00      20.00
  clock network delay (ideal)              0.00      20.00
  clock uncertainty                       -0.20      19.80
  B1/RegFile_reg[13][5]/CK (DFFRQX2M)      0.00      19.80 r
  library setup time                      -0.31      19.49
  data required time                                 19.49
  -----------------------------------------------------------
  data required time                                 19.49
  data arrival time                                  -3.61
  -----------------------------------------------------------
  slack (MET)                                        15.88


  Startpoint: B5/enable_pulse_reg
              (rising edge-triggered flip-flop clocked by REF_CLK)
  Endpoint: B1/RegFile_reg[13][4]
            (rising edge-triggered flip-flop clocked by REF_CLK)
  Path Group: REF_CLK
  Path Type: max

  Point                                    Incr       Path
  -----------------------------------------------------------
  clock REF_CLK (rise edge)                0.00       0.00
  clock network delay (ideal)              0.00       0.00
  B5/enable_pulse_reg/CK (DFFRQX2M)        0.00       0.00 r
  B5/enable_pulse_reg/Q (DFFRQX2M)         0.53       0.53 f
  B5/enable_pulse (DATA_SYNC)              0.00       0.53 f
  B0/SYNC_VALID (SYS_CTRL)                 0.00       0.53 f
  B0/U46/Y (INVX2M)                        0.30       0.82 r
  B0/U87/Y (NAND2X2M)                      0.13       0.96 f
  B0/U35/Y (OAI21X2M)                      0.09       1.05 r
  B0/U94/Y (MX4X1M)                        0.25       1.30 r
  B0/U92/Y (MX3X1M)                        0.93       2.23 r
  B0/Addr[1] (SYS_CTRL)                    0.00       2.23 r
  B1/Address[1] (RegFile)                  0.00       2.23 r
  B1/U57/Y (INVX2M)                        0.17       2.40 f
  B1/U11/Y (BUFX2M)                        0.18       2.58 f
  B1/U10/Y (INVX2M)                        0.41       2.99 r
  B1/U5/Y (NOR2BX2M)                       0.18       3.17 f
  B1/U35/Y (NAND2X2M)                      0.25       3.42 r
  B1/U205/Y (OAI2BB2X1M)                   0.19       3.61 r
  B1/RegFile_reg[13][4]/D (DFFRQX2M)       0.00       3.61 r
  data arrival time                                   3.61

  clock REF_CLK (rise edge)               20.00      20.00
  clock network delay (ideal)              0.00      20.00
  clock uncertainty                       -0.20      19.80
  B1/RegFile_reg[13][4]/CK (DFFRQX2M)      0.00      19.80 r
  library setup time                      -0.31      19.49
  data required time                                 19.49
  -----------------------------------------------------------
  data required time                                 19.49
  data arrival time                                  -3.61
  -----------------------------------------------------------
  slack (MET)                                        15.88


  Startpoint: B5/enable_pulse_reg
              (rising edge-triggered flip-flop clocked by REF_CLK)
  Endpoint: B1/RegFile_reg[13][3]
            (rising edge-triggered flip-flop clocked by REF_CLK)
  Path Group: REF_CLK
  Path Type: max

  Point                                    Incr       Path
  -----------------------------------------------------------
  clock REF_CLK (rise edge)                0.00       0.00
  clock network delay (ideal)              0.00       0.00
  B5/enable_pulse_reg/CK (DFFRQX2M)        0.00       0.00 r
  B5/enable_pulse_reg/Q (DFFRQX2M)         0.53       0.53 f
  B5/enable_pulse (DATA_SYNC)              0.00       0.53 f
  B0/SYNC_VALID (SYS_CTRL)                 0.00       0.53 f
  B0/U46/Y (INVX2M)                        0.30       0.82 r
  B0/U87/Y (NAND2X2M)                      0.13       0.96 f
  B0/U35/Y (OAI21X2M)                      0.09       1.05 r
  B0/U94/Y (MX4X1M)                        0.25       1.30 r
  B0/U92/Y (MX3X1M)                        0.93       2.23 r
  B0/Addr[1] (SYS_CTRL)                    0.00       2.23 r
  B1/Address[1] (RegFile)                  0.00       2.23 r
  B1/U57/Y (INVX2M)                        0.17       2.40 f
  B1/U11/Y (BUFX2M)                        0.18       2.58 f
  B1/U10/Y (INVX2M)                        0.41       2.99 r
  B1/U5/Y (NOR2BX2M)                       0.18       3.17 f
  B1/U35/Y (NAND2X2M)                      0.25       3.42 r
  B1/U204/Y (OAI2BB2X1M)                   0.19       3.61 r
  B1/RegFile_reg[13][3]/D (DFFRQX2M)       0.00       3.61 r
  data arrival time                                   3.61

  clock REF_CLK (rise edge)               20.00      20.00
  clock network delay (ideal)              0.00      20.00
  clock uncertainty                       -0.20      19.80
  B1/RegFile_reg[13][3]/CK (DFFRQX2M)      0.00      19.80 r
  library setup time                      -0.31      19.49
  data required time                                 19.49
  -----------------------------------------------------------
  data required time                                 19.49
  data arrival time                                  -3.61
  -----------------------------------------------------------
  slack (MET)                                        15.88


  Startpoint: B5/enable_pulse_reg
              (rising edge-triggered flip-flop clocked by REF_CLK)
  Endpoint: B1/RegFile_reg[13][2]
            (rising edge-triggered flip-flop clocked by REF_CLK)
  Path Group: REF_CLK
  Path Type: max

  Point                                    Incr       Path
  -----------------------------------------------------------
  clock REF_CLK (rise edge)                0.00       0.00
  clock network delay (ideal)              0.00       0.00
  B5/enable_pulse_reg/CK (DFFRQX2M)        0.00       0.00 r
  B5/enable_pulse_reg/Q (DFFRQX2M)         0.53       0.53 f
  B5/enable_pulse (DATA_SYNC)              0.00       0.53 f
  B0/SYNC_VALID (SYS_CTRL)                 0.00       0.53 f
  B0/U46/Y (INVX2M)                        0.30       0.82 r
  B0/U87/Y (NAND2X2M)                      0.13       0.96 f
  B0/U35/Y (OAI21X2M)                      0.09       1.05 r
  B0/U94/Y (MX4X1M)                        0.25       1.30 r
  B0/U92/Y (MX3X1M)                        0.93       2.23 r
  B0/Addr[1] (SYS_CTRL)                    0.00       2.23 r
  B1/Address[1] (RegFile)                  0.00       2.23 r
  B1/U57/Y (INVX2M)                        0.17       2.40 f
  B1/U11/Y (BUFX2M)                        0.18       2.58 f
  B1/U10/Y (INVX2M)                        0.41       2.99 r
  B1/U5/Y (NOR2BX2M)                       0.18       3.17 f
  B1/U35/Y (NAND2X2M)                      0.25       3.42 r
  B1/U203/Y (OAI2BB2X1M)                   0.19       3.61 r
  B1/RegFile_reg[13][2]/D (DFFRQX2M)       0.00       3.61 r
  data arrival time                                   3.61

  clock REF_CLK (rise edge)               20.00      20.00
  clock network delay (ideal)              0.00      20.00
  clock uncertainty                       -0.20      19.80
  B1/RegFile_reg[13][2]/CK (DFFRQX2M)      0.00      19.80 r
  library setup time                      -0.31      19.49
  data required time                                 19.49
  -----------------------------------------------------------
  data required time                                 19.49
  data arrival time                                  -3.61
  -----------------------------------------------------------
  slack (MET)                                        15.88


  Startpoint: B5/enable_pulse_reg
              (rising edge-triggered flip-flop clocked by REF_CLK)
  Endpoint: B1/RegFile_reg[13][1]
            (rising edge-triggered flip-flop clocked by REF_CLK)
  Path Group: REF_CLK
  Path Type: max

  Point                                    Incr       Path
  -----------------------------------------------------------
  clock REF_CLK (rise edge)                0.00       0.00
  clock network delay (ideal)              0.00       0.00
  B5/enable_pulse_reg/CK (DFFRQX2M)        0.00       0.00 r
  B5/enable_pulse_reg/Q (DFFRQX2M)         0.53       0.53 f
  B5/enable_pulse (DATA_SYNC)              0.00       0.53 f
  B0/SYNC_VALID (SYS_CTRL)                 0.00       0.53 f
  B0/U46/Y (INVX2M)                        0.30       0.82 r
  B0/U87/Y (NAND2X2M)                      0.13       0.96 f
  B0/U35/Y (OAI21X2M)                      0.09       1.05 r
  B0/U94/Y (MX4X1M)                        0.25       1.30 r
  B0/U92/Y (MX3X1M)                        0.93       2.23 r
  B0/Addr[1] (SYS_CTRL)                    0.00       2.23 r
  B1/Address[1] (RegFile)                  0.00       2.23 r
  B1/U57/Y (INVX2M)                        0.17       2.40 f
  B1/U11/Y (BUFX2M)                        0.18       2.58 f
  B1/U10/Y (INVX2M)                        0.41       2.99 r
  B1/U5/Y (NOR2BX2M)                       0.18       3.17 f
  B1/U35/Y (NAND2X2M)                      0.25       3.42 r
  B1/U202/Y (OAI2BB2X1M)                   0.19       3.61 r
  B1/RegFile_reg[13][1]/D (DFFRQX2M)       0.00       3.61 r
  data arrival time                                   3.61

  clock REF_CLK (rise edge)               20.00      20.00
  clock network delay (ideal)              0.00      20.00
  clock uncertainty                       -0.20      19.80
  B1/RegFile_reg[13][1]/CK (DFFRQX2M)      0.00      19.80 r
  library setup time                      -0.31      19.49
  data required time                                 19.49
  -----------------------------------------------------------
  data required time                                 19.49
  data arrival time                                  -3.61
  -----------------------------------------------------------
  slack (MET)                                        15.88


  Startpoint: B5/enable_pulse_reg
              (rising edge-triggered flip-flop clocked by REF_CLK)
  Endpoint: B1/RegFile_reg[13][0]
            (rising edge-triggered flip-flop clocked by REF_CLK)
  Path Group: REF_CLK
  Path Type: max

  Point                                    Incr       Path
  -----------------------------------------------------------
  clock REF_CLK (rise edge)                0.00       0.00
  clock network delay (ideal)              0.00       0.00
  B5/enable_pulse_reg/CK (DFFRQX2M)        0.00       0.00 r
  B5/enable_pulse_reg/Q (DFFRQX2M)         0.53       0.53 f
  B5/enable_pulse (DATA_SYNC)              0.00       0.53 f
  B0/SYNC_VALID (SYS_CTRL)                 0.00       0.53 f
  B0/U46/Y (INVX2M)                        0.30       0.82 r
  B0/U87/Y (NAND2X2M)                      0.13       0.96 f
  B0/U35/Y (OAI21X2M)                      0.09       1.05 r
  B0/U94/Y (MX4X1M)                        0.25       1.30 r
  B0/U92/Y (MX3X1M)                        0.93       2.23 r
  B0/Addr[1] (SYS_CTRL)                    0.00       2.23 r
  B1/Address[1] (RegFile)                  0.00       2.23 r
  B1/U57/Y (INVX2M)                        0.17       2.40 f
  B1/U11/Y (BUFX2M)                        0.18       2.58 f
  B1/U10/Y (INVX2M)                        0.41       2.99 r
  B1/U5/Y (NOR2BX2M)                       0.18       3.17 f
  B1/U35/Y (NAND2X2M)                      0.25       3.42 r
  B1/U201/Y (OAI2BB2X1M)                   0.19       3.61 r
  B1/RegFile_reg[13][0]/D (DFFRQX2M)       0.00       3.61 r
  data arrival time                                   3.61

  clock REF_CLK (rise edge)               20.00      20.00
  clock network delay (ideal)              0.00      20.00
  clock uncertainty                       -0.20      19.80
  B1/RegFile_reg[13][0]/CK (DFFRQX2M)      0.00      19.80 r
  library setup time                      -0.31      19.49
  data required time                                 19.49
  -----------------------------------------------------------
  data required time                                 19.49
  data arrival time                                  -3.61
  -----------------------------------------------------------
  slack (MET)                                        15.88


  Startpoint: B5/enable_pulse_reg
              (rising edge-triggered flip-flop clocked by REF_CLK)
  Endpoint: B1/RegFile_reg[12][7]
            (rising edge-triggered flip-flop clocked by REF_CLK)
  Path Group: REF_CLK
  Path Type: max

  Point                                    Incr       Path
  -----------------------------------------------------------
  clock REF_CLK (rise edge)                0.00       0.00
  clock network delay (ideal)              0.00       0.00
  B5/enable_pulse_reg/CK (DFFRQX2M)        0.00       0.00 r
  B5/enable_pulse_reg/Q (DFFRQX2M)         0.53       0.53 f
  B5/enable_pulse (DATA_SYNC)              0.00       0.53 f
  B0/SYNC_VALID (SYS_CTRL)                 0.00       0.53 f
  B0/U46/Y (INVX2M)                        0.30       0.82 r
  B0/U87/Y (NAND2X2M)                      0.13       0.96 f
  B0/U35/Y (OAI21X2M)                      0.09       1.05 r
  B0/U94/Y (MX4X1M)                        0.25       1.30 r
  B0/U92/Y (MX3X1M)                        0.93       2.23 r
  B0/Addr[1] (SYS_CTRL)                    0.00       2.23 r
  B1/Address[1] (RegFile)                  0.00       2.23 r
  B1/U57/Y (INVX2M)                        0.17       2.40 f
  B1/U11/Y (BUFX2M)                        0.18       2.58 f
  B1/U10/Y (INVX2M)                        0.41       2.99 r
  B1/U5/Y (NOR2BX2M)                       0.18       3.17 f
  B1/U34/Y (NAND2X2M)                      0.25       3.42 r
  B1/U200/Y (OAI2BB2X1M)                   0.19       3.61 r
  B1/RegFile_reg[12][7]/D (DFFRQX2M)       0.00       3.61 r
  data arrival time                                   3.61

  clock REF_CLK (rise edge)               20.00      20.00
  clock network delay (ideal)              0.00      20.00
  clock uncertainty                       -0.20      19.80
  B1/RegFile_reg[12][7]/CK (DFFRQX2M)      0.00      19.80 r
  library setup time                      -0.31      19.49
  data required time                                 19.49
  -----------------------------------------------------------
  data required time                                 19.49
  data arrival time                                  -3.61
  -----------------------------------------------------------
  slack (MET)                                        15.89


  Startpoint: B5/enable_pulse_reg
              (rising edge-triggered flip-flop clocked by REF_CLK)
  Endpoint: B1/RegFile_reg[12][6]
            (rising edge-triggered flip-flop clocked by REF_CLK)
  Path Group: REF_CLK
  Path Type: max

  Point                                    Incr       Path
  -----------------------------------------------------------
  clock REF_CLK (rise edge)                0.00       0.00
  clock network delay (ideal)              0.00       0.00
  B5/enable_pulse_reg/CK (DFFRQX2M)        0.00       0.00 r
  B5/enable_pulse_reg/Q (DFFRQX2M)         0.53       0.53 f
  B5/enable_pulse (DATA_SYNC)              0.00       0.53 f
  B0/SYNC_VALID (SYS_CTRL)                 0.00       0.53 f
  B0/U46/Y (INVX2M)                        0.30       0.82 r
  B0/U87/Y (NAND2X2M)                      0.13       0.96 f
  B0/U35/Y (OAI21X2M)                      0.09       1.05 r
  B0/U94/Y (MX4X1M)                        0.25       1.30 r
  B0/U92/Y (MX3X1M)                        0.93       2.23 r
  B0/Addr[1] (SYS_CTRL)                    0.00       2.23 r
  B1/Address[1] (RegFile)                  0.00       2.23 r
  B1/U57/Y (INVX2M)                        0.17       2.40 f
  B1/U11/Y (BUFX2M)                        0.18       2.58 f
  B1/U10/Y (INVX2M)                        0.41       2.99 r
  B1/U5/Y (NOR2BX2M)                       0.18       3.17 f
  B1/U34/Y (NAND2X2M)                      0.25       3.42 r
  B1/U199/Y (OAI2BB2X1M)                   0.19       3.61 r
  B1/RegFile_reg[12][6]/D (DFFRQX2M)       0.00       3.61 r
  data arrival time                                   3.61

  clock REF_CLK (rise edge)               20.00      20.00
  clock network delay (ideal)              0.00      20.00
  clock uncertainty                       -0.20      19.80
  B1/RegFile_reg[12][6]/CK (DFFRQX2M)      0.00      19.80 r
  library setup time                      -0.31      19.49
  data required time                                 19.49
  -----------------------------------------------------------
  data required time                                 19.49
  data arrival time                                  -3.61
  -----------------------------------------------------------
  slack (MET)                                        15.89


  Startpoint: B5/enable_pulse_reg
              (rising edge-triggered flip-flop clocked by REF_CLK)
  Endpoint: B1/RegFile_reg[12][5]
            (rising edge-triggered flip-flop clocked by REF_CLK)
  Path Group: REF_CLK
  Path Type: max

  Point                                    Incr       Path
  -----------------------------------------------------------
  clock REF_CLK (rise edge)                0.00       0.00
  clock network delay (ideal)              0.00       0.00
  B5/enable_pulse_reg/CK (DFFRQX2M)        0.00       0.00 r
  B5/enable_pulse_reg/Q (DFFRQX2M)         0.53       0.53 f
  B5/enable_pulse (DATA_SYNC)              0.00       0.53 f
  B0/SYNC_VALID (SYS_CTRL)                 0.00       0.53 f
  B0/U46/Y (INVX2M)                        0.30       0.82 r
  B0/U87/Y (NAND2X2M)                      0.13       0.96 f
  B0/U35/Y (OAI21X2M)                      0.09       1.05 r
  B0/U94/Y (MX4X1M)                        0.25       1.30 r
  B0/U92/Y (MX3X1M)                        0.93       2.23 r
  B0/Addr[1] (SYS_CTRL)                    0.00       2.23 r
  B1/Address[1] (RegFile)                  0.00       2.23 r
  B1/U57/Y (INVX2M)                        0.17       2.40 f
  B1/U11/Y (BUFX2M)                        0.18       2.58 f
  B1/U10/Y (INVX2M)                        0.41       2.99 r
  B1/U5/Y (NOR2BX2M)                       0.18       3.17 f
  B1/U34/Y (NAND2X2M)                      0.25       3.42 r
  B1/U198/Y (OAI2BB2X1M)                   0.19       3.61 r
  B1/RegFile_reg[12][5]/D (DFFRQX2M)       0.00       3.61 r
  data arrival time                                   3.61

  clock REF_CLK (rise edge)               20.00      20.00
  clock network delay (ideal)              0.00      20.00
  clock uncertainty                       -0.20      19.80
  B1/RegFile_reg[12][5]/CK (DFFRQX2M)      0.00      19.80 r
  library setup time                      -0.31      19.49
  data required time                                 19.49
  -----------------------------------------------------------
  data required time                                 19.49
  data arrival time                                  -3.61
  -----------------------------------------------------------
  slack (MET)                                        15.89


  Startpoint: B5/enable_pulse_reg
              (rising edge-triggered flip-flop clocked by REF_CLK)
  Endpoint: B1/RegFile_reg[12][4]
            (rising edge-triggered flip-flop clocked by REF_CLK)
  Path Group: REF_CLK
  Path Type: max

  Point                                    Incr       Path
  -----------------------------------------------------------
  clock REF_CLK (rise edge)                0.00       0.00
  clock network delay (ideal)              0.00       0.00
  B5/enable_pulse_reg/CK (DFFRQX2M)        0.00       0.00 r
  B5/enable_pulse_reg/Q (DFFRQX2M)         0.53       0.53 f
  B5/enable_pulse (DATA_SYNC)              0.00       0.53 f
  B0/SYNC_VALID (SYS_CTRL)                 0.00       0.53 f
  B0/U46/Y (INVX2M)                        0.30       0.82 r
  B0/U87/Y (NAND2X2M)                      0.13       0.96 f
  B0/U35/Y (OAI21X2M)                      0.09       1.05 r
  B0/U94/Y (MX4X1M)                        0.25       1.30 r
  B0/U92/Y (MX3X1M)                        0.93       2.23 r
  B0/Addr[1] (SYS_CTRL)                    0.00       2.23 r
  B1/Address[1] (RegFile)                  0.00       2.23 r
  B1/U57/Y (INVX2M)                        0.17       2.40 f
  B1/U11/Y (BUFX2M)                        0.18       2.58 f
  B1/U10/Y (INVX2M)                        0.41       2.99 r
  B1/U5/Y (NOR2BX2M)                       0.18       3.17 f
  B1/U34/Y (NAND2X2M)                      0.25       3.42 r
  B1/U197/Y (OAI2BB2X1M)                   0.19       3.61 r
  B1/RegFile_reg[12][4]/D (DFFRQX2M)       0.00       3.61 r
  data arrival time                                   3.61

  clock REF_CLK (rise edge)               20.00      20.00
  clock network delay (ideal)              0.00      20.00
  clock uncertainty                       -0.20      19.80
  B1/RegFile_reg[12][4]/CK (DFFRQX2M)      0.00      19.80 r
  library setup time                      -0.31      19.49
  data required time                                 19.49
  -----------------------------------------------------------
  data required time                                 19.49
  data arrival time                                  -3.61
  -----------------------------------------------------------
  slack (MET)                                        15.89


  Startpoint: B5/enable_pulse_reg
              (rising edge-triggered flip-flop clocked by REF_CLK)
  Endpoint: B1/RegFile_reg[12][3]
            (rising edge-triggered flip-flop clocked by REF_CLK)
  Path Group: REF_CLK
  Path Type: max

  Point                                    Incr       Path
  -----------------------------------------------------------
  clock REF_CLK (rise edge)                0.00       0.00
  clock network delay (ideal)              0.00       0.00
  B5/enable_pulse_reg/CK (DFFRQX2M)        0.00       0.00 r
  B5/enable_pulse_reg/Q (DFFRQX2M)         0.53       0.53 f
  B5/enable_pulse (DATA_SYNC)              0.00       0.53 f
  B0/SYNC_VALID (SYS_CTRL)                 0.00       0.53 f
  B0/U46/Y (INVX2M)                        0.30       0.82 r
  B0/U87/Y (NAND2X2M)                      0.13       0.96 f
  B0/U35/Y (OAI21X2M)                      0.09       1.05 r
  B0/U94/Y (MX4X1M)                        0.25       1.30 r
  B0/U92/Y (MX3X1M)                        0.93       2.23 r
  B0/Addr[1] (SYS_CTRL)                    0.00       2.23 r
  B1/Address[1] (RegFile)                  0.00       2.23 r
  B1/U57/Y (INVX2M)                        0.17       2.40 f
  B1/U11/Y (BUFX2M)                        0.18       2.58 f
  B1/U10/Y (INVX2M)                        0.41       2.99 r
  B1/U5/Y (NOR2BX2M)                       0.18       3.17 f
  B1/U34/Y (NAND2X2M)                      0.25       3.42 r
  B1/U196/Y (OAI2BB2X1M)                   0.19       3.61 r
  B1/RegFile_reg[12][3]/D (DFFRQX2M)       0.00       3.61 r
  data arrival time                                   3.61

  clock REF_CLK (rise edge)               20.00      20.00
  clock network delay (ideal)              0.00      20.00
  clock uncertainty                       -0.20      19.80
  B1/RegFile_reg[12][3]/CK (DFFRQX2M)      0.00      19.80 r
  library setup time                      -0.31      19.49
  data required time                                 19.49
  -----------------------------------------------------------
  data required time                                 19.49
  data arrival time                                  -3.61
  -----------------------------------------------------------
  slack (MET)                                        15.89


  Startpoint: B5/enable_pulse_reg
              (rising edge-triggered flip-flop clocked by REF_CLK)
  Endpoint: B1/RegFile_reg[12][2]
            (rising edge-triggered flip-flop clocked by REF_CLK)
  Path Group: REF_CLK
  Path Type: max

  Point                                    Incr       Path
  -----------------------------------------------------------
  clock REF_CLK (rise edge)                0.00       0.00
  clock network delay (ideal)              0.00       0.00
  B5/enable_pulse_reg/CK (DFFRQX2M)        0.00       0.00 r
  B5/enable_pulse_reg/Q (DFFRQX2M)         0.53       0.53 f
  B5/enable_pulse (DATA_SYNC)              0.00       0.53 f
  B0/SYNC_VALID (SYS_CTRL)                 0.00       0.53 f
  B0/U46/Y (INVX2M)                        0.30       0.82 r
  B0/U87/Y (NAND2X2M)                      0.13       0.96 f
  B0/U35/Y (OAI21X2M)                      0.09       1.05 r
  B0/U94/Y (MX4X1M)                        0.25       1.30 r
  B0/U92/Y (MX3X1M)                        0.93       2.23 r
  B0/Addr[1] (SYS_CTRL)                    0.00       2.23 r
  B1/Address[1] (RegFile)                  0.00       2.23 r
  B1/U57/Y (INVX2M)                        0.17       2.40 f
  B1/U11/Y (BUFX2M)                        0.18       2.58 f
  B1/U10/Y (INVX2M)                        0.41       2.99 r
  B1/U5/Y (NOR2BX2M)                       0.18       3.17 f
  B1/U34/Y (NAND2X2M)                      0.25       3.42 r
  B1/U195/Y (OAI2BB2X1M)                   0.19       3.61 r
  B1/RegFile_reg[12][2]/D (DFFRQX2M)       0.00       3.61 r
  data arrival time                                   3.61

  clock REF_CLK (rise edge)               20.00      20.00
  clock network delay (ideal)              0.00      20.00
  clock uncertainty                       -0.20      19.80
  B1/RegFile_reg[12][2]/CK (DFFRQX2M)      0.00      19.80 r
  library setup time                      -0.31      19.49
  data required time                                 19.49
  -----------------------------------------------------------
  data required time                                 19.49
  data arrival time                                  -3.61
  -----------------------------------------------------------
  slack (MET)                                        15.89


  Startpoint: B5/enable_pulse_reg
              (rising edge-triggered flip-flop clocked by REF_CLK)
  Endpoint: B1/RegFile_reg[12][1]
            (rising edge-triggered flip-flop clocked by REF_CLK)
  Path Group: REF_CLK
  Path Type: max

  Point                                    Incr       Path
  -----------------------------------------------------------
  clock REF_CLK (rise edge)                0.00       0.00
  clock network delay (ideal)              0.00       0.00
  B5/enable_pulse_reg/CK (DFFRQX2M)        0.00       0.00 r
  B5/enable_pulse_reg/Q (DFFRQX2M)         0.53       0.53 f
  B5/enable_pulse (DATA_SYNC)              0.00       0.53 f
  B0/SYNC_VALID (SYS_CTRL)                 0.00       0.53 f
  B0/U46/Y (INVX2M)                        0.30       0.82 r
  B0/U87/Y (NAND2X2M)                      0.13       0.96 f
  B0/U35/Y (OAI21X2M)                      0.09       1.05 r
  B0/U94/Y (MX4X1M)                        0.25       1.30 r
  B0/U92/Y (MX3X1M)                        0.93       2.23 r
  B0/Addr[1] (SYS_CTRL)                    0.00       2.23 r
  B1/Address[1] (RegFile)                  0.00       2.23 r
  B1/U57/Y (INVX2M)                        0.17       2.40 f
  B1/U11/Y (BUFX2M)                        0.18       2.58 f
  B1/U10/Y (INVX2M)                        0.41       2.99 r
  B1/U5/Y (NOR2BX2M)                       0.18       3.17 f
  B1/U34/Y (NAND2X2M)                      0.25       3.42 r
  B1/U194/Y (OAI2BB2X1M)                   0.19       3.61 r
  B1/RegFile_reg[12][1]/D (DFFRQX2M)       0.00       3.61 r
  data arrival time                                   3.61

  clock REF_CLK (rise edge)               20.00      20.00
  clock network delay (ideal)              0.00      20.00
  clock uncertainty                       -0.20      19.80
  B1/RegFile_reg[12][1]/CK (DFFRQX2M)      0.00      19.80 r
  library setup time                      -0.31      19.49
  data required time                                 19.49
  -----------------------------------------------------------
  data required time                                 19.49
  data arrival time                                  -3.61
  -----------------------------------------------------------
  slack (MET)                                        15.89


  Startpoint: B5/enable_pulse_reg
              (rising edge-triggered flip-flop clocked by REF_CLK)
  Endpoint: B1/RegFile_reg[12][0]
            (rising edge-triggered flip-flop clocked by REF_CLK)
  Path Group: REF_CLK
  Path Type: max

  Point                                    Incr       Path
  -----------------------------------------------------------
  clock REF_CLK (rise edge)                0.00       0.00
  clock network delay (ideal)              0.00       0.00
  B5/enable_pulse_reg/CK (DFFRQX2M)        0.00       0.00 r
  B5/enable_pulse_reg/Q (DFFRQX2M)         0.53       0.53 f
  B5/enable_pulse (DATA_SYNC)              0.00       0.53 f
  B0/SYNC_VALID (SYS_CTRL)                 0.00       0.53 f
  B0/U46/Y (INVX2M)                        0.30       0.82 r
  B0/U87/Y (NAND2X2M)                      0.13       0.96 f
  B0/U35/Y (OAI21X2M)                      0.09       1.05 r
  B0/U94/Y (MX4X1M)                        0.25       1.30 r
  B0/U92/Y (MX3X1M)                        0.93       2.23 r
  B0/Addr[1] (SYS_CTRL)                    0.00       2.23 r
  B1/Address[1] (RegFile)                  0.00       2.23 r
  B1/U57/Y (INVX2M)                        0.17       2.40 f
  B1/U11/Y (BUFX2M)                        0.18       2.58 f
  B1/U10/Y (INVX2M)                        0.41       2.99 r
  B1/U5/Y (NOR2BX2M)                       0.18       3.17 f
  B1/U34/Y (NAND2X2M)                      0.25       3.42 r
  B1/U193/Y (OAI2BB2X1M)                   0.19       3.61 r
  B1/RegFile_reg[12][0]/D (DFFRQX2M)       0.00       3.61 r
  data arrival time                                   3.61

  clock REF_CLK (rise edge)               20.00      20.00
  clock network delay (ideal)              0.00      20.00
  clock uncertainty                       -0.20      19.80
  B1/RegFile_reg[12][0]/CK (DFFRQX2M)      0.00      19.80 r
  library setup time                      -0.31      19.49
  data required time                                 19.49
  -----------------------------------------------------------
  data required time                                 19.49
  data arrival time                                  -3.61
  -----------------------------------------------------------
  slack (MET)                                        15.89


  Startpoint: B5/enable_pulse_reg
              (rising edge-triggered flip-flop clocked by REF_CLK)
  Endpoint: B1/RegFile_reg[4][7]
            (rising edge-triggered flip-flop clocked by REF_CLK)
  Path Group: REF_CLK
  Path Type: max

  Point                                    Incr       Path
  -----------------------------------------------------------
  clock REF_CLK (rise edge)                0.00       0.00
  clock network delay (ideal)              0.00       0.00
  B5/enable_pulse_reg/CK (DFFRQX2M)        0.00       0.00 r
  B5/enable_pulse_reg/Q (DFFRQX2M)         0.53       0.53 f
  B5/enable_pulse (DATA_SYNC)              0.00       0.53 f
  B0/SYNC_VALID (SYS_CTRL)                 0.00       0.53 f
  B0/U46/Y (INVX2M)                        0.30       0.82 r
  B0/U87/Y (NAND2X2M)                      0.13       0.96 f
  B0/U35/Y (OAI21X2M)                      0.09       1.05 r
  B0/U94/Y (MX4X1M)                        0.25       1.30 r
  B0/U92/Y (MX3X1M)                        0.93       2.23 r
  B0/Addr[1] (SYS_CTRL)                    0.00       2.23 r
  B1/Address[1] (RegFile)                  0.00       2.23 r
  B1/U57/Y (INVX2M)                        0.17       2.40 f
  B1/U11/Y (BUFX2M)                        0.18       2.58 f
  B1/U10/Y (INVX2M)                        0.41       2.99 r
  B1/U5/Y (NOR2BX2M)                       0.18       3.17 f
  B1/U39/Y (NAND2X2M)                      0.24       3.41 r
  B1/U123/Y (OAI2BB2X1M)                   0.19       3.60 r
  B1/RegFile_reg[4][7]/D (DFFRQX2M)        0.00       3.60 r
  data arrival time                                   3.60

  clock REF_CLK (rise edge)               20.00      20.00
  clock network delay (ideal)              0.00      20.00
  clock uncertainty                       -0.20      19.80
  B1/RegFile_reg[4][7]/CK (DFFRQX2M)       0.00      19.80 r
  library setup time                      -0.31      19.49
  data required time                                 19.49
  -----------------------------------------------------------
  data required time                                 19.49
  data arrival time                                  -3.60
  -----------------------------------------------------------
  slack (MET)                                        15.89


  Startpoint: B5/enable_pulse_reg
              (rising edge-triggered flip-flop clocked by REF_CLK)
  Endpoint: B1/RegFile_reg[4][6]
            (rising edge-triggered flip-flop clocked by REF_CLK)
  Path Group: REF_CLK
  Path Type: max

  Point                                    Incr       Path
  -----------------------------------------------------------
  clock REF_CLK (rise edge)                0.00       0.00
  clock network delay (ideal)              0.00       0.00
  B5/enable_pulse_reg/CK (DFFRQX2M)        0.00       0.00 r
  B5/enable_pulse_reg/Q (DFFRQX2M)         0.53       0.53 f
  B5/enable_pulse (DATA_SYNC)              0.00       0.53 f
  B0/SYNC_VALID (SYS_CTRL)                 0.00       0.53 f
  B0/U46/Y (INVX2M)                        0.30       0.82 r
  B0/U87/Y (NAND2X2M)                      0.13       0.96 f
  B0/U35/Y (OAI21X2M)                      0.09       1.05 r
  B0/U94/Y (MX4X1M)                        0.25       1.30 r
  B0/U92/Y (MX3X1M)                        0.93       2.23 r
  B0/Addr[1] (SYS_CTRL)                    0.00       2.23 r
  B1/Address[1] (RegFile)                  0.00       2.23 r
  B1/U57/Y (INVX2M)                        0.17       2.40 f
  B1/U11/Y (BUFX2M)                        0.18       2.58 f
  B1/U10/Y (INVX2M)                        0.41       2.99 r
  B1/U5/Y (NOR2BX2M)                       0.18       3.17 f
  B1/U39/Y (NAND2X2M)                      0.24       3.41 r
  B1/U122/Y (OAI2BB2X1M)                   0.19       3.60 r
  B1/RegFile_reg[4][6]/D (DFFRQX2M)        0.00       3.60 r
  data arrival time                                   3.60

  clock REF_CLK (rise edge)               20.00      20.00
  clock network delay (ideal)              0.00      20.00
  clock uncertainty                       -0.20      19.80
  B1/RegFile_reg[4][6]/CK (DFFRQX2M)       0.00      19.80 r
  library setup time                      -0.31      19.49
  data required time                                 19.49
  -----------------------------------------------------------
  data required time                                 19.49
  data arrival time                                  -3.60
  -----------------------------------------------------------
  slack (MET)                                        15.89


  Startpoint: B5/enable_pulse_reg
              (rising edge-triggered flip-flop clocked by REF_CLK)
  Endpoint: B1/RegFile_reg[4][5]
            (rising edge-triggered flip-flop clocked by REF_CLK)
  Path Group: REF_CLK
  Path Type: max

  Point                                    Incr       Path
  -----------------------------------------------------------
  clock REF_CLK (rise edge)                0.00       0.00
  clock network delay (ideal)              0.00       0.00
  B5/enable_pulse_reg/CK (DFFRQX2M)        0.00       0.00 r
  B5/enable_pulse_reg/Q (DFFRQX2M)         0.53       0.53 f
  B5/enable_pulse (DATA_SYNC)              0.00       0.53 f
  B0/SYNC_VALID (SYS_CTRL)                 0.00       0.53 f
  B0/U46/Y (INVX2M)                        0.30       0.82 r
  B0/U87/Y (NAND2X2M)                      0.13       0.96 f
  B0/U35/Y (OAI21X2M)                      0.09       1.05 r
  B0/U94/Y (MX4X1M)                        0.25       1.30 r
  B0/U92/Y (MX3X1M)                        0.93       2.23 r
  B0/Addr[1] (SYS_CTRL)                    0.00       2.23 r
  B1/Address[1] (RegFile)                  0.00       2.23 r
  B1/U57/Y (INVX2M)                        0.17       2.40 f
  B1/U11/Y (BUFX2M)                        0.18       2.58 f
  B1/U10/Y (INVX2M)                        0.41       2.99 r
  B1/U5/Y (NOR2BX2M)                       0.18       3.17 f
  B1/U39/Y (NAND2X2M)                      0.24       3.41 r
  B1/U121/Y (OAI2BB2X1M)                   0.19       3.60 r
  B1/RegFile_reg[4][5]/D (DFFRQX2M)        0.00       3.60 r
  data arrival time                                   3.60

  clock REF_CLK (rise edge)               20.00      20.00
  clock network delay (ideal)              0.00      20.00
  clock uncertainty                       -0.20      19.80
  B1/RegFile_reg[4][5]/CK (DFFRQX2M)       0.00      19.80 r
  library setup time                      -0.31      19.49
  data required time                                 19.49
  -----------------------------------------------------------
  data required time                                 19.49
  data arrival time                                  -3.60
  -----------------------------------------------------------
  slack (MET)                                        15.89


  Startpoint: B5/enable_pulse_reg
              (rising edge-triggered flip-flop clocked by REF_CLK)
  Endpoint: B1/RegFile_reg[4][4]
            (rising edge-triggered flip-flop clocked by REF_CLK)
  Path Group: REF_CLK
  Path Type: max

  Point                                    Incr       Path
  -----------------------------------------------------------
  clock REF_CLK (rise edge)                0.00       0.00
  clock network delay (ideal)              0.00       0.00
  B5/enable_pulse_reg/CK (DFFRQX2M)        0.00       0.00 r
  B5/enable_pulse_reg/Q (DFFRQX2M)         0.53       0.53 f
  B5/enable_pulse (DATA_SYNC)              0.00       0.53 f
  B0/SYNC_VALID (SYS_CTRL)                 0.00       0.53 f
  B0/U46/Y (INVX2M)                        0.30       0.82 r
  B0/U87/Y (NAND2X2M)                      0.13       0.96 f
  B0/U35/Y (OAI21X2M)                      0.09       1.05 r
  B0/U94/Y (MX4X1M)                        0.25       1.30 r
  B0/U92/Y (MX3X1M)                        0.93       2.23 r
  B0/Addr[1] (SYS_CTRL)                    0.00       2.23 r
  B1/Address[1] (RegFile)                  0.00       2.23 r
  B1/U57/Y (INVX2M)                        0.17       2.40 f
  B1/U11/Y (BUFX2M)                        0.18       2.58 f
  B1/U10/Y (INVX2M)                        0.41       2.99 r
  B1/U5/Y (NOR2BX2M)                       0.18       3.17 f
  B1/U39/Y (NAND2X2M)                      0.24       3.41 r
  B1/U120/Y (OAI2BB2X1M)                   0.19       3.60 r
  B1/RegFile_reg[4][4]/D (DFFRQX2M)        0.00       3.60 r
  data arrival time                                   3.60

  clock REF_CLK (rise edge)               20.00      20.00
  clock network delay (ideal)              0.00      20.00
  clock uncertainty                       -0.20      19.80
  B1/RegFile_reg[4][4]/CK (DFFRQX2M)       0.00      19.80 r
  library setup time                      -0.31      19.49
  data required time                                 19.49
  -----------------------------------------------------------
  data required time                                 19.49
  data arrival time                                  -3.60
  -----------------------------------------------------------
  slack (MET)                                        15.89


  Startpoint: B5/enable_pulse_reg
              (rising edge-triggered flip-flop clocked by REF_CLK)
  Endpoint: B1/RegFile_reg[4][3]
            (rising edge-triggered flip-flop clocked by REF_CLK)
  Path Group: REF_CLK
  Path Type: max

  Point                                    Incr       Path
  -----------------------------------------------------------
  clock REF_CLK (rise edge)                0.00       0.00
  clock network delay (ideal)              0.00       0.00
  B5/enable_pulse_reg/CK (DFFRQX2M)        0.00       0.00 r
  B5/enable_pulse_reg/Q (DFFRQX2M)         0.53       0.53 f
  B5/enable_pulse (DATA_SYNC)              0.00       0.53 f
  B0/SYNC_VALID (SYS_CTRL)                 0.00       0.53 f
  B0/U46/Y (INVX2M)                        0.30       0.82 r
  B0/U87/Y (NAND2X2M)                      0.13       0.96 f
  B0/U35/Y (OAI21X2M)                      0.09       1.05 r
  B0/U94/Y (MX4X1M)                        0.25       1.30 r
  B0/U92/Y (MX3X1M)                        0.93       2.23 r
  B0/Addr[1] (SYS_CTRL)                    0.00       2.23 r
  B1/Address[1] (RegFile)                  0.00       2.23 r
  B1/U57/Y (INVX2M)                        0.17       2.40 f
  B1/U11/Y (BUFX2M)                        0.18       2.58 f
  B1/U10/Y (INVX2M)                        0.41       2.99 r
  B1/U5/Y (NOR2BX2M)                       0.18       3.17 f
  B1/U39/Y (NAND2X2M)                      0.24       3.41 r
  B1/U119/Y (OAI2BB2X1M)                   0.19       3.60 r
  B1/RegFile_reg[4][3]/D (DFFRQX2M)        0.00       3.60 r
  data arrival time                                   3.60

  clock REF_CLK (rise edge)               20.00      20.00
  clock network delay (ideal)              0.00      20.00
  clock uncertainty                       -0.20      19.80
  B1/RegFile_reg[4][3]/CK (DFFRQX2M)       0.00      19.80 r
  library setup time                      -0.31      19.49
  data required time                                 19.49
  -----------------------------------------------------------
  data required time                                 19.49
  data arrival time                                  -3.60
  -----------------------------------------------------------
  slack (MET)                                        15.89


  Startpoint: B5/enable_pulse_reg
              (rising edge-triggered flip-flop clocked by REF_CLK)
  Endpoint: B1/RegFile_reg[4][2]
            (rising edge-triggered flip-flop clocked by REF_CLK)
  Path Group: REF_CLK
  Path Type: max

  Point                                    Incr       Path
  -----------------------------------------------------------
  clock REF_CLK (rise edge)                0.00       0.00
  clock network delay (ideal)              0.00       0.00
  B5/enable_pulse_reg/CK (DFFRQX2M)        0.00       0.00 r
  B5/enable_pulse_reg/Q (DFFRQX2M)         0.53       0.53 f
  B5/enable_pulse (DATA_SYNC)              0.00       0.53 f
  B0/SYNC_VALID (SYS_CTRL)                 0.00       0.53 f
  B0/U46/Y (INVX2M)                        0.30       0.82 r
  B0/U87/Y (NAND2X2M)                      0.13       0.96 f
  B0/U35/Y (OAI21X2M)                      0.09       1.05 r
  B0/U94/Y (MX4X1M)                        0.25       1.30 r
  B0/U92/Y (MX3X1M)                        0.93       2.23 r
  B0/Addr[1] (SYS_CTRL)                    0.00       2.23 r
  B1/Address[1] (RegFile)                  0.00       2.23 r
  B1/U57/Y (INVX2M)                        0.17       2.40 f
  B1/U11/Y (BUFX2M)                        0.18       2.58 f
  B1/U10/Y (INVX2M)                        0.41       2.99 r
  B1/U5/Y (NOR2BX2M)                       0.18       3.17 f
  B1/U39/Y (NAND2X2M)                      0.24       3.41 r
  B1/U118/Y (OAI2BB2X1M)                   0.19       3.60 r
  B1/RegFile_reg[4][2]/D (DFFRQX2M)        0.00       3.60 r
  data arrival time                                   3.60

  clock REF_CLK (rise edge)               20.00      20.00
  clock network delay (ideal)              0.00      20.00
  clock uncertainty                       -0.20      19.80
  B1/RegFile_reg[4][2]/CK (DFFRQX2M)       0.00      19.80 r
  library setup time                      -0.31      19.49
  data required time                                 19.49
  -----------------------------------------------------------
  data required time                                 19.49
  data arrival time                                  -3.60
  -----------------------------------------------------------
  slack (MET)                                        15.89


  Startpoint: B5/enable_pulse_reg
              (rising edge-triggered flip-flop clocked by REF_CLK)
  Endpoint: B1/RegFile_reg[4][1]
            (rising edge-triggered flip-flop clocked by REF_CLK)
  Path Group: REF_CLK
  Path Type: max

  Point                                    Incr       Path
  -----------------------------------------------------------
  clock REF_CLK (rise edge)                0.00       0.00
  clock network delay (ideal)              0.00       0.00
  B5/enable_pulse_reg/CK (DFFRQX2M)        0.00       0.00 r
  B5/enable_pulse_reg/Q (DFFRQX2M)         0.53       0.53 f
  B5/enable_pulse (DATA_SYNC)              0.00       0.53 f
  B0/SYNC_VALID (SYS_CTRL)                 0.00       0.53 f
  B0/U46/Y (INVX2M)                        0.30       0.82 r
  B0/U87/Y (NAND2X2M)                      0.13       0.96 f
  B0/U35/Y (OAI21X2M)                      0.09       1.05 r
  B0/U94/Y (MX4X1M)                        0.25       1.30 r
  B0/U92/Y (MX3X1M)                        0.93       2.23 r
  B0/Addr[1] (SYS_CTRL)                    0.00       2.23 r
  B1/Address[1] (RegFile)                  0.00       2.23 r
  B1/U57/Y (INVX2M)                        0.17       2.40 f
  B1/U11/Y (BUFX2M)                        0.18       2.58 f
  B1/U10/Y (INVX2M)                        0.41       2.99 r
  B1/U5/Y (NOR2BX2M)                       0.18       3.17 f
  B1/U39/Y (NAND2X2M)                      0.24       3.41 r
  B1/U117/Y (OAI2BB2X1M)                   0.19       3.60 r
  B1/RegFile_reg[4][1]/D (DFFRQX2M)        0.00       3.60 r
  data arrival time                                   3.60

  clock REF_CLK (rise edge)               20.00      20.00
  clock network delay (ideal)              0.00      20.00
  clock uncertainty                       -0.20      19.80
  B1/RegFile_reg[4][1]/CK (DFFRQX2M)       0.00      19.80 r
  library setup time                      -0.31      19.49
  data required time                                 19.49
  -----------------------------------------------------------
  data required time                                 19.49
  data arrival time                                  -3.60
  -----------------------------------------------------------
  slack (MET)                                        15.89


  Startpoint: B5/enable_pulse_reg
              (rising edge-triggered flip-flop clocked by REF_CLK)
  Endpoint: B1/RegFile_reg[4][0]
            (rising edge-triggered flip-flop clocked by REF_CLK)
  Path Group: REF_CLK
  Path Type: max

  Point                                    Incr       Path
  -----------------------------------------------------------
  clock REF_CLK (rise edge)                0.00       0.00
  clock network delay (ideal)              0.00       0.00
  B5/enable_pulse_reg/CK (DFFRQX2M)        0.00       0.00 r
  B5/enable_pulse_reg/Q (DFFRQX2M)         0.53       0.53 f
  B5/enable_pulse (DATA_SYNC)              0.00       0.53 f
  B0/SYNC_VALID (SYS_CTRL)                 0.00       0.53 f
  B0/U46/Y (INVX2M)                        0.30       0.82 r
  B0/U87/Y (NAND2X2M)                      0.13       0.96 f
  B0/U35/Y (OAI21X2M)                      0.09       1.05 r
  B0/U94/Y (MX4X1M)                        0.25       1.30 r
  B0/U92/Y (MX3X1M)                        0.93       2.23 r
  B0/Addr[1] (SYS_CTRL)                    0.00       2.23 r
  B1/Address[1] (RegFile)                  0.00       2.23 r
  B1/U57/Y (INVX2M)                        0.17       2.40 f
  B1/U11/Y (BUFX2M)                        0.18       2.58 f
  B1/U10/Y (INVX2M)                        0.41       2.99 r
  B1/U5/Y (NOR2BX2M)                       0.18       3.17 f
  B1/U39/Y (NAND2X2M)                      0.24       3.41 r
  B1/U116/Y (OAI2BB2X1M)                   0.19       3.60 r
  B1/RegFile_reg[4][0]/D (DFFRQX2M)        0.00       3.60 r
  data arrival time                                   3.60

  clock REF_CLK (rise edge)               20.00      20.00
  clock network delay (ideal)              0.00      20.00
  clock uncertainty                       -0.20      19.80
  B1/RegFile_reg[4][0]/CK (DFFRQX2M)       0.00      19.80 r
  library setup time                      -0.31      19.49
  data required time                                 19.49
  -----------------------------------------------------------
  data required time                                 19.49
  data arrival time                                  -3.60
  -----------------------------------------------------------
  slack (MET)                                        15.89


  Startpoint: B5/enable_pulse_reg
              (rising edge-triggered flip-flop clocked by REF_CLK)
  Endpoint: B1/RegFile_reg[5][7]
            (rising edge-triggered flip-flop clocked by REF_CLK)
  Path Group: REF_CLK
  Path Type: max

  Point                                    Incr       Path
  -----------------------------------------------------------
  clock REF_CLK (rise edge)                0.00       0.00
  clock network delay (ideal)              0.00       0.00
  B5/enable_pulse_reg/CK (DFFRQX2M)        0.00       0.00 r
  B5/enable_pulse_reg/Q (DFFRQX2M)         0.53       0.53 f
  B5/enable_pulse (DATA_SYNC)              0.00       0.53 f
  B0/SYNC_VALID (SYS_CTRL)                 0.00       0.53 f
  B0/U46/Y (INVX2M)                        0.30       0.82 r
  B0/U87/Y (NAND2X2M)                      0.13       0.96 f
  B0/U35/Y (OAI21X2M)                      0.09       1.05 r
  B0/U94/Y (MX4X1M)                        0.25       1.30 r
  B0/U92/Y (MX3X1M)                        0.93       2.23 r
  B0/Addr[1] (SYS_CTRL)                    0.00       2.23 r
  B1/Address[1] (RegFile)                  0.00       2.23 r
  B1/U57/Y (INVX2M)                        0.17       2.40 f
  B1/U11/Y (BUFX2M)                        0.18       2.58 f
  B1/U10/Y (INVX2M)                        0.41       2.99 r
  B1/U5/Y (NOR2BX2M)                       0.18       3.17 f
  B1/U40/Y (NAND2X2M)                      0.24       3.41 r
  B1/U131/Y (OAI2BB2X1M)                   0.19       3.60 r
  B1/RegFile_reg[5][7]/D (DFFRQX2M)        0.00       3.60 r
  data arrival time                                   3.60

  clock REF_CLK (rise edge)               20.00      20.00
  clock network delay (ideal)              0.00      20.00
  clock uncertainty                       -0.20      19.80
  B1/RegFile_reg[5][7]/CK (DFFRQX2M)       0.00      19.80 r
  library setup time                      -0.31      19.49
  data required time                                 19.49
  -----------------------------------------------------------
  data required time                                 19.49
  data arrival time                                  -3.60
  -----------------------------------------------------------
  slack (MET)                                        15.89


  Startpoint: B5/enable_pulse_reg
              (rising edge-triggered flip-flop clocked by REF_CLK)
  Endpoint: B1/RegFile_reg[5][6]
            (rising edge-triggered flip-flop clocked by REF_CLK)
  Path Group: REF_CLK
  Path Type: max

  Point                                    Incr       Path
  -----------------------------------------------------------
  clock REF_CLK (rise edge)                0.00       0.00
  clock network delay (ideal)              0.00       0.00
  B5/enable_pulse_reg/CK (DFFRQX2M)        0.00       0.00 r
  B5/enable_pulse_reg/Q (DFFRQX2M)         0.53       0.53 f
  B5/enable_pulse (DATA_SYNC)              0.00       0.53 f
  B0/SYNC_VALID (SYS_CTRL)                 0.00       0.53 f
  B0/U46/Y (INVX2M)                        0.30       0.82 r
  B0/U87/Y (NAND2X2M)                      0.13       0.96 f
  B0/U35/Y (OAI21X2M)                      0.09       1.05 r
  B0/U94/Y (MX4X1M)                        0.25       1.30 r
  B0/U92/Y (MX3X1M)                        0.93       2.23 r
  B0/Addr[1] (SYS_CTRL)                    0.00       2.23 r
  B1/Address[1] (RegFile)                  0.00       2.23 r
  B1/U57/Y (INVX2M)                        0.17       2.40 f
  B1/U11/Y (BUFX2M)                        0.18       2.58 f
  B1/U10/Y (INVX2M)                        0.41       2.99 r
  B1/U5/Y (NOR2BX2M)                       0.18       3.17 f
  B1/U40/Y (NAND2X2M)                      0.24       3.41 r
  B1/U130/Y (OAI2BB2X1M)                   0.19       3.60 r
  B1/RegFile_reg[5][6]/D (DFFRQX2M)        0.00       3.60 r
  data arrival time                                   3.60

  clock REF_CLK (rise edge)               20.00      20.00
  clock network delay (ideal)              0.00      20.00
  clock uncertainty                       -0.20      19.80
  B1/RegFile_reg[5][6]/CK (DFFRQX2M)       0.00      19.80 r
  library setup time                      -0.31      19.49
  data required time                                 19.49
  -----------------------------------------------------------
  data required time                                 19.49
  data arrival time                                  -3.60
  -----------------------------------------------------------
  slack (MET)                                        15.89


  Startpoint: B5/enable_pulse_reg
              (rising edge-triggered flip-flop clocked by REF_CLK)
  Endpoint: B1/RegFile_reg[5][5]
            (rising edge-triggered flip-flop clocked by REF_CLK)
  Path Group: REF_CLK
  Path Type: max

  Point                                    Incr       Path
  -----------------------------------------------------------
  clock REF_CLK (rise edge)                0.00       0.00
  clock network delay (ideal)              0.00       0.00
  B5/enable_pulse_reg/CK (DFFRQX2M)        0.00       0.00 r
  B5/enable_pulse_reg/Q (DFFRQX2M)         0.53       0.53 f
  B5/enable_pulse (DATA_SYNC)              0.00       0.53 f
  B0/SYNC_VALID (SYS_CTRL)                 0.00       0.53 f
  B0/U46/Y (INVX2M)                        0.30       0.82 r
  B0/U87/Y (NAND2X2M)                      0.13       0.96 f
  B0/U35/Y (OAI21X2M)                      0.09       1.05 r
  B0/U94/Y (MX4X1M)                        0.25       1.30 r
  B0/U92/Y (MX3X1M)                        0.93       2.23 r
  B0/Addr[1] (SYS_CTRL)                    0.00       2.23 r
  B1/Address[1] (RegFile)                  0.00       2.23 r
  B1/U57/Y (INVX2M)                        0.17       2.40 f
  B1/U11/Y (BUFX2M)                        0.18       2.58 f
  B1/U10/Y (INVX2M)                        0.41       2.99 r
  B1/U5/Y (NOR2BX2M)                       0.18       3.17 f
  B1/U40/Y (NAND2X2M)                      0.24       3.41 r
  B1/U129/Y (OAI2BB2X1M)                   0.19       3.60 r
  B1/RegFile_reg[5][5]/D (DFFRQX2M)        0.00       3.60 r
  data arrival time                                   3.60

  clock REF_CLK (rise edge)               20.00      20.00
  clock network delay (ideal)              0.00      20.00
  clock uncertainty                       -0.20      19.80
  B1/RegFile_reg[5][5]/CK (DFFRQX2M)       0.00      19.80 r
  library setup time                      -0.31      19.49
  data required time                                 19.49
  -----------------------------------------------------------
  data required time                                 19.49
  data arrival time                                  -3.60
  -----------------------------------------------------------
  slack (MET)                                        15.89


  Startpoint: B5/enable_pulse_reg
              (rising edge-triggered flip-flop clocked by REF_CLK)
  Endpoint: B1/RegFile_reg[5][4]
            (rising edge-triggered flip-flop clocked by REF_CLK)
  Path Group: REF_CLK
  Path Type: max

  Point                                    Incr       Path
  -----------------------------------------------------------
  clock REF_CLK (rise edge)                0.00       0.00
  clock network delay (ideal)              0.00       0.00
  B5/enable_pulse_reg/CK (DFFRQX2M)        0.00       0.00 r
  B5/enable_pulse_reg/Q (DFFRQX2M)         0.53       0.53 f
  B5/enable_pulse (DATA_SYNC)              0.00       0.53 f
  B0/SYNC_VALID (SYS_CTRL)                 0.00       0.53 f
  B0/U46/Y (INVX2M)                        0.30       0.82 r
  B0/U87/Y (NAND2X2M)                      0.13       0.96 f
  B0/U35/Y (OAI21X2M)                      0.09       1.05 r
  B0/U94/Y (MX4X1M)                        0.25       1.30 r
  B0/U92/Y (MX3X1M)                        0.93       2.23 r
  B0/Addr[1] (SYS_CTRL)                    0.00       2.23 r
  B1/Address[1] (RegFile)                  0.00       2.23 r
  B1/U57/Y (INVX2M)                        0.17       2.40 f
  B1/U11/Y (BUFX2M)                        0.18       2.58 f
  B1/U10/Y (INVX2M)                        0.41       2.99 r
  B1/U5/Y (NOR2BX2M)                       0.18       3.17 f
  B1/U40/Y (NAND2X2M)                      0.24       3.41 r
  B1/U128/Y (OAI2BB2X1M)                   0.19       3.60 r
  B1/RegFile_reg[5][4]/D (DFFRQX2M)        0.00       3.60 r
  data arrival time                                   3.60

  clock REF_CLK (rise edge)               20.00      20.00
  clock network delay (ideal)              0.00      20.00
  clock uncertainty                       -0.20      19.80
  B1/RegFile_reg[5][4]/CK (DFFRQX2M)       0.00      19.80 r
  library setup time                      -0.31      19.49
  data required time                                 19.49
  -----------------------------------------------------------
  data required time                                 19.49
  data arrival time                                  -3.60
  -----------------------------------------------------------
  slack (MET)                                        15.89


  Startpoint: B5/enable_pulse_reg
              (rising edge-triggered flip-flop clocked by REF_CLK)
  Endpoint: B1/RegFile_reg[5][3]
            (rising edge-triggered flip-flop clocked by REF_CLK)
  Path Group: REF_CLK
  Path Type: max

  Point                                    Incr       Path
  -----------------------------------------------------------
  clock REF_CLK (rise edge)                0.00       0.00
  clock network delay (ideal)              0.00       0.00
  B5/enable_pulse_reg/CK (DFFRQX2M)        0.00       0.00 r
  B5/enable_pulse_reg/Q (DFFRQX2M)         0.53       0.53 f
  B5/enable_pulse (DATA_SYNC)              0.00       0.53 f
  B0/SYNC_VALID (SYS_CTRL)                 0.00       0.53 f
  B0/U46/Y (INVX2M)                        0.30       0.82 r
  B0/U87/Y (NAND2X2M)                      0.13       0.96 f
  B0/U35/Y (OAI21X2M)                      0.09       1.05 r
  B0/U94/Y (MX4X1M)                        0.25       1.30 r
  B0/U92/Y (MX3X1M)                        0.93       2.23 r
  B0/Addr[1] (SYS_CTRL)                    0.00       2.23 r
  B1/Address[1] (RegFile)                  0.00       2.23 r
  B1/U57/Y (INVX2M)                        0.17       2.40 f
  B1/U11/Y (BUFX2M)                        0.18       2.58 f
  B1/U10/Y (INVX2M)                        0.41       2.99 r
  B1/U5/Y (NOR2BX2M)                       0.18       3.17 f
  B1/U40/Y (NAND2X2M)                      0.24       3.41 r
  B1/U127/Y (OAI2BB2X1M)                   0.19       3.60 r
  B1/RegFile_reg[5][3]/D (DFFRQX2M)        0.00       3.60 r
  data arrival time                                   3.60

  clock REF_CLK (rise edge)               20.00      20.00
  clock network delay (ideal)              0.00      20.00
  clock uncertainty                       -0.20      19.80
  B1/RegFile_reg[5][3]/CK (DFFRQX2M)       0.00      19.80 r
  library setup time                      -0.31      19.49
  data required time                                 19.49
  -----------------------------------------------------------
  data required time                                 19.49
  data arrival time                                  -3.60
  -----------------------------------------------------------
  slack (MET)                                        15.89


  Startpoint: B5/enable_pulse_reg
              (rising edge-triggered flip-flop clocked by REF_CLK)
  Endpoint: B1/RegFile_reg[5][2]
            (rising edge-triggered flip-flop clocked by REF_CLK)
  Path Group: REF_CLK
  Path Type: max

  Point                                    Incr       Path
  -----------------------------------------------------------
  clock REF_CLK (rise edge)                0.00       0.00
  clock network delay (ideal)              0.00       0.00
  B5/enable_pulse_reg/CK (DFFRQX2M)        0.00       0.00 r
  B5/enable_pulse_reg/Q (DFFRQX2M)         0.53       0.53 f
  B5/enable_pulse (DATA_SYNC)              0.00       0.53 f
  B0/SYNC_VALID (SYS_CTRL)                 0.00       0.53 f
  B0/U46/Y (INVX2M)                        0.30       0.82 r
  B0/U87/Y (NAND2X2M)                      0.13       0.96 f
  B0/U35/Y (OAI21X2M)                      0.09       1.05 r
  B0/U94/Y (MX4X1M)                        0.25       1.30 r
  B0/U92/Y (MX3X1M)                        0.93       2.23 r
  B0/Addr[1] (SYS_CTRL)                    0.00       2.23 r
  B1/Address[1] (RegFile)                  0.00       2.23 r
  B1/U57/Y (INVX2M)                        0.17       2.40 f
  B1/U11/Y (BUFX2M)                        0.18       2.58 f
  B1/U10/Y (INVX2M)                        0.41       2.99 r
  B1/U5/Y (NOR2BX2M)                       0.18       3.17 f
  B1/U40/Y (NAND2X2M)                      0.24       3.41 r
  B1/U126/Y (OAI2BB2X1M)                   0.19       3.60 r
  B1/RegFile_reg[5][2]/D (DFFRQX2M)        0.00       3.60 r
  data arrival time                                   3.60

  clock REF_CLK (rise edge)               20.00      20.00
  clock network delay (ideal)              0.00      20.00
  clock uncertainty                       -0.20      19.80
  B1/RegFile_reg[5][2]/CK (DFFRQX2M)       0.00      19.80 r
  library setup time                      -0.31      19.49
  data required time                                 19.49
  -----------------------------------------------------------
  data required time                                 19.49
  data arrival time                                  -3.60
  -----------------------------------------------------------
  slack (MET)                                        15.89


  Startpoint: B5/enable_pulse_reg
              (rising edge-triggered flip-flop clocked by REF_CLK)
  Endpoint: B1/RegFile_reg[5][1]
            (rising edge-triggered flip-flop clocked by REF_CLK)
  Path Group: REF_CLK
  Path Type: max

  Point                                    Incr       Path
  -----------------------------------------------------------
  clock REF_CLK (rise edge)                0.00       0.00
  clock network delay (ideal)              0.00       0.00
  B5/enable_pulse_reg/CK (DFFRQX2M)        0.00       0.00 r
  B5/enable_pulse_reg/Q (DFFRQX2M)         0.53       0.53 f
  B5/enable_pulse (DATA_SYNC)              0.00       0.53 f
  B0/SYNC_VALID (SYS_CTRL)                 0.00       0.53 f
  B0/U46/Y (INVX2M)                        0.30       0.82 r
  B0/U87/Y (NAND2X2M)                      0.13       0.96 f
  B0/U35/Y (OAI21X2M)                      0.09       1.05 r
  B0/U94/Y (MX4X1M)                        0.25       1.30 r
  B0/U92/Y (MX3X1M)                        0.93       2.23 r
  B0/Addr[1] (SYS_CTRL)                    0.00       2.23 r
  B1/Address[1] (RegFile)                  0.00       2.23 r
  B1/U57/Y (INVX2M)                        0.17       2.40 f
  B1/U11/Y (BUFX2M)                        0.18       2.58 f
  B1/U10/Y (INVX2M)                        0.41       2.99 r
  B1/U5/Y (NOR2BX2M)                       0.18       3.17 f
  B1/U40/Y (NAND2X2M)                      0.24       3.41 r
  B1/U125/Y (OAI2BB2X1M)                   0.19       3.60 r
  B1/RegFile_reg[5][1]/D (DFFRQX2M)        0.00       3.60 r
  data arrival time                                   3.60

  clock REF_CLK (rise edge)               20.00      20.00
  clock network delay (ideal)              0.00      20.00
  clock uncertainty                       -0.20      19.80
  B1/RegFile_reg[5][1]/CK (DFFRQX2M)       0.00      19.80 r
  library setup time                      -0.31      19.49
  data required time                                 19.49
  -----------------------------------------------------------
  data required time                                 19.49
  data arrival time                                  -3.60
  -----------------------------------------------------------
  slack (MET)                                        15.89


  Startpoint: B5/enable_pulse_reg
              (rising edge-triggered flip-flop clocked by REF_CLK)
  Endpoint: B1/RegFile_reg[5][0]
            (rising edge-triggered flip-flop clocked by REF_CLK)
  Path Group: REF_CLK
  Path Type: max

  Point                                    Incr       Path
  -----------------------------------------------------------
  clock REF_CLK (rise edge)                0.00       0.00
  clock network delay (ideal)              0.00       0.00
  B5/enable_pulse_reg/CK (DFFRQX2M)        0.00       0.00 r
  B5/enable_pulse_reg/Q (DFFRQX2M)         0.53       0.53 f
  B5/enable_pulse (DATA_SYNC)              0.00       0.53 f
  B0/SYNC_VALID (SYS_CTRL)                 0.00       0.53 f
  B0/U46/Y (INVX2M)                        0.30       0.82 r
  B0/U87/Y (NAND2X2M)                      0.13       0.96 f
  B0/U35/Y (OAI21X2M)                      0.09       1.05 r
  B0/U94/Y (MX4X1M)                        0.25       1.30 r
  B0/U92/Y (MX3X1M)                        0.93       2.23 r
  B0/Addr[1] (SYS_CTRL)                    0.00       2.23 r
  B1/Address[1] (RegFile)                  0.00       2.23 r
  B1/U57/Y (INVX2M)                        0.17       2.40 f
  B1/U11/Y (BUFX2M)                        0.18       2.58 f
  B1/U10/Y (INVX2M)                        0.41       2.99 r
  B1/U5/Y (NOR2BX2M)                       0.18       3.17 f
  B1/U40/Y (NAND2X2M)                      0.24       3.41 r
  B1/U124/Y (OAI2BB2X1M)                   0.19       3.60 r
  B1/RegFile_reg[5][0]/D (DFFRQX2M)        0.00       3.60 r
  data arrival time                                   3.60

  clock REF_CLK (rise edge)               20.00      20.00
  clock network delay (ideal)              0.00      20.00
  clock uncertainty                       -0.20      19.80
  B1/RegFile_reg[5][0]/CK (DFFRQX2M)       0.00      19.80 r
  library setup time                      -0.31      19.49
  data required time                                 19.49
  -----------------------------------------------------------
  data required time                                 19.49
  data arrival time                                  -3.60
  -----------------------------------------------------------
  slack (MET)                                        15.89


  Startpoint: B5/enable_pulse_reg
              (rising edge-triggered flip-flop clocked by REF_CLK)
  Endpoint: B1/RegFile_reg[9][7]
            (rising edge-triggered flip-flop clocked by REF_CLK)
  Path Group: REF_CLK
  Path Type: max

  Point                                    Incr       Path
  -----------------------------------------------------------
  clock REF_CLK (rise edge)                0.00       0.00
  clock network delay (ideal)              0.00       0.00
  B5/enable_pulse_reg/CK (DFFRQX2M)        0.00       0.00 r
  B5/enable_pulse_reg/Q (DFFRQX2M)         0.53       0.53 f
  B5/enable_pulse (DATA_SYNC)              0.00       0.53 f
  B0/SYNC_VALID (SYS_CTRL)                 0.00       0.53 f
  B0/U46/Y (INVX2M)                        0.30       0.82 r
  B0/U87/Y (NAND2X2M)                      0.13       0.96 f
  B0/U35/Y (OAI21X2M)                      0.09       1.05 r
  B0/U94/Y (MX4X1M)                        0.25       1.30 r
  B0/U92/Y (MX3X1M)                        0.93       2.23 r
  B0/Addr[1] (SYS_CTRL)                    0.00       2.23 r
  B1/Address[1] (RegFile)                  0.00       2.23 r
  B1/U57/Y (INVX2M)                        0.17       2.40 f
  B1/U11/Y (BUFX2M)                        0.18       2.58 f
  B1/U10/Y (INVX2M)                        0.41       2.99 r
  B1/U4/Y (NOR2X2M)                        0.17       3.16 f
  B1/U30/Y (NAND2X2M)                      0.25       3.41 r
  B1/U176/Y (OAI2BB2X1M)                   0.19       3.60 r
  B1/RegFile_reg[9][7]/D (DFFRQX2M)        0.00       3.60 r
  data arrival time                                   3.60

  clock REF_CLK (rise edge)               20.00      20.00
  clock network delay (ideal)              0.00      20.00
  clock uncertainty                       -0.20      19.80
  B1/RegFile_reg[9][7]/CK (DFFRQX2M)       0.00      19.80 r
  library setup time                      -0.31      19.49
  data required time                                 19.49
  -----------------------------------------------------------
  data required time                                 19.49
  data arrival time                                  -3.60
  -----------------------------------------------------------
  slack (MET)                                        15.90


  Startpoint: B5/enable_pulse_reg
              (rising edge-triggered flip-flop clocked by REF_CLK)
  Endpoint: B1/RegFile_reg[9][6]
            (rising edge-triggered flip-flop clocked by REF_CLK)
  Path Group: REF_CLK
  Path Type: max

  Point                                    Incr       Path
  -----------------------------------------------------------
  clock REF_CLK (rise edge)                0.00       0.00
  clock network delay (ideal)              0.00       0.00
  B5/enable_pulse_reg/CK (DFFRQX2M)        0.00       0.00 r
  B5/enable_pulse_reg/Q (DFFRQX2M)         0.53       0.53 f
  B5/enable_pulse (DATA_SYNC)              0.00       0.53 f
  B0/SYNC_VALID (SYS_CTRL)                 0.00       0.53 f
  B0/U46/Y (INVX2M)                        0.30       0.82 r
  B0/U87/Y (NAND2X2M)                      0.13       0.96 f
  B0/U35/Y (OAI21X2M)                      0.09       1.05 r
  B0/U94/Y (MX4X1M)                        0.25       1.30 r
  B0/U92/Y (MX3X1M)                        0.93       2.23 r
  B0/Addr[1] (SYS_CTRL)                    0.00       2.23 r
  B1/Address[1] (RegFile)                  0.00       2.23 r
  B1/U57/Y (INVX2M)                        0.17       2.40 f
  B1/U11/Y (BUFX2M)                        0.18       2.58 f
  B1/U10/Y (INVX2M)                        0.41       2.99 r
  B1/U4/Y (NOR2X2M)                        0.17       3.16 f
  B1/U30/Y (NAND2X2M)                      0.25       3.41 r
  B1/U175/Y (OAI2BB2X1M)                   0.19       3.60 r
  B1/RegFile_reg[9][6]/D (DFFRQX2M)        0.00       3.60 r
  data arrival time                                   3.60

  clock REF_CLK (rise edge)               20.00      20.00
  clock network delay (ideal)              0.00      20.00
  clock uncertainty                       -0.20      19.80
  B1/RegFile_reg[9][6]/CK (DFFRQX2M)       0.00      19.80 r
  library setup time                      -0.31      19.49
  data required time                                 19.49
  -----------------------------------------------------------
  data required time                                 19.49
  data arrival time                                  -3.60
  -----------------------------------------------------------
  slack (MET)                                        15.90


  Startpoint: B5/enable_pulse_reg
              (rising edge-triggered flip-flop clocked by REF_CLK)
  Endpoint: B1/RegFile_reg[9][5]
            (rising edge-triggered flip-flop clocked by REF_CLK)
  Path Group: REF_CLK
  Path Type: max

  Point                                    Incr       Path
  -----------------------------------------------------------
  clock REF_CLK (rise edge)                0.00       0.00
  clock network delay (ideal)              0.00       0.00
  B5/enable_pulse_reg/CK (DFFRQX2M)        0.00       0.00 r
  B5/enable_pulse_reg/Q (DFFRQX2M)         0.53       0.53 f
  B5/enable_pulse (DATA_SYNC)              0.00       0.53 f
  B0/SYNC_VALID (SYS_CTRL)                 0.00       0.53 f
  B0/U46/Y (INVX2M)                        0.30       0.82 r
  B0/U87/Y (NAND2X2M)                      0.13       0.96 f
  B0/U35/Y (OAI21X2M)                      0.09       1.05 r
  B0/U94/Y (MX4X1M)                        0.25       1.30 r
  B0/U92/Y (MX3X1M)                        0.93       2.23 r
  B0/Addr[1] (SYS_CTRL)                    0.00       2.23 r
  B1/Address[1] (RegFile)                  0.00       2.23 r
  B1/U57/Y (INVX2M)                        0.17       2.40 f
  B1/U11/Y (BUFX2M)                        0.18       2.58 f
  B1/U10/Y (INVX2M)                        0.41       2.99 r
  B1/U4/Y (NOR2X2M)                        0.17       3.16 f
  B1/U30/Y (NAND2X2M)                      0.25       3.41 r
  B1/U174/Y (OAI2BB2X1M)                   0.19       3.60 r
  B1/RegFile_reg[9][5]/D (DFFRQX2M)        0.00       3.60 r
  data arrival time                                   3.60

  clock REF_CLK (rise edge)               20.00      20.00
  clock network delay (ideal)              0.00      20.00
  clock uncertainty                       -0.20      19.80
  B1/RegFile_reg[9][5]/CK (DFFRQX2M)       0.00      19.80 r
  library setup time                      -0.31      19.49
  data required time                                 19.49
  -----------------------------------------------------------
  data required time                                 19.49
  data arrival time                                  -3.60
  -----------------------------------------------------------
  slack (MET)                                        15.90


  Startpoint: B5/enable_pulse_reg
              (rising edge-triggered flip-flop clocked by REF_CLK)
  Endpoint: B1/RegFile_reg[9][4]
            (rising edge-triggered flip-flop clocked by REF_CLK)
  Path Group: REF_CLK
  Path Type: max

  Point                                    Incr       Path
  -----------------------------------------------------------
  clock REF_CLK (rise edge)                0.00       0.00
  clock network delay (ideal)              0.00       0.00
  B5/enable_pulse_reg/CK (DFFRQX2M)        0.00       0.00 r
  B5/enable_pulse_reg/Q (DFFRQX2M)         0.53       0.53 f
  B5/enable_pulse (DATA_SYNC)              0.00       0.53 f
  B0/SYNC_VALID (SYS_CTRL)                 0.00       0.53 f
  B0/U46/Y (INVX2M)                        0.30       0.82 r
  B0/U87/Y (NAND2X2M)                      0.13       0.96 f
  B0/U35/Y (OAI21X2M)                      0.09       1.05 r
  B0/U94/Y (MX4X1M)                        0.25       1.30 r
  B0/U92/Y (MX3X1M)                        0.93       2.23 r
  B0/Addr[1] (SYS_CTRL)                    0.00       2.23 r
  B1/Address[1] (RegFile)                  0.00       2.23 r
  B1/U57/Y (INVX2M)                        0.17       2.40 f
  B1/U11/Y (BUFX2M)                        0.18       2.58 f
  B1/U10/Y (INVX2M)                        0.41       2.99 r
  B1/U4/Y (NOR2X2M)                        0.17       3.16 f
  B1/U30/Y (NAND2X2M)                      0.25       3.41 r
  B1/U173/Y (OAI2BB2X1M)                   0.19       3.60 r
  B1/RegFile_reg[9][4]/D (DFFRQX2M)        0.00       3.60 r
  data arrival time                                   3.60

  clock REF_CLK (rise edge)               20.00      20.00
  clock network delay (ideal)              0.00      20.00
  clock uncertainty                       -0.20      19.80
  B1/RegFile_reg[9][4]/CK (DFFRQX2M)       0.00      19.80 r
  library setup time                      -0.31      19.49
  data required time                                 19.49
  -----------------------------------------------------------
  data required time                                 19.49
  data arrival time                                  -3.60
  -----------------------------------------------------------
  slack (MET)                                        15.90


  Startpoint: B5/enable_pulse_reg
              (rising edge-triggered flip-flop clocked by REF_CLK)
  Endpoint: B1/RegFile_reg[9][3]
            (rising edge-triggered flip-flop clocked by REF_CLK)
  Path Group: REF_CLK
  Path Type: max

  Point                                    Incr       Path
  -----------------------------------------------------------
  clock REF_CLK (rise edge)                0.00       0.00
  clock network delay (ideal)              0.00       0.00
  B5/enable_pulse_reg/CK (DFFRQX2M)        0.00       0.00 r
  B5/enable_pulse_reg/Q (DFFRQX2M)         0.53       0.53 f
  B5/enable_pulse (DATA_SYNC)              0.00       0.53 f
  B0/SYNC_VALID (SYS_CTRL)                 0.00       0.53 f
  B0/U46/Y (INVX2M)                        0.30       0.82 r
  B0/U87/Y (NAND2X2M)                      0.13       0.96 f
  B0/U35/Y (OAI21X2M)                      0.09       1.05 r
  B0/U94/Y (MX4X1M)                        0.25       1.30 r
  B0/U92/Y (MX3X1M)                        0.93       2.23 r
  B0/Addr[1] (SYS_CTRL)                    0.00       2.23 r
  B1/Address[1] (RegFile)                  0.00       2.23 r
  B1/U57/Y (INVX2M)                        0.17       2.40 f
  B1/U11/Y (BUFX2M)                        0.18       2.58 f
  B1/U10/Y (INVX2M)                        0.41       2.99 r
  B1/U4/Y (NOR2X2M)                        0.17       3.16 f
  B1/U30/Y (NAND2X2M)                      0.25       3.41 r
  B1/U172/Y (OAI2BB2X1M)                   0.19       3.60 r
  B1/RegFile_reg[9][3]/D (DFFRQX2M)        0.00       3.60 r
  data arrival time                                   3.60

  clock REF_CLK (rise edge)               20.00      20.00
  clock network delay (ideal)              0.00      20.00
  clock uncertainty                       -0.20      19.80
  B1/RegFile_reg[9][3]/CK (DFFRQX2M)       0.00      19.80 r
  library setup time                      -0.31      19.49
  data required time                                 19.49
  -----------------------------------------------------------
  data required time                                 19.49
  data arrival time                                  -3.60
  -----------------------------------------------------------
  slack (MET)                                        15.90


  Startpoint: B5/enable_pulse_reg
              (rising edge-triggered flip-flop clocked by REF_CLK)
  Endpoint: B1/RegFile_reg[9][2]
            (rising edge-triggered flip-flop clocked by REF_CLK)
  Path Group: REF_CLK
  Path Type: max

  Point                                    Incr       Path
  -----------------------------------------------------------
  clock REF_CLK (rise edge)                0.00       0.00
  clock network delay (ideal)              0.00       0.00
  B5/enable_pulse_reg/CK (DFFRQX2M)        0.00       0.00 r
  B5/enable_pulse_reg/Q (DFFRQX2M)         0.53       0.53 f
  B5/enable_pulse (DATA_SYNC)              0.00       0.53 f
  B0/SYNC_VALID (SYS_CTRL)                 0.00       0.53 f
  B0/U46/Y (INVX2M)                        0.30       0.82 r
  B0/U87/Y (NAND2X2M)                      0.13       0.96 f
  B0/U35/Y (OAI21X2M)                      0.09       1.05 r
  B0/U94/Y (MX4X1M)                        0.25       1.30 r
  B0/U92/Y (MX3X1M)                        0.93       2.23 r
  B0/Addr[1] (SYS_CTRL)                    0.00       2.23 r
  B1/Address[1] (RegFile)                  0.00       2.23 r
  B1/U57/Y (INVX2M)                        0.17       2.40 f
  B1/U11/Y (BUFX2M)                        0.18       2.58 f
  B1/U10/Y (INVX2M)                        0.41       2.99 r
  B1/U4/Y (NOR2X2M)                        0.17       3.16 f
  B1/U30/Y (NAND2X2M)                      0.25       3.41 r
  B1/U171/Y (OAI2BB2X1M)                   0.19       3.60 r
  B1/RegFile_reg[9][2]/D (DFFRQX2M)        0.00       3.60 r
  data arrival time                                   3.60

  clock REF_CLK (rise edge)               20.00      20.00
  clock network delay (ideal)              0.00      20.00
  clock uncertainty                       -0.20      19.80
  B1/RegFile_reg[9][2]/CK (DFFRQX2M)       0.00      19.80 r
  library setup time                      -0.31      19.49
  data required time                                 19.49
  -----------------------------------------------------------
  data required time                                 19.49
  data arrival time                                  -3.60
  -----------------------------------------------------------
  slack (MET)                                        15.90


  Startpoint: B5/enable_pulse_reg
              (rising edge-triggered flip-flop clocked by REF_CLK)
  Endpoint: B1/RegFile_reg[9][1]
            (rising edge-triggered flip-flop clocked by REF_CLK)
  Path Group: REF_CLK
  Path Type: max

  Point                                    Incr       Path
  -----------------------------------------------------------
  clock REF_CLK (rise edge)                0.00       0.00
  clock network delay (ideal)              0.00       0.00
  B5/enable_pulse_reg/CK (DFFRQX2M)        0.00       0.00 r
  B5/enable_pulse_reg/Q (DFFRQX2M)         0.53       0.53 f
  B5/enable_pulse (DATA_SYNC)              0.00       0.53 f
  B0/SYNC_VALID (SYS_CTRL)                 0.00       0.53 f
  B0/U46/Y (INVX2M)                        0.30       0.82 r
  B0/U87/Y (NAND2X2M)                      0.13       0.96 f
  B0/U35/Y (OAI21X2M)                      0.09       1.05 r
  B0/U94/Y (MX4X1M)                        0.25       1.30 r
  B0/U92/Y (MX3X1M)                        0.93       2.23 r
  B0/Addr[1] (SYS_CTRL)                    0.00       2.23 r
  B1/Address[1] (RegFile)                  0.00       2.23 r
  B1/U57/Y (INVX2M)                        0.17       2.40 f
  B1/U11/Y (BUFX2M)                        0.18       2.58 f
  B1/U10/Y (INVX2M)                        0.41       2.99 r
  B1/U4/Y (NOR2X2M)                        0.17       3.16 f
  B1/U30/Y (NAND2X2M)                      0.25       3.41 r
  B1/U170/Y (OAI2BB2X1M)                   0.19       3.60 r
  B1/RegFile_reg[9][1]/D (DFFRQX2M)        0.00       3.60 r
  data arrival time                                   3.60

  clock REF_CLK (rise edge)               20.00      20.00
  clock network delay (ideal)              0.00      20.00
  clock uncertainty                       -0.20      19.80
  B1/RegFile_reg[9][1]/CK (DFFRQX2M)       0.00      19.80 r
  library setup time                      -0.31      19.49
  data required time                                 19.49
  -----------------------------------------------------------
  data required time                                 19.49
  data arrival time                                  -3.60
  -----------------------------------------------------------
  slack (MET)                                        15.90


  Startpoint: B5/enable_pulse_reg
              (rising edge-triggered flip-flop clocked by REF_CLK)
  Endpoint: B1/RegFile_reg[9][0]
            (rising edge-triggered flip-flop clocked by REF_CLK)
  Path Group: REF_CLK
  Path Type: max

  Point                                    Incr       Path
  -----------------------------------------------------------
  clock REF_CLK (rise edge)                0.00       0.00
  clock network delay (ideal)              0.00       0.00
  B5/enable_pulse_reg/CK (DFFRQX2M)        0.00       0.00 r
  B5/enable_pulse_reg/Q (DFFRQX2M)         0.53       0.53 f
  B5/enable_pulse (DATA_SYNC)              0.00       0.53 f
  B0/SYNC_VALID (SYS_CTRL)                 0.00       0.53 f
  B0/U46/Y (INVX2M)                        0.30       0.82 r
  B0/U87/Y (NAND2X2M)                      0.13       0.96 f
  B0/U35/Y (OAI21X2M)                      0.09       1.05 r
  B0/U94/Y (MX4X1M)                        0.25       1.30 r
  B0/U92/Y (MX3X1M)                        0.93       2.23 r
  B0/Addr[1] (SYS_CTRL)                    0.00       2.23 r
  B1/Address[1] (RegFile)                  0.00       2.23 r
  B1/U57/Y (INVX2M)                        0.17       2.40 f
  B1/U11/Y (BUFX2M)                        0.18       2.58 f
  B1/U10/Y (INVX2M)                        0.41       2.99 r
  B1/U4/Y (NOR2X2M)                        0.17       3.16 f
  B1/U30/Y (NAND2X2M)                      0.25       3.41 r
  B1/U169/Y (OAI2BB2X1M)                   0.19       3.60 r
  B1/RegFile_reg[9][0]/D (DFFRQX2M)        0.00       3.60 r
  data arrival time                                   3.60

  clock REF_CLK (rise edge)               20.00      20.00
  clock network delay (ideal)              0.00      20.00
  clock uncertainty                       -0.20      19.80
  B1/RegFile_reg[9][0]/CK (DFFRQX2M)       0.00      19.80 r
  library setup time                      -0.31      19.49
  data required time                                 19.49
  -----------------------------------------------------------
  data required time                                 19.49
  data arrival time                                  -3.60
  -----------------------------------------------------------
  slack (MET)                                        15.90


  Startpoint: B5/enable_pulse_reg
              (rising edge-triggered flip-flop clocked by REF_CLK)
  Endpoint: B1/RegFile_reg[8][7]
            (rising edge-triggered flip-flop clocked by REF_CLK)
  Path Group: REF_CLK
  Path Type: max

  Point                                    Incr       Path
  -----------------------------------------------------------
  clock REF_CLK (rise edge)                0.00       0.00
  clock network delay (ideal)              0.00       0.00
  B5/enable_pulse_reg/CK (DFFRQX2M)        0.00       0.00 r
  B5/enable_pulse_reg/Q (DFFRQX2M)         0.53       0.53 f
  B5/enable_pulse (DATA_SYNC)              0.00       0.53 f
  B0/SYNC_VALID (SYS_CTRL)                 0.00       0.53 f
  B0/U46/Y (INVX2M)                        0.30       0.82 r
  B0/U87/Y (NAND2X2M)                      0.13       0.96 f
  B0/U35/Y (OAI21X2M)                      0.09       1.05 r
  B0/U94/Y (MX4X1M)                        0.25       1.30 r
  B0/U92/Y (MX3X1M)                        0.93       2.23 r
  B0/Addr[1] (SYS_CTRL)                    0.00       2.23 r
  B1/Address[1] (RegFile)                  0.00       2.23 r
  B1/U57/Y (INVX2M)                        0.17       2.40 f
  B1/U11/Y (BUFX2M)                        0.18       2.58 f
  B1/U10/Y (INVX2M)                        0.41       2.99 r
  B1/U4/Y (NOR2X2M)                        0.17       3.16 f
  B1/U29/Y (NAND2X2M)                      0.25       3.41 r
  B1/U168/Y (OAI2BB2X1M)                   0.19       3.60 r
  B1/RegFile_reg[8][7]/D (DFFRQX2M)        0.00       3.60 r
  data arrival time                                   3.60

  clock REF_CLK (rise edge)               20.00      20.00
  clock network delay (ideal)              0.00      20.00
  clock uncertainty                       -0.20      19.80
  B1/RegFile_reg[8][7]/CK (DFFRQX2M)       0.00      19.80 r
  library setup time                      -0.31      19.49
  data required time                                 19.49
  -----------------------------------------------------------
  data required time                                 19.49
  data arrival time                                  -3.60
  -----------------------------------------------------------
  slack (MET)                                        15.90


  Startpoint: B5/enable_pulse_reg
              (rising edge-triggered flip-flop clocked by REF_CLK)
  Endpoint: B1/RegFile_reg[8][6]
            (rising edge-triggered flip-flop clocked by REF_CLK)
  Path Group: REF_CLK
  Path Type: max

  Point                                    Incr       Path
  -----------------------------------------------------------
  clock REF_CLK (rise edge)                0.00       0.00
  clock network delay (ideal)              0.00       0.00
  B5/enable_pulse_reg/CK (DFFRQX2M)        0.00       0.00 r
  B5/enable_pulse_reg/Q (DFFRQX2M)         0.53       0.53 f
  B5/enable_pulse (DATA_SYNC)              0.00       0.53 f
  B0/SYNC_VALID (SYS_CTRL)                 0.00       0.53 f
  B0/U46/Y (INVX2M)                        0.30       0.82 r
  B0/U87/Y (NAND2X2M)                      0.13       0.96 f
  B0/U35/Y (OAI21X2M)                      0.09       1.05 r
  B0/U94/Y (MX4X1M)                        0.25       1.30 r
  B0/U92/Y (MX3X1M)                        0.93       2.23 r
  B0/Addr[1] (SYS_CTRL)                    0.00       2.23 r
  B1/Address[1] (RegFile)                  0.00       2.23 r
  B1/U57/Y (INVX2M)                        0.17       2.40 f
  B1/U11/Y (BUFX2M)                        0.18       2.58 f
  B1/U10/Y (INVX2M)                        0.41       2.99 r
  B1/U4/Y (NOR2X2M)                        0.17       3.16 f
  B1/U29/Y (NAND2X2M)                      0.25       3.41 r
  B1/U167/Y (OAI2BB2X1M)                   0.19       3.60 r
  B1/RegFile_reg[8][6]/D (DFFRQX2M)        0.00       3.60 r
  data arrival time                                   3.60

  clock REF_CLK (rise edge)               20.00      20.00
  clock network delay (ideal)              0.00      20.00
  clock uncertainty                       -0.20      19.80
  B1/RegFile_reg[8][6]/CK (DFFRQX2M)       0.00      19.80 r
  library setup time                      -0.31      19.49
  data required time                                 19.49
  -----------------------------------------------------------
  data required time                                 19.49
  data arrival time                                  -3.60
  -----------------------------------------------------------
  slack (MET)                                        15.90


  Startpoint: B5/enable_pulse_reg
              (rising edge-triggered flip-flop clocked by REF_CLK)
  Endpoint: B1/RegFile_reg[8][5]
            (rising edge-triggered flip-flop clocked by REF_CLK)
  Path Group: REF_CLK
  Path Type: max

  Point                                    Incr       Path
  -----------------------------------------------------------
  clock REF_CLK (rise edge)                0.00       0.00
  clock network delay (ideal)              0.00       0.00
  B5/enable_pulse_reg/CK (DFFRQX2M)        0.00       0.00 r
  B5/enable_pulse_reg/Q (DFFRQX2M)         0.53       0.53 f
  B5/enable_pulse (DATA_SYNC)              0.00       0.53 f
  B0/SYNC_VALID (SYS_CTRL)                 0.00       0.53 f
  B0/U46/Y (INVX2M)                        0.30       0.82 r
  B0/U87/Y (NAND2X2M)                      0.13       0.96 f
  B0/U35/Y (OAI21X2M)                      0.09       1.05 r
  B0/U94/Y (MX4X1M)                        0.25       1.30 r
  B0/U92/Y (MX3X1M)                        0.93       2.23 r
  B0/Addr[1] (SYS_CTRL)                    0.00       2.23 r
  B1/Address[1] (RegFile)                  0.00       2.23 r
  B1/U57/Y (INVX2M)                        0.17       2.40 f
  B1/U11/Y (BUFX2M)                        0.18       2.58 f
  B1/U10/Y (INVX2M)                        0.41       2.99 r
  B1/U4/Y (NOR2X2M)                        0.17       3.16 f
  B1/U29/Y (NAND2X2M)                      0.25       3.41 r
  B1/U166/Y (OAI2BB2X1M)                   0.19       3.60 r
  B1/RegFile_reg[8][5]/D (DFFRQX2M)        0.00       3.60 r
  data arrival time                                   3.60

  clock REF_CLK (rise edge)               20.00      20.00
  clock network delay (ideal)              0.00      20.00
  clock uncertainty                       -0.20      19.80
  B1/RegFile_reg[8][5]/CK (DFFRQX2M)       0.00      19.80 r
  library setup time                      -0.31      19.49
  data required time                                 19.49
  -----------------------------------------------------------
  data required time                                 19.49
  data arrival time                                  -3.60
  -----------------------------------------------------------
  slack (MET)                                        15.90


  Startpoint: B5/enable_pulse_reg
              (rising edge-triggered flip-flop clocked by REF_CLK)
  Endpoint: B1/RegFile_reg[8][4]
            (rising edge-triggered flip-flop clocked by REF_CLK)
  Path Group: REF_CLK
  Path Type: max

  Point                                    Incr       Path
  -----------------------------------------------------------
  clock REF_CLK (rise edge)                0.00       0.00
  clock network delay (ideal)              0.00       0.00
  B5/enable_pulse_reg/CK (DFFRQX2M)        0.00       0.00 r
  B5/enable_pulse_reg/Q (DFFRQX2M)         0.53       0.53 f
  B5/enable_pulse (DATA_SYNC)              0.00       0.53 f
  B0/SYNC_VALID (SYS_CTRL)                 0.00       0.53 f
  B0/U46/Y (INVX2M)                        0.30       0.82 r
  B0/U87/Y (NAND2X2M)                      0.13       0.96 f
  B0/U35/Y (OAI21X2M)                      0.09       1.05 r
  B0/U94/Y (MX4X1M)                        0.25       1.30 r
  B0/U92/Y (MX3X1M)                        0.93       2.23 r
  B0/Addr[1] (SYS_CTRL)                    0.00       2.23 r
  B1/Address[1] (RegFile)                  0.00       2.23 r
  B1/U57/Y (INVX2M)                        0.17       2.40 f
  B1/U11/Y (BUFX2M)                        0.18       2.58 f
  B1/U10/Y (INVX2M)                        0.41       2.99 r
  B1/U4/Y (NOR2X2M)                        0.17       3.16 f
  B1/U29/Y (NAND2X2M)                      0.25       3.41 r
  B1/U165/Y (OAI2BB2X1M)                   0.19       3.60 r
  B1/RegFile_reg[8][4]/D (DFFRQX2M)        0.00       3.60 r
  data arrival time                                   3.60

  clock REF_CLK (rise edge)               20.00      20.00
  clock network delay (ideal)              0.00      20.00
  clock uncertainty                       -0.20      19.80
  B1/RegFile_reg[8][4]/CK (DFFRQX2M)       0.00      19.80 r
  library setup time                      -0.31      19.49
  data required time                                 19.49
  -----------------------------------------------------------
  data required time                                 19.49
  data arrival time                                  -3.60
  -----------------------------------------------------------
  slack (MET)                                        15.90


  Startpoint: B5/enable_pulse_reg
              (rising edge-triggered flip-flop clocked by REF_CLK)
  Endpoint: B1/RegFile_reg[8][3]
            (rising edge-triggered flip-flop clocked by REF_CLK)
  Path Group: REF_CLK
  Path Type: max

  Point                                    Incr       Path
  -----------------------------------------------------------
  clock REF_CLK (rise edge)                0.00       0.00
  clock network delay (ideal)              0.00       0.00
  B5/enable_pulse_reg/CK (DFFRQX2M)        0.00       0.00 r
  B5/enable_pulse_reg/Q (DFFRQX2M)         0.53       0.53 f
  B5/enable_pulse (DATA_SYNC)              0.00       0.53 f
  B0/SYNC_VALID (SYS_CTRL)                 0.00       0.53 f
  B0/U46/Y (INVX2M)                        0.30       0.82 r
  B0/U87/Y (NAND2X2M)                      0.13       0.96 f
  B0/U35/Y (OAI21X2M)                      0.09       1.05 r
  B0/U94/Y (MX4X1M)                        0.25       1.30 r
  B0/U92/Y (MX3X1M)                        0.93       2.23 r
  B0/Addr[1] (SYS_CTRL)                    0.00       2.23 r
  B1/Address[1] (RegFile)                  0.00       2.23 r
  B1/U57/Y (INVX2M)                        0.17       2.40 f
  B1/U11/Y (BUFX2M)                        0.18       2.58 f
  B1/U10/Y (INVX2M)                        0.41       2.99 r
  B1/U4/Y (NOR2X2M)                        0.17       3.16 f
  B1/U29/Y (NAND2X2M)                      0.25       3.41 r
  B1/U164/Y (OAI2BB2X1M)                   0.19       3.60 r
  B1/RegFile_reg[8][3]/D (DFFRQX2M)        0.00       3.60 r
  data arrival time                                   3.60

  clock REF_CLK (rise edge)               20.00      20.00
  clock network delay (ideal)              0.00      20.00
  clock uncertainty                       -0.20      19.80
  B1/RegFile_reg[8][3]/CK (DFFRQX2M)       0.00      19.80 r
  library setup time                      -0.31      19.49
  data required time                                 19.49
  -----------------------------------------------------------
  data required time                                 19.49
  data arrival time                                  -3.60
  -----------------------------------------------------------
  slack (MET)                                        15.90


  Startpoint: B5/enable_pulse_reg
              (rising edge-triggered flip-flop clocked by REF_CLK)
  Endpoint: B1/RegFile_reg[8][2]
            (rising edge-triggered flip-flop clocked by REF_CLK)
  Path Group: REF_CLK
  Path Type: max

  Point                                    Incr       Path
  -----------------------------------------------------------
  clock REF_CLK (rise edge)                0.00       0.00
  clock network delay (ideal)              0.00       0.00
  B5/enable_pulse_reg/CK (DFFRQX2M)        0.00       0.00 r
  B5/enable_pulse_reg/Q (DFFRQX2M)         0.53       0.53 f
  B5/enable_pulse (DATA_SYNC)              0.00       0.53 f
  B0/SYNC_VALID (SYS_CTRL)                 0.00       0.53 f
  B0/U46/Y (INVX2M)                        0.30       0.82 r
  B0/U87/Y (NAND2X2M)                      0.13       0.96 f
  B0/U35/Y (OAI21X2M)                      0.09       1.05 r
  B0/U94/Y (MX4X1M)                        0.25       1.30 r
  B0/U92/Y (MX3X1M)                        0.93       2.23 r
  B0/Addr[1] (SYS_CTRL)                    0.00       2.23 r
  B1/Address[1] (RegFile)                  0.00       2.23 r
  B1/U57/Y (INVX2M)                        0.17       2.40 f
  B1/U11/Y (BUFX2M)                        0.18       2.58 f
  B1/U10/Y (INVX2M)                        0.41       2.99 r
  B1/U4/Y (NOR2X2M)                        0.17       3.16 f
  B1/U29/Y (NAND2X2M)                      0.25       3.41 r
  B1/U163/Y (OAI2BB2X1M)                   0.19       3.60 r
  B1/RegFile_reg[8][2]/D (DFFRQX2M)        0.00       3.60 r
  data arrival time                                   3.60

  clock REF_CLK (rise edge)               20.00      20.00
  clock network delay (ideal)              0.00      20.00
  clock uncertainty                       -0.20      19.80
  B1/RegFile_reg[8][2]/CK (DFFRQX2M)       0.00      19.80 r
  library setup time                      -0.31      19.49
  data required time                                 19.49
  -----------------------------------------------------------
  data required time                                 19.49
  data arrival time                                  -3.60
  -----------------------------------------------------------
  slack (MET)                                        15.90


  Startpoint: B5/enable_pulse_reg
              (rising edge-triggered flip-flop clocked by REF_CLK)
  Endpoint: B1/RegFile_reg[8][1]
            (rising edge-triggered flip-flop clocked by REF_CLK)
  Path Group: REF_CLK
  Path Type: max

  Point                                    Incr       Path
  -----------------------------------------------------------
  clock REF_CLK (rise edge)                0.00       0.00
  clock network delay (ideal)              0.00       0.00
  B5/enable_pulse_reg/CK (DFFRQX2M)        0.00       0.00 r
  B5/enable_pulse_reg/Q (DFFRQX2M)         0.53       0.53 f
  B5/enable_pulse (DATA_SYNC)              0.00       0.53 f
  B0/SYNC_VALID (SYS_CTRL)                 0.00       0.53 f
  B0/U46/Y (INVX2M)                        0.30       0.82 r
  B0/U87/Y (NAND2X2M)                      0.13       0.96 f
  B0/U35/Y (OAI21X2M)                      0.09       1.05 r
  B0/U94/Y (MX4X1M)                        0.25       1.30 r
  B0/U92/Y (MX3X1M)                        0.93       2.23 r
  B0/Addr[1] (SYS_CTRL)                    0.00       2.23 r
  B1/Address[1] (RegFile)                  0.00       2.23 r
  B1/U57/Y (INVX2M)                        0.17       2.40 f
  B1/U11/Y (BUFX2M)                        0.18       2.58 f
  B1/U10/Y (INVX2M)                        0.41       2.99 r
  B1/U4/Y (NOR2X2M)                        0.17       3.16 f
  B1/U29/Y (NAND2X2M)                      0.25       3.41 r
  B1/U162/Y (OAI2BB2X1M)                   0.19       3.60 r
  B1/RegFile_reg[8][1]/D (DFFRQX2M)        0.00       3.60 r
  data arrival time                                   3.60

  clock REF_CLK (rise edge)               20.00      20.00
  clock network delay (ideal)              0.00      20.00
  clock uncertainty                       -0.20      19.80
  B1/RegFile_reg[8][1]/CK (DFFRQX2M)       0.00      19.80 r
  library setup time                      -0.31      19.49
  data required time                                 19.49
  -----------------------------------------------------------
  data required time                                 19.49
  data arrival time                                  -3.60
  -----------------------------------------------------------
  slack (MET)                                        15.90


  Startpoint: B5/enable_pulse_reg
              (rising edge-triggered flip-flop clocked by REF_CLK)
  Endpoint: B1/RegFile_reg[8][0]
            (rising edge-triggered flip-flop clocked by REF_CLK)
  Path Group: REF_CLK
  Path Type: max

  Point                                    Incr       Path
  -----------------------------------------------------------
  clock REF_CLK (rise edge)                0.00       0.00
  clock network delay (ideal)              0.00       0.00
  B5/enable_pulse_reg/CK (DFFRQX2M)        0.00       0.00 r
  B5/enable_pulse_reg/Q (DFFRQX2M)         0.53       0.53 f
  B5/enable_pulse (DATA_SYNC)              0.00       0.53 f
  B0/SYNC_VALID (SYS_CTRL)                 0.00       0.53 f
  B0/U46/Y (INVX2M)                        0.30       0.82 r
  B0/U87/Y (NAND2X2M)                      0.13       0.96 f
  B0/U35/Y (OAI21X2M)                      0.09       1.05 r
  B0/U94/Y (MX4X1M)                        0.25       1.30 r
  B0/U92/Y (MX3X1M)                        0.93       2.23 r
  B0/Addr[1] (SYS_CTRL)                    0.00       2.23 r
  B1/Address[1] (RegFile)                  0.00       2.23 r
  B1/U57/Y (INVX2M)                        0.17       2.40 f
  B1/U11/Y (BUFX2M)                        0.18       2.58 f
  B1/U10/Y (INVX2M)                        0.41       2.99 r
  B1/U4/Y (NOR2X2M)                        0.17       3.16 f
  B1/U29/Y (NAND2X2M)                      0.25       3.41 r
  B1/U161/Y (OAI2BB2X1M)                   0.19       3.60 r
  B1/RegFile_reg[8][0]/D (DFFRQX2M)        0.00       3.60 r
  data arrival time                                   3.60

  clock REF_CLK (rise edge)               20.00      20.00
  clock network delay (ideal)              0.00      20.00
  clock uncertainty                       -0.20      19.80
  B1/RegFile_reg[8][0]/CK (DFFRQX2M)       0.00      19.80 r
  library setup time                      -0.31      19.49
  data required time                                 19.49
  -----------------------------------------------------------
  data required time                                 19.49
  data arrival time                                  -3.60
  -----------------------------------------------------------
  slack (MET)                                        15.90


  Startpoint: B5/enable_pulse_reg
              (rising edge-triggered flip-flop clocked by REF_CLK)
  Endpoint: B1/RegFile_reg[1][6]
            (rising edge-triggered flip-flop clocked by REF_CLK)
  Path Group: REF_CLK
  Path Type: max

  Point                                    Incr       Path
  -----------------------------------------------------------
  clock REF_CLK (rise edge)                0.00       0.00
  clock network delay (ideal)              0.00       0.00
  B5/enable_pulse_reg/CK (DFFRQX2M)        0.00       0.00 r
  B5/enable_pulse_reg/Q (DFFRQX2M)         0.53       0.53 f
  B5/enable_pulse (DATA_SYNC)              0.00       0.53 f
  B0/SYNC_VALID (SYS_CTRL)                 0.00       0.53 f
  B0/U46/Y (INVX2M)                        0.30       0.82 r
  B0/U87/Y (NAND2X2M)                      0.13       0.96 f
  B0/U35/Y (OAI21X2M)                      0.09       1.05 r
  B0/U94/Y (MX4X1M)                        0.25       1.30 r
  B0/U92/Y (MX3X1M)                        0.93       2.23 r
  B0/Addr[1] (SYS_CTRL)                    0.00       2.23 r
  B1/Address[1] (RegFile)                  0.00       2.23 r
  B1/U57/Y (INVX2M)                        0.17       2.40 f
  B1/U11/Y (BUFX2M)                        0.18       2.58 f
  B1/U10/Y (INVX2M)                        0.41       2.99 r
  B1/U4/Y (NOR2X2M)                        0.17       3.16 f
  B1/U28/Y (NAND2X2M)                      0.25       3.41 r
  B1/U114/Y (OAI2BB2X1M)                   0.19       3.60 r
  B1/RegFile_reg[1][6]/D (DFFRQX2M)        0.00       3.60 r
  data arrival time                                   3.60

  clock REF_CLK (rise edge)               20.00      20.00
  clock network delay (ideal)              0.00      20.00
  clock uncertainty                       -0.20      19.80
  B1/RegFile_reg[1][6]/CK (DFFRQX2M)       0.00      19.80 r
  library setup time                      -0.31      19.49
  data required time                                 19.49
  -----------------------------------------------------------
  data required time                                 19.49
  data arrival time                                  -3.60
  -----------------------------------------------------------
  slack (MET)                                        15.90


  Startpoint: B5/enable_pulse_reg
              (rising edge-triggered flip-flop clocked by REF_CLK)
  Endpoint: B1/RegFile_reg[1][1]
            (rising edge-triggered flip-flop clocked by REF_CLK)
  Path Group: REF_CLK
  Path Type: max

  Point                                    Incr       Path
  -----------------------------------------------------------
  clock REF_CLK (rise edge)                0.00       0.00
  clock network delay (ideal)              0.00       0.00
  B5/enable_pulse_reg/CK (DFFRQX2M)        0.00       0.00 r
  B5/enable_pulse_reg/Q (DFFRQX2M)         0.53       0.53 f
  B5/enable_pulse (DATA_SYNC)              0.00       0.53 f
  B0/SYNC_VALID (SYS_CTRL)                 0.00       0.53 f
  B0/U46/Y (INVX2M)                        0.30       0.82 r
  B0/U87/Y (NAND2X2M)                      0.13       0.96 f
  B0/U35/Y (OAI21X2M)                      0.09       1.05 r
  B0/U94/Y (MX4X1M)                        0.25       1.30 r
  B0/U92/Y (MX3X1M)                        0.93       2.23 r
  B0/Addr[1] (SYS_CTRL)                    0.00       2.23 r
  B1/Address[1] (RegFile)                  0.00       2.23 r
  B1/U57/Y (INVX2M)                        0.17       2.40 f
  B1/U11/Y (BUFX2M)                        0.18       2.58 f
  B1/U10/Y (INVX2M)                        0.41       2.99 r
  B1/U4/Y (NOR2X2M)                        0.17       3.16 f
  B1/U28/Y (NAND2X2M)                      0.25       3.41 r
  B1/U109/Y (OAI2BB2X1M)                   0.19       3.60 r
  B1/RegFile_reg[1][1]/D (DFFRQX2M)        0.00       3.60 r
  data arrival time                                   3.60

  clock REF_CLK (rise edge)               20.00      20.00
  clock network delay (ideal)              0.00      20.00
  clock uncertainty                       -0.20      19.80
  B1/RegFile_reg[1][1]/CK (DFFRQX2M)       0.00      19.80 r
  library setup time                      -0.31      19.49
  data required time                                 19.49
  -----------------------------------------------------------
  data required time                                 19.49
  data arrival time                                  -3.60
  -----------------------------------------------------------
  slack (MET)                                        15.90


  Startpoint: B5/enable_pulse_reg
              (rising edge-triggered flip-flop clocked by REF_CLK)
  Endpoint: B1/RegFile_reg[1][5]
            (rising edge-triggered flip-flop clocked by REF_CLK)
  Path Group: REF_CLK
  Path Type: max

  Point                                    Incr       Path
  -----------------------------------------------------------
  clock REF_CLK (rise edge)                0.00       0.00
  clock network delay (ideal)              0.00       0.00
  B5/enable_pulse_reg/CK (DFFRQX2M)        0.00       0.00 r
  B5/enable_pulse_reg/Q (DFFRQX2M)         0.53       0.53 f
  B5/enable_pulse (DATA_SYNC)              0.00       0.53 f
  B0/SYNC_VALID (SYS_CTRL)                 0.00       0.53 f
  B0/U46/Y (INVX2M)                        0.30       0.82 r
  B0/U87/Y (NAND2X2M)                      0.13       0.96 f
  B0/U35/Y (OAI21X2M)                      0.09       1.05 r
  B0/U94/Y (MX4X1M)                        0.25       1.30 r
  B0/U92/Y (MX3X1M)                        0.93       2.23 r
  B0/Addr[1] (SYS_CTRL)                    0.00       2.23 r
  B1/Address[1] (RegFile)                  0.00       2.23 r
  B1/U57/Y (INVX2M)                        0.17       2.40 f
  B1/U11/Y (BUFX2M)                        0.18       2.58 f
  B1/U10/Y (INVX2M)                        0.41       2.99 r
  B1/U4/Y (NOR2X2M)                        0.17       3.16 f
  B1/U28/Y (NAND2X2M)                      0.25       3.41 r
  B1/U113/Y (OAI2BB2X1M)                   0.19       3.60 r
  B1/RegFile_reg[1][5]/D (DFFRQX2M)        0.00       3.60 r
  data arrival time                                   3.60

  clock REF_CLK (rise edge)               20.00      20.00
  clock network delay (ideal)              0.00      20.00
  clock uncertainty                       -0.20      19.80
  B1/RegFile_reg[1][5]/CK (DFFRQX2M)       0.00      19.80 r
  library setup time                      -0.31      19.49
  data required time                                 19.49
  -----------------------------------------------------------
  data required time                                 19.49
  data arrival time                                  -3.60
  -----------------------------------------------------------
  slack (MET)                                        15.90


  Startpoint: B5/enable_pulse_reg
              (rising edge-triggered flip-flop clocked by REF_CLK)
  Endpoint: B1/RegFile_reg[1][4]
            (rising edge-triggered flip-flop clocked by REF_CLK)
  Path Group: REF_CLK
  Path Type: max

  Point                                    Incr       Path
  -----------------------------------------------------------
  clock REF_CLK (rise edge)                0.00       0.00
  clock network delay (ideal)              0.00       0.00
  B5/enable_pulse_reg/CK (DFFRQX2M)        0.00       0.00 r
  B5/enable_pulse_reg/Q (DFFRQX2M)         0.53       0.53 f
  B5/enable_pulse (DATA_SYNC)              0.00       0.53 f
  B0/SYNC_VALID (SYS_CTRL)                 0.00       0.53 f
  B0/U46/Y (INVX2M)                        0.30       0.82 r
  B0/U87/Y (NAND2X2M)                      0.13       0.96 f
  B0/U35/Y (OAI21X2M)                      0.09       1.05 r
  B0/U94/Y (MX4X1M)                        0.25       1.30 r
  B0/U92/Y (MX3X1M)                        0.93       2.23 r
  B0/Addr[1] (SYS_CTRL)                    0.00       2.23 r
  B1/Address[1] (RegFile)                  0.00       2.23 r
  B1/U57/Y (INVX2M)                        0.17       2.40 f
  B1/U11/Y (BUFX2M)                        0.18       2.58 f
  B1/U10/Y (INVX2M)                        0.41       2.99 r
  B1/U4/Y (NOR2X2M)                        0.17       3.16 f
  B1/U28/Y (NAND2X2M)                      0.25       3.41 r
  B1/U112/Y (OAI2BB2X1M)                   0.19       3.60 r
  B1/RegFile_reg[1][4]/D (DFFRQX2M)        0.00       3.60 r
  data arrival time                                   3.60

  clock REF_CLK (rise edge)               20.00      20.00
  clock network delay (ideal)              0.00      20.00
  clock uncertainty                       -0.20      19.80
  B1/RegFile_reg[1][4]/CK (DFFRQX2M)       0.00      19.80 r
  library setup time                      -0.31      19.49
  data required time                                 19.49
  -----------------------------------------------------------
  data required time                                 19.49
  data arrival time                                  -3.60
  -----------------------------------------------------------
  slack (MET)                                        15.90


  Startpoint: B5/enable_pulse_reg
              (rising edge-triggered flip-flop clocked by REF_CLK)
  Endpoint: B1/RegFile_reg[1][7]
            (rising edge-triggered flip-flop clocked by REF_CLK)
  Path Group: REF_CLK
  Path Type: max

  Point                                    Incr       Path
  -----------------------------------------------------------
  clock REF_CLK (rise edge)                0.00       0.00
  clock network delay (ideal)              0.00       0.00
  B5/enable_pulse_reg/CK (DFFRQX2M)        0.00       0.00 r
  B5/enable_pulse_reg/Q (DFFRQX2M)         0.53       0.53 f
  B5/enable_pulse (DATA_SYNC)              0.00       0.53 f
  B0/SYNC_VALID (SYS_CTRL)                 0.00       0.53 f
  B0/U46/Y (INVX2M)                        0.30       0.82 r
  B0/U87/Y (NAND2X2M)                      0.13       0.96 f
  B0/U35/Y (OAI21X2M)                      0.09       1.05 r
  B0/U94/Y (MX4X1M)                        0.25       1.30 r
  B0/U92/Y (MX3X1M)                        0.93       2.23 r
  B0/Addr[1] (SYS_CTRL)                    0.00       2.23 r
  B1/Address[1] (RegFile)                  0.00       2.23 r
  B1/U57/Y (INVX2M)                        0.17       2.40 f
  B1/U11/Y (BUFX2M)                        0.18       2.58 f
  B1/U10/Y (INVX2M)                        0.41       2.99 r
  B1/U4/Y (NOR2X2M)                        0.17       3.16 f
  B1/U28/Y (NAND2X2M)                      0.25       3.41 r
  B1/U115/Y (OAI2BB2X1M)                   0.19       3.60 r
  B1/RegFile_reg[1][7]/D (DFFRQX2M)        0.00       3.60 r
  data arrival time                                   3.60

  clock REF_CLK (rise edge)               20.00      20.00
  clock network delay (ideal)              0.00      20.00
  clock uncertainty                       -0.20      19.80
  B1/RegFile_reg[1][7]/CK (DFFRQX2M)       0.00      19.80 r
  library setup time                      -0.31      19.49
  data required time                                 19.49
  -----------------------------------------------------------
  data required time                                 19.49
  data arrival time                                  -3.60
  -----------------------------------------------------------
  slack (MET)                                        15.90


  Startpoint: B5/enable_pulse_reg
              (rising edge-triggered flip-flop clocked by REF_CLK)
  Endpoint: B1/RegFile_reg[1][3]
            (rising edge-triggered flip-flop clocked by REF_CLK)
  Path Group: REF_CLK
  Path Type: max

  Point                                    Incr       Path
  -----------------------------------------------------------
  clock REF_CLK (rise edge)                0.00       0.00
  clock network delay (ideal)              0.00       0.00
  B5/enable_pulse_reg/CK (DFFRQX2M)        0.00       0.00 r
  B5/enable_pulse_reg/Q (DFFRQX2M)         0.53       0.53 f
  B5/enable_pulse (DATA_SYNC)              0.00       0.53 f
  B0/SYNC_VALID (SYS_CTRL)                 0.00       0.53 f
  B0/U46/Y (INVX2M)                        0.30       0.82 r
  B0/U87/Y (NAND2X2M)                      0.13       0.96 f
  B0/U35/Y (OAI21X2M)                      0.09       1.05 r
  B0/U94/Y (MX4X1M)                        0.25       1.30 r
  B0/U92/Y (MX3X1M)                        0.93       2.23 r
  B0/Addr[1] (SYS_CTRL)                    0.00       2.23 r
  B1/Address[1] (RegFile)                  0.00       2.23 r
  B1/U57/Y (INVX2M)                        0.17       2.40 f
  B1/U11/Y (BUFX2M)                        0.18       2.58 f
  B1/U10/Y (INVX2M)                        0.41       2.99 r
  B1/U4/Y (NOR2X2M)                        0.17       3.16 f
  B1/U28/Y (NAND2X2M)                      0.25       3.41 r
  B1/U111/Y (OAI2BB2X1M)                   0.19       3.60 r
  B1/RegFile_reg[1][3]/D (DFFRQX2M)        0.00       3.60 r
  data arrival time                                   3.60

  clock REF_CLK (rise edge)               20.00      20.00
  clock network delay (ideal)              0.00      20.00
  clock uncertainty                       -0.20      19.80
  B1/RegFile_reg[1][3]/CK (DFFRQX2M)       0.00      19.80 r
  library setup time                      -0.31      19.49
  data required time                                 19.49
  -----------------------------------------------------------
  data required time                                 19.49
  data arrival time                                  -3.60
  -----------------------------------------------------------
  slack (MET)                                        15.90


  Startpoint: B5/enable_pulse_reg
              (rising edge-triggered flip-flop clocked by REF_CLK)
  Endpoint: B1/RegFile_reg[1][2]
            (rising edge-triggered flip-flop clocked by REF_CLK)
  Path Group: REF_CLK
  Path Type: max

  Point                                    Incr       Path
  -----------------------------------------------------------
  clock REF_CLK (rise edge)                0.00       0.00
  clock network delay (ideal)              0.00       0.00
  B5/enable_pulse_reg/CK (DFFRQX2M)        0.00       0.00 r
  B5/enable_pulse_reg/Q (DFFRQX2M)         0.53       0.53 f
  B5/enable_pulse (DATA_SYNC)              0.00       0.53 f
  B0/SYNC_VALID (SYS_CTRL)                 0.00       0.53 f
  B0/U46/Y (INVX2M)                        0.30       0.82 r
  B0/U87/Y (NAND2X2M)                      0.13       0.96 f
  B0/U35/Y (OAI21X2M)                      0.09       1.05 r
  B0/U94/Y (MX4X1M)                        0.25       1.30 r
  B0/U92/Y (MX3X1M)                        0.93       2.23 r
  B0/Addr[1] (SYS_CTRL)                    0.00       2.23 r
  B1/Address[1] (RegFile)                  0.00       2.23 r
  B1/U57/Y (INVX2M)                        0.17       2.40 f
  B1/U11/Y (BUFX2M)                        0.18       2.58 f
  B1/U10/Y (INVX2M)                        0.41       2.99 r
  B1/U4/Y (NOR2X2M)                        0.17       3.16 f
  B1/U28/Y (NAND2X2M)                      0.25       3.41 r
  B1/U110/Y (OAI2BB2X1M)                   0.19       3.60 r
  B1/RegFile_reg[1][2]/D (DFFRQX2M)        0.00       3.60 r
  data arrival time                                   3.60

  clock REF_CLK (rise edge)               20.00      20.00
  clock network delay (ideal)              0.00      20.00
  clock uncertainty                       -0.20      19.80
  B1/RegFile_reg[1][2]/CK (DFFRQX2M)       0.00      19.80 r
  library setup time                      -0.31      19.49
  data required time                                 19.49
  -----------------------------------------------------------
  data required time                                 19.49
  data arrival time                                  -3.60
  -----------------------------------------------------------
  slack (MET)                                        15.90


  Startpoint: B5/enable_pulse_reg
              (rising edge-triggered flip-flop clocked by REF_CLK)
  Endpoint: B1/RegFile_reg[1][0]
            (rising edge-triggered flip-flop clocked by REF_CLK)
  Path Group: REF_CLK
  Path Type: max

  Point                                    Incr       Path
  -----------------------------------------------------------
  clock REF_CLK (rise edge)                0.00       0.00
  clock network delay (ideal)              0.00       0.00
  B5/enable_pulse_reg/CK (DFFRQX2M)        0.00       0.00 r
  B5/enable_pulse_reg/Q (DFFRQX2M)         0.53       0.53 f
  B5/enable_pulse (DATA_SYNC)              0.00       0.53 f
  B0/SYNC_VALID (SYS_CTRL)                 0.00       0.53 f
  B0/U46/Y (INVX2M)                        0.30       0.82 r
  B0/U87/Y (NAND2X2M)                      0.13       0.96 f
  B0/U35/Y (OAI21X2M)                      0.09       1.05 r
  B0/U94/Y (MX4X1M)                        0.25       1.30 r
  B0/U92/Y (MX3X1M)                        0.93       2.23 r
  B0/Addr[1] (SYS_CTRL)                    0.00       2.23 r
  B1/Address[1] (RegFile)                  0.00       2.23 r
  B1/U57/Y (INVX2M)                        0.17       2.40 f
  B1/U11/Y (BUFX2M)                        0.18       2.58 f
  B1/U10/Y (INVX2M)                        0.41       2.99 r
  B1/U4/Y (NOR2X2M)                        0.17       3.16 f
  B1/U28/Y (NAND2X2M)                      0.25       3.41 r
  B1/U108/Y (OAI2BB2X1M)                   0.19       3.60 r
  B1/RegFile_reg[1][0]/D (DFFRQX2M)        0.00       3.60 r
  data arrival time                                   3.60

  clock REF_CLK (rise edge)               20.00      20.00
  clock network delay (ideal)              0.00      20.00
  clock uncertainty                       -0.20      19.80
  B1/RegFile_reg[1][0]/CK (DFFRQX2M)       0.00      19.80 r
  library setup time                      -0.31      19.49
  data required time                                 19.49
  -----------------------------------------------------------
  data required time                                 19.49
  data arrival time                                  -3.60
  -----------------------------------------------------------
  slack (MET)                                        15.90


  Startpoint: B5/enable_pulse_reg
              (rising edge-triggered flip-flop clocked by REF_CLK)
  Endpoint: B1/RegFile_reg[0][1]
            (rising edge-triggered flip-flop clocked by REF_CLK)
  Path Group: REF_CLK
  Path Type: max

  Point                                    Incr       Path
  -----------------------------------------------------------
  clock REF_CLK (rise edge)                0.00       0.00
  clock network delay (ideal)              0.00       0.00
  B5/enable_pulse_reg/CK (DFFRQX2M)        0.00       0.00 r
  B5/enable_pulse_reg/Q (DFFRQX2M)         0.53       0.53 f
  B5/enable_pulse (DATA_SYNC)              0.00       0.53 f
  B0/SYNC_VALID (SYS_CTRL)                 0.00       0.53 f
  B0/U46/Y (INVX2M)                        0.30       0.82 r
  B0/U87/Y (NAND2X2M)                      0.13       0.96 f
  B0/U35/Y (OAI21X2M)                      0.09       1.05 r
  B0/U94/Y (MX4X1M)                        0.25       1.30 r
  B0/U92/Y (MX3X1M)                        0.93       2.23 r
  B0/Addr[1] (SYS_CTRL)                    0.00       2.23 r
  B1/Address[1] (RegFile)                  0.00       2.23 r
  B1/U57/Y (INVX2M)                        0.17       2.40 f
  B1/U11/Y (BUFX2M)                        0.18       2.58 f
  B1/U10/Y (INVX2M)                        0.41       2.99 r
  B1/U4/Y (NOR2X2M)                        0.17       3.16 f
  B1/U43/Y (NAND2X2M)                      0.24       3.40 r
  B1/U101/Y (OAI2BB2X1M)                   0.19       3.59 r
  B1/RegFile_reg[0][1]/D (DFFRQX2M)        0.00       3.59 r
  data arrival time                                   3.59

  clock REF_CLK (rise edge)               20.00      20.00
  clock network delay (ideal)              0.00      20.00
  clock uncertainty                       -0.20      19.80
  B1/RegFile_reg[0][1]/CK (DFFRQX2M)       0.00      19.80 r
  library setup time                      -0.31      19.49
  data required time                                 19.49
  -----------------------------------------------------------
  data required time                                 19.49
  data arrival time                                  -3.59
  -----------------------------------------------------------
  slack (MET)                                        15.90


  Startpoint: B5/enable_pulse_reg
              (rising edge-triggered flip-flop clocked by REF_CLK)
  Endpoint: B1/RegFile_reg[0][0]
            (rising edge-triggered flip-flop clocked by REF_CLK)
  Path Group: REF_CLK
  Path Type: max

  Point                                    Incr       Path
  -----------------------------------------------------------
  clock REF_CLK (rise edge)                0.00       0.00
  clock network delay (ideal)              0.00       0.00
  B5/enable_pulse_reg/CK (DFFRQX2M)        0.00       0.00 r
  B5/enable_pulse_reg/Q (DFFRQX2M)         0.53       0.53 f
  B5/enable_pulse (DATA_SYNC)              0.00       0.53 f
  B0/SYNC_VALID (SYS_CTRL)                 0.00       0.53 f
  B0/U46/Y (INVX2M)                        0.30       0.82 r
  B0/U87/Y (NAND2X2M)                      0.13       0.96 f
  B0/U35/Y (OAI21X2M)                      0.09       1.05 r
  B0/U94/Y (MX4X1M)                        0.25       1.30 r
  B0/U92/Y (MX3X1M)                        0.93       2.23 r
  B0/Addr[1] (SYS_CTRL)                    0.00       2.23 r
  B1/Address[1] (RegFile)                  0.00       2.23 r
  B1/U57/Y (INVX2M)                        0.17       2.40 f
  B1/U11/Y (BUFX2M)                        0.18       2.58 f
  B1/U10/Y (INVX2M)                        0.41       2.99 r
  B1/U4/Y (NOR2X2M)                        0.17       3.16 f
  B1/U43/Y (NAND2X2M)                      0.24       3.40 r
  B1/U100/Y (OAI2BB2X1M)                   0.19       3.59 r
  B1/RegFile_reg[0][0]/D (DFFRQX2M)        0.00       3.59 r
  data arrival time                                   3.59

  clock REF_CLK (rise edge)               20.00      20.00
  clock network delay (ideal)              0.00      20.00
  clock uncertainty                       -0.20      19.80
  B1/RegFile_reg[0][0]/CK (DFFRQX2M)       0.00      19.80 r
  library setup time                      -0.31      19.49
  data required time                                 19.49
  -----------------------------------------------------------
  data required time                                 19.49
  data arrival time                                  -3.59
  -----------------------------------------------------------
  slack (MET)                                        15.90


  Startpoint: B5/enable_pulse_reg
              (rising edge-triggered flip-flop clocked by REF_CLK)
  Endpoint: B1/RegFile_reg[0][2]
            (rising edge-triggered flip-flop clocked by REF_CLK)
  Path Group: REF_CLK
  Path Type: max

  Point                                    Incr       Path
  -----------------------------------------------------------
  clock REF_CLK (rise edge)                0.00       0.00
  clock network delay (ideal)              0.00       0.00
  B5/enable_pulse_reg/CK (DFFRQX2M)        0.00       0.00 r
  B5/enable_pulse_reg/Q (DFFRQX2M)         0.53       0.53 f
  B5/enable_pulse (DATA_SYNC)              0.00       0.53 f
  B0/SYNC_VALID (SYS_CTRL)                 0.00       0.53 f
  B0/U46/Y (INVX2M)                        0.30       0.82 r
  B0/U87/Y (NAND2X2M)                      0.13       0.96 f
  B0/U35/Y (OAI21X2M)                      0.09       1.05 r
  B0/U94/Y (MX4X1M)                        0.25       1.30 r
  B0/U92/Y (MX3X1M)                        0.93       2.23 r
  B0/Addr[1] (SYS_CTRL)                    0.00       2.23 r
  B1/Address[1] (RegFile)                  0.00       2.23 r
  B1/U57/Y (INVX2M)                        0.17       2.40 f
  B1/U11/Y (BUFX2M)                        0.18       2.58 f
  B1/U10/Y (INVX2M)                        0.41       2.99 r
  B1/U4/Y (NOR2X2M)                        0.17       3.16 f
  B1/U43/Y (NAND2X2M)                      0.24       3.40 r
  B1/U102/Y (OAI2BB2X1M)                   0.19       3.59 r
  B1/RegFile_reg[0][2]/D (DFFRQX2M)        0.00       3.59 r
  data arrival time                                   3.59

  clock REF_CLK (rise edge)               20.00      20.00
  clock network delay (ideal)              0.00      20.00
  clock uncertainty                       -0.20      19.80
  B1/RegFile_reg[0][2]/CK (DFFRQX2M)       0.00      19.80 r
  library setup time                      -0.31      19.49
  data required time                                 19.49
  -----------------------------------------------------------
  data required time                                 19.49
  data arrival time                                  -3.59
  -----------------------------------------------------------
  slack (MET)                                        15.90


  Startpoint: B5/enable_pulse_reg
              (rising edge-triggered flip-flop clocked by REF_CLK)
  Endpoint: B1/RegFile_reg[0][3]
            (rising edge-triggered flip-flop clocked by REF_CLK)
  Path Group: REF_CLK
  Path Type: max

  Point                                    Incr       Path
  -----------------------------------------------------------
  clock REF_CLK (rise edge)                0.00       0.00
  clock network delay (ideal)              0.00       0.00
  B5/enable_pulse_reg/CK (DFFRQX2M)        0.00       0.00 r
  B5/enable_pulse_reg/Q (DFFRQX2M)         0.53       0.53 f
  B5/enable_pulse (DATA_SYNC)              0.00       0.53 f
  B0/SYNC_VALID (SYS_CTRL)                 0.00       0.53 f
  B0/U46/Y (INVX2M)                        0.30       0.82 r
  B0/U87/Y (NAND2X2M)                      0.13       0.96 f
  B0/U35/Y (OAI21X2M)                      0.09       1.05 r
  B0/U94/Y (MX4X1M)                        0.25       1.30 r
  B0/U92/Y (MX3X1M)                        0.93       2.23 r
  B0/Addr[1] (SYS_CTRL)                    0.00       2.23 r
  B1/Address[1] (RegFile)                  0.00       2.23 r
  B1/U57/Y (INVX2M)                        0.17       2.40 f
  B1/U11/Y (BUFX2M)                        0.18       2.58 f
  B1/U10/Y (INVX2M)                        0.41       2.99 r
  B1/U4/Y (NOR2X2M)                        0.17       3.16 f
  B1/U43/Y (NAND2X2M)                      0.24       3.40 r
  B1/U103/Y (OAI2BB2X1M)                   0.19       3.59 r
  B1/RegFile_reg[0][3]/D (DFFRQX2M)        0.00       3.59 r
  data arrival time                                   3.59

  clock REF_CLK (rise edge)               20.00      20.00
  clock network delay (ideal)              0.00      20.00
  clock uncertainty                       -0.20      19.80
  B1/RegFile_reg[0][3]/CK (DFFRQX2M)       0.00      19.80 r
  library setup time                      -0.31      19.49
  data required time                                 19.49
  -----------------------------------------------------------
  data required time                                 19.49
  data arrival time                                  -3.59
  -----------------------------------------------------------
  slack (MET)                                        15.90


  Startpoint: B5/enable_pulse_reg
              (rising edge-triggered flip-flop clocked by REF_CLK)
  Endpoint: B1/RegFile_reg[0][4]
            (rising edge-triggered flip-flop clocked by REF_CLK)
  Path Group: REF_CLK
  Path Type: max

  Point                                    Incr       Path
  -----------------------------------------------------------
  clock REF_CLK (rise edge)                0.00       0.00
  clock network delay (ideal)              0.00       0.00
  B5/enable_pulse_reg/CK (DFFRQX2M)        0.00       0.00 r
  B5/enable_pulse_reg/Q (DFFRQX2M)         0.53       0.53 f
  B5/enable_pulse (DATA_SYNC)              0.00       0.53 f
  B0/SYNC_VALID (SYS_CTRL)                 0.00       0.53 f
  B0/U46/Y (INVX2M)                        0.30       0.82 r
  B0/U87/Y (NAND2X2M)                      0.13       0.96 f
  B0/U35/Y (OAI21X2M)                      0.09       1.05 r
  B0/U94/Y (MX4X1M)                        0.25       1.30 r
  B0/U92/Y (MX3X1M)                        0.93       2.23 r
  B0/Addr[1] (SYS_CTRL)                    0.00       2.23 r
  B1/Address[1] (RegFile)                  0.00       2.23 r
  B1/U57/Y (INVX2M)                        0.17       2.40 f
  B1/U11/Y (BUFX2M)                        0.18       2.58 f
  B1/U10/Y (INVX2M)                        0.41       2.99 r
  B1/U4/Y (NOR2X2M)                        0.17       3.16 f
  B1/U43/Y (NAND2X2M)                      0.24       3.40 r
  B1/U104/Y (OAI2BB2X1M)                   0.19       3.59 r
  B1/RegFile_reg[0][4]/D (DFFRQX2M)        0.00       3.59 r
  data arrival time                                   3.59

  clock REF_CLK (rise edge)               20.00      20.00
  clock network delay (ideal)              0.00      20.00
  clock uncertainty                       -0.20      19.80
  B1/RegFile_reg[0][4]/CK (DFFRQX2M)       0.00      19.80 r
  library setup time                      -0.31      19.49
  data required time                                 19.49
  -----------------------------------------------------------
  data required time                                 19.49
  data arrival time                                  -3.59
  -----------------------------------------------------------
  slack (MET)                                        15.90


  Startpoint: B5/enable_pulse_reg
              (rising edge-triggered flip-flop clocked by REF_CLK)
  Endpoint: B1/RegFile_reg[0][5]
            (rising edge-triggered flip-flop clocked by REF_CLK)
  Path Group: REF_CLK
  Path Type: max

  Point                                    Incr       Path
  -----------------------------------------------------------
  clock REF_CLK (rise edge)                0.00       0.00
  clock network delay (ideal)              0.00       0.00
  B5/enable_pulse_reg/CK (DFFRQX2M)        0.00       0.00 r
  B5/enable_pulse_reg/Q (DFFRQX2M)         0.53       0.53 f
  B5/enable_pulse (DATA_SYNC)              0.00       0.53 f
  B0/SYNC_VALID (SYS_CTRL)                 0.00       0.53 f
  B0/U46/Y (INVX2M)                        0.30       0.82 r
  B0/U87/Y (NAND2X2M)                      0.13       0.96 f
  B0/U35/Y (OAI21X2M)                      0.09       1.05 r
  B0/U94/Y (MX4X1M)                        0.25       1.30 r
  B0/U92/Y (MX3X1M)                        0.93       2.23 r
  B0/Addr[1] (SYS_CTRL)                    0.00       2.23 r
  B1/Address[1] (RegFile)                  0.00       2.23 r
  B1/U57/Y (INVX2M)                        0.17       2.40 f
  B1/U11/Y (BUFX2M)                        0.18       2.58 f
  B1/U10/Y (INVX2M)                        0.41       2.99 r
  B1/U4/Y (NOR2X2M)                        0.17       3.16 f
  B1/U43/Y (NAND2X2M)                      0.24       3.40 r
  B1/U105/Y (OAI2BB2X1M)                   0.19       3.59 r
  B1/RegFile_reg[0][5]/D (DFFRQX2M)        0.00       3.59 r
  data arrival time                                   3.59

  clock REF_CLK (rise edge)               20.00      20.00
  clock network delay (ideal)              0.00      20.00
  clock uncertainty                       -0.20      19.80
  B1/RegFile_reg[0][5]/CK (DFFRQX2M)       0.00      19.80 r
  library setup time                      -0.31      19.49
  data required time                                 19.49
  -----------------------------------------------------------
  data required time                                 19.49
  data arrival time                                  -3.59
  -----------------------------------------------------------
  slack (MET)                                        15.90


  Startpoint: B5/enable_pulse_reg
              (rising edge-triggered flip-flop clocked by REF_CLK)
  Endpoint: B1/RegFile_reg[0][7]
            (rising edge-triggered flip-flop clocked by REF_CLK)
  Path Group: REF_CLK
  Path Type: max

  Point                                    Incr       Path
  -----------------------------------------------------------
  clock REF_CLK (rise edge)                0.00       0.00
  clock network delay (ideal)              0.00       0.00
  B5/enable_pulse_reg/CK (DFFRQX2M)        0.00       0.00 r
  B5/enable_pulse_reg/Q (DFFRQX2M)         0.53       0.53 f
  B5/enable_pulse (DATA_SYNC)              0.00       0.53 f
  B0/SYNC_VALID (SYS_CTRL)                 0.00       0.53 f
  B0/U46/Y (INVX2M)                        0.30       0.82 r
  B0/U87/Y (NAND2X2M)                      0.13       0.96 f
  B0/U35/Y (OAI21X2M)                      0.09       1.05 r
  B0/U94/Y (MX4X1M)                        0.25       1.30 r
  B0/U92/Y (MX3X1M)                        0.93       2.23 r
  B0/Addr[1] (SYS_CTRL)                    0.00       2.23 r
  B1/Address[1] (RegFile)                  0.00       2.23 r
  B1/U57/Y (INVX2M)                        0.17       2.40 f
  B1/U11/Y (BUFX2M)                        0.18       2.58 f
  B1/U10/Y (INVX2M)                        0.41       2.99 r
  B1/U4/Y (NOR2X2M)                        0.17       3.16 f
  B1/U43/Y (NAND2X2M)                      0.24       3.40 r
  B1/U107/Y (OAI2BB2X1M)                   0.19       3.59 r
  B1/RegFile_reg[0][7]/D (DFFRQX2M)        0.00       3.59 r
  data arrival time                                   3.59

  clock REF_CLK (rise edge)               20.00      20.00
  clock network delay (ideal)              0.00      20.00
  clock uncertainty                       -0.20      19.80
  B1/RegFile_reg[0][7]/CK (DFFRQX2M)       0.00      19.80 r
  library setup time                      -0.31      19.49
  data required time                                 19.49
  -----------------------------------------------------------
  data required time                                 19.49
  data arrival time                                  -3.59
  -----------------------------------------------------------
  slack (MET)                                        15.90


  Startpoint: B5/enable_pulse_reg
              (rising edge-triggered flip-flop clocked by REF_CLK)
  Endpoint: B1/RegFile_reg[0][6]
            (rising edge-triggered flip-flop clocked by REF_CLK)
  Path Group: REF_CLK
  Path Type: max

  Point                                    Incr       Path
  -----------------------------------------------------------
  clock REF_CLK (rise edge)                0.00       0.00
  clock network delay (ideal)              0.00       0.00
  B5/enable_pulse_reg/CK (DFFRQX2M)        0.00       0.00 r
  B5/enable_pulse_reg/Q (DFFRQX2M)         0.53       0.53 f
  B5/enable_pulse (DATA_SYNC)              0.00       0.53 f
  B0/SYNC_VALID (SYS_CTRL)                 0.00       0.53 f
  B0/U46/Y (INVX2M)                        0.30       0.82 r
  B0/U87/Y (NAND2X2M)                      0.13       0.96 f
  B0/U35/Y (OAI21X2M)                      0.09       1.05 r
  B0/U94/Y (MX4X1M)                        0.25       1.30 r
  B0/U92/Y (MX3X1M)                        0.93       2.23 r
  B0/Addr[1] (SYS_CTRL)                    0.00       2.23 r
  B1/Address[1] (RegFile)                  0.00       2.23 r
  B1/U57/Y (INVX2M)                        0.17       2.40 f
  B1/U11/Y (BUFX2M)                        0.18       2.58 f
  B1/U10/Y (INVX2M)                        0.41       2.99 r
  B1/U4/Y (NOR2X2M)                        0.17       3.16 f
  B1/U43/Y (NAND2X2M)                      0.24       3.40 r
  B1/U106/Y (OAI2BB2X1M)                   0.19       3.59 r
  B1/RegFile_reg[0][6]/D (DFFRQX2M)        0.00       3.59 r
  data arrival time                                   3.59

  clock REF_CLK (rise edge)               20.00      20.00
  clock network delay (ideal)              0.00      20.00
  clock uncertainty                       -0.20      19.80
  B1/RegFile_reg[0][6]/CK (DFFRQX2M)       0.00      19.80 r
  library setup time                      -0.31      19.49
  data required time                                 19.49
  -----------------------------------------------------------
  data required time                                 19.49
  data arrival time                                  -3.59
  -----------------------------------------------------------
  slack (MET)                                        15.90


  Startpoint: B5/enable_pulse_reg
              (rising edge-triggered flip-flop clocked by REF_CLK)
  Endpoint: B1/RegFile_reg[2][4]
            (rising edge-triggered flip-flop clocked by REF_CLK)
  Path Group: REF_CLK
  Path Type: max

  Point                                    Incr       Path
  -----------------------------------------------------------
  clock REF_CLK (rise edge)                0.00       0.00
  clock network delay (ideal)              0.00       0.00
  B5/enable_pulse_reg/CK (DFFRQX2M)        0.00       0.00 r
  B5/enable_pulse_reg/Q (DFFRQX2M)         0.53       0.53 f
  B5/enable_pulse (DATA_SYNC)              0.00       0.53 f
  B0/SYNC_VALID (SYS_CTRL)                 0.00       0.53 f
  B0/U46/Y (INVX2M)                        0.30       0.82 r
  B0/U52/Y (NAND2X2M)                      0.13       0.96 f
  B0/U16/Y (OAI21X2M)                      0.09       1.05 r
  B0/U49/Y (MX4X1M)                        0.25       1.30 r
  B0/U47/Y (MX3X1M)                        0.24       1.55 r
  B0/Addr[0] (SYS_CTRL)                    0.00       1.55 r
  U18/Y (BUFX2M)                           0.87       2.42 r
  B1/Address[0] (RegFile)                  0.00       2.42 r
  B1/U48/Y (INVX2M)                        0.22       2.64 f
  B1/U23/Y (INVX2M)                        0.35       2.99 r
  B1/U24/Y (NOR2BX2M)                      0.15       3.14 f
  B1/U33/Y (NAND2X2M)                      0.23       3.37 r
  B1/U151/Y (OAI2BB2X1M)                   0.19       3.56 r
  B1/RegFile_reg[2][4]/D (DFFRQX2M)        0.00       3.56 r
  data arrival time                                   3.56

  clock REF_CLK (rise edge)               20.00      20.00
  clock network delay (ideal)              0.00      20.00
  clock uncertainty                       -0.20      19.80
  B1/RegFile_reg[2][4]/CK (DFFRQX2M)       0.00      19.80 r
  library setup time                      -0.31      19.49
  data required time                                 19.49
  -----------------------------------------------------------
  data required time                                 19.49
  data arrival time                                  -3.56
  -----------------------------------------------------------
  slack (MET)                                        15.93


  Startpoint: B5/enable_pulse_reg
              (rising edge-triggered flip-flop clocked by REF_CLK)
  Endpoint: B1/RegFile_reg[2][2]
            (rising edge-triggered flip-flop clocked by REF_CLK)
  Path Group: REF_CLK
  Path Type: max

  Point                                    Incr       Path
  -----------------------------------------------------------
  clock REF_CLK (rise edge)                0.00       0.00
  clock network delay (ideal)              0.00       0.00
  B5/enable_pulse_reg/CK (DFFRQX2M)        0.00       0.00 r
  B5/enable_pulse_reg/Q (DFFRQX2M)         0.53       0.53 f
  B5/enable_pulse (DATA_SYNC)              0.00       0.53 f
  B0/SYNC_VALID (SYS_CTRL)                 0.00       0.53 f
  B0/U46/Y (INVX2M)                        0.30       0.82 r
  B0/U52/Y (NAND2X2M)                      0.13       0.96 f
  B0/U16/Y (OAI21X2M)                      0.09       1.05 r
  B0/U49/Y (MX4X1M)                        0.25       1.30 r
  B0/U47/Y (MX3X1M)                        0.24       1.55 r
  B0/Addr[0] (SYS_CTRL)                    0.00       1.55 r
  U18/Y (BUFX2M)                           0.87       2.42 r
  B1/Address[0] (RegFile)                  0.00       2.42 r
  B1/U48/Y (INVX2M)                        0.22       2.64 f
  B1/U23/Y (INVX2M)                        0.35       2.99 r
  B1/U24/Y (NOR2BX2M)                      0.15       3.14 f
  B1/U33/Y (NAND2X2M)                      0.23       3.37 r
  B1/U149/Y (OAI2BB2X1M)                   0.19       3.56 r
  B1/RegFile_reg[2][2]/D (DFFRQX2M)        0.00       3.56 r
  data arrival time                                   3.56

  clock REF_CLK (rise edge)               20.00      20.00
  clock network delay (ideal)              0.00      20.00
  clock uncertainty                       -0.20      19.80
  B1/RegFile_reg[2][2]/CK (DFFRQX2M)       0.00      19.80 r
  library setup time                      -0.31      19.49
  data required time                                 19.49
  -----------------------------------------------------------
  data required time                                 19.49
  data arrival time                                  -3.56
  -----------------------------------------------------------
  slack (MET)                                        15.93


  Startpoint: B5/enable_pulse_reg
              (rising edge-triggered flip-flop clocked by REF_CLK)
  Endpoint: B1/RegFile_reg[2][3]
            (rising edge-triggered flip-flop clocked by REF_CLK)
  Path Group: REF_CLK
  Path Type: max

  Point                                    Incr       Path
  -----------------------------------------------------------
  clock REF_CLK (rise edge)                0.00       0.00
  clock network delay (ideal)              0.00       0.00
  B5/enable_pulse_reg/CK (DFFRQX2M)        0.00       0.00 r
  B5/enable_pulse_reg/Q (DFFRQX2M)         0.53       0.53 f
  B5/enable_pulse (DATA_SYNC)              0.00       0.53 f
  B0/SYNC_VALID (SYS_CTRL)                 0.00       0.53 f
  B0/U46/Y (INVX2M)                        0.30       0.82 r
  B0/U52/Y (NAND2X2M)                      0.13       0.96 f
  B0/U16/Y (OAI21X2M)                      0.09       1.05 r
  B0/U49/Y (MX4X1M)                        0.25       1.30 r
  B0/U47/Y (MX3X1M)                        0.24       1.55 r
  B0/Addr[0] (SYS_CTRL)                    0.00       1.55 r
  U18/Y (BUFX2M)                           0.87       2.42 r
  B1/Address[0] (RegFile)                  0.00       2.42 r
  B1/U48/Y (INVX2M)                        0.22       2.64 f
  B1/U23/Y (INVX2M)                        0.35       2.99 r
  B1/U24/Y (NOR2BX2M)                      0.15       3.14 f
  B1/U33/Y (NAND2X2M)                      0.23       3.37 r
  B1/U150/Y (OAI2BB2X1M)                   0.19       3.56 r
  B1/RegFile_reg[2][3]/D (DFFRQX2M)        0.00       3.56 r
  data arrival time                                   3.56

  clock REF_CLK (rise edge)               20.00      20.00
  clock network delay (ideal)              0.00      20.00
  clock uncertainty                       -0.20      19.80
  B1/RegFile_reg[2][3]/CK (DFFRQX2M)       0.00      19.80 r
  library setup time                      -0.31      19.49
  data required time                                 19.49
  -----------------------------------------------------------
  data required time                                 19.49
  data arrival time                                  -3.56
  -----------------------------------------------------------
  slack (MET)                                        15.93


  Startpoint: B5/enable_pulse_reg
              (rising edge-triggered flip-flop clocked by REF_CLK)
  Endpoint: B1/RegFile_reg[2][1]
            (rising edge-triggered flip-flop clocked by REF_CLK)
  Path Group: REF_CLK
  Path Type: max

  Point                                    Incr       Path
  -----------------------------------------------------------
  clock REF_CLK (rise edge)                0.00       0.00
  clock network delay (ideal)              0.00       0.00
  B5/enable_pulse_reg/CK (DFFRQX2M)        0.00       0.00 r
  B5/enable_pulse_reg/Q (DFFRQX2M)         0.53       0.53 f
  B5/enable_pulse (DATA_SYNC)              0.00       0.53 f
  B0/SYNC_VALID (SYS_CTRL)                 0.00       0.53 f
  B0/U46/Y (INVX2M)                        0.30       0.82 r
  B0/U52/Y (NAND2X2M)                      0.13       0.96 f
  B0/U16/Y (OAI21X2M)                      0.09       1.05 r
  B0/U49/Y (MX4X1M)                        0.25       1.30 r
  B0/U47/Y (MX3X1M)                        0.24       1.55 r
  B0/Addr[0] (SYS_CTRL)                    0.00       1.55 r
  U18/Y (BUFX2M)                           0.87       2.42 r
  B1/Address[0] (RegFile)                  0.00       2.42 r
  B1/U48/Y (INVX2M)                        0.22       2.64 f
  B1/U23/Y (INVX2M)                        0.35       2.99 r
  B1/U24/Y (NOR2BX2M)                      0.15       3.14 f
  B1/U33/Y (NAND2X2M)                      0.23       3.37 r
  B1/U148/Y (OAI2BB2X1M)                   0.19       3.56 r
  B1/RegFile_reg[2][1]/D (DFFRQX2M)        0.00       3.56 r
  data arrival time                                   3.56

  clock REF_CLK (rise edge)               20.00      20.00
  clock network delay (ideal)              0.00      20.00
  clock uncertainty                       -0.20      19.80
  B1/RegFile_reg[2][1]/CK (DFFRQX2M)       0.00      19.80 r
  library setup time                      -0.31      19.49
  data required time                                 19.49
  -----------------------------------------------------------
  data required time                                 19.49
  data arrival time                                  -3.56
  -----------------------------------------------------------
  slack (MET)                                        15.93


  Startpoint: B5/enable_pulse_reg
              (rising edge-triggered flip-flop clocked by REF_CLK)
  Endpoint: B1/RegFile_reg[2][5]
            (rising edge-triggered flip-flop clocked by REF_CLK)
  Path Group: REF_CLK
  Path Type: max

  Point                                    Incr       Path
  -----------------------------------------------------------
  clock REF_CLK (rise edge)                0.00       0.00
  clock network delay (ideal)              0.00       0.00
  B5/enable_pulse_reg/CK (DFFRQX2M)        0.00       0.00 r
  B5/enable_pulse_reg/Q (DFFRQX2M)         0.53       0.53 f
  B5/enable_pulse (DATA_SYNC)              0.00       0.53 f
  B0/SYNC_VALID (SYS_CTRL)                 0.00       0.53 f
  B0/U46/Y (INVX2M)                        0.30       0.82 r
  B0/U52/Y (NAND2X2M)                      0.13       0.96 f
  B0/U16/Y (OAI21X2M)                      0.09       1.05 r
  B0/U49/Y (MX4X1M)                        0.25       1.30 r
  B0/U47/Y (MX3X1M)                        0.24       1.55 r
  B0/Addr[0] (SYS_CTRL)                    0.00       1.55 r
  U18/Y (BUFX2M)                           0.87       2.42 r
  B1/Address[0] (RegFile)                  0.00       2.42 r
  B1/U48/Y (INVX2M)                        0.22       2.64 f
  B1/U23/Y (INVX2M)                        0.35       2.99 r
  B1/U24/Y (NOR2BX2M)                      0.15       3.14 f
  B1/U33/Y (NAND2X2M)                      0.23       3.37 r
  B1/U152/Y (OAI2BB2X1M)                   0.19       3.56 r
  B1/RegFile_reg[2][5]/D (DFFRQX2M)        0.00       3.56 r
  data arrival time                                   3.56

  clock REF_CLK (rise edge)               20.00      20.00
  clock network delay (ideal)              0.00      20.00
  clock uncertainty                       -0.20      19.80
  B1/RegFile_reg[2][5]/CK (DFFRQX2M)       0.00      19.80 r
  library setup time                      -0.31      19.49
  data required time                                 19.49
  -----------------------------------------------------------
  data required time                                 19.49
  data arrival time                                  -3.56
  -----------------------------------------------------------
  slack (MET)                                        15.93


  Startpoint: B5/enable_pulse_reg
              (rising edge-triggered flip-flop clocked by REF_CLK)
  Endpoint: B1/RegFile_reg[2][6]
            (rising edge-triggered flip-flop clocked by REF_CLK)
  Path Group: REF_CLK
  Path Type: max

  Point                                    Incr       Path
  -----------------------------------------------------------
  clock REF_CLK (rise edge)                0.00       0.00
  clock network delay (ideal)              0.00       0.00
  B5/enable_pulse_reg/CK (DFFRQX2M)        0.00       0.00 r
  B5/enable_pulse_reg/Q (DFFRQX2M)         0.53       0.53 f
  B5/enable_pulse (DATA_SYNC)              0.00       0.53 f
  B0/SYNC_VALID (SYS_CTRL)                 0.00       0.53 f
  B0/U46/Y (INVX2M)                        0.30       0.82 r
  B0/U52/Y (NAND2X2M)                      0.13       0.96 f
  B0/U16/Y (OAI21X2M)                      0.09       1.05 r
  B0/U49/Y (MX4X1M)                        0.25       1.30 r
  B0/U47/Y (MX3X1M)                        0.24       1.55 r
  B0/Addr[0] (SYS_CTRL)                    0.00       1.55 r
  U18/Y (BUFX2M)                           0.87       2.42 r
  B1/Address[0] (RegFile)                  0.00       2.42 r
  B1/U48/Y (INVX2M)                        0.22       2.64 f
  B1/U23/Y (INVX2M)                        0.35       2.99 r
  B1/U24/Y (NOR2BX2M)                      0.15       3.14 f
  B1/U33/Y (NAND2X2M)                      0.23       3.37 r
  B1/U153/Y (OAI2BB2X1M)                   0.19       3.56 r
  B1/RegFile_reg[2][6]/D (DFFRQX2M)        0.00       3.56 r
  data arrival time                                   3.56

  clock REF_CLK (rise edge)               20.00      20.00
  clock network delay (ideal)              0.00      20.00
  clock uncertainty                       -0.20      19.80
  B1/RegFile_reg[2][6]/CK (DFFRQX2M)       0.00      19.80 r
  library setup time                      -0.31      19.49
  data required time                                 19.49
  -----------------------------------------------------------
  data required time                                 19.49
  data arrival time                                  -3.56
  -----------------------------------------------------------
  slack (MET)                                        15.93


  Startpoint: B5/enable_pulse_reg
              (rising edge-triggered flip-flop clocked by REF_CLK)
  Endpoint: B1/RegFile_reg[6][7]
            (rising edge-triggered flip-flop clocked by REF_CLK)
  Path Group: REF_CLK
  Path Type: max

  Point                                    Incr       Path
  -----------------------------------------------------------
  clock REF_CLK (rise edge)                0.00       0.00
  clock network delay (ideal)              0.00       0.00
  B5/enable_pulse_reg/CK (DFFRQX2M)        0.00       0.00 r
  B5/enable_pulse_reg/Q (DFFRQX2M)         0.53       0.53 f
  B5/enable_pulse (DATA_SYNC)              0.00       0.53 f
  B0/SYNC_VALID (SYS_CTRL)                 0.00       0.53 f
  B0/U46/Y (INVX2M)                        0.30       0.82 r
  B0/U52/Y (NAND2X2M)                      0.13       0.96 f
  B0/U16/Y (OAI21X2M)                      0.09       1.05 r
  B0/U49/Y (MX4X1M)                        0.25       1.30 r
  B0/U47/Y (MX3X1M)                        0.24       1.55 r
  B0/Addr[0] (SYS_CTRL)                    0.00       1.55 r
  U18/Y (BUFX2M)                           0.87       2.42 r
  B1/Address[0] (RegFile)                  0.00       2.42 r
  B1/U48/Y (INVX2M)                        0.22       2.64 f
  B1/U23/Y (INVX2M)                        0.35       2.99 r
  B1/U24/Y (NOR2BX2M)                      0.15       3.14 f
  B1/U41/Y (NAND2X2M)                      0.23       3.37 r
  B1/U139/Y (OAI2BB2X1M)                   0.19       3.56 r
  B1/RegFile_reg[6][7]/D (DFFRQX2M)        0.00       3.56 r
  data arrival time                                   3.56

  clock REF_CLK (rise edge)               20.00      20.00
  clock network delay (ideal)              0.00      20.00
  clock uncertainty                       -0.20      19.80
  B1/RegFile_reg[6][7]/CK (DFFRQX2M)       0.00      19.80 r
  library setup time                      -0.31      19.49
  data required time                                 19.49
  -----------------------------------------------------------
  data required time                                 19.49
  data arrival time                                  -3.56
  -----------------------------------------------------------
  slack (MET)                                        15.93


  Startpoint: B5/enable_pulse_reg
              (rising edge-triggered flip-flop clocked by REF_CLK)
  Endpoint: B1/RegFile_reg[6][6]
            (rising edge-triggered flip-flop clocked by REF_CLK)
  Path Group: REF_CLK
  Path Type: max

  Point                                    Incr       Path
  -----------------------------------------------------------
  clock REF_CLK (rise edge)                0.00       0.00
  clock network delay (ideal)              0.00       0.00
  B5/enable_pulse_reg/CK (DFFRQX2M)        0.00       0.00 r
  B5/enable_pulse_reg/Q (DFFRQX2M)         0.53       0.53 f
  B5/enable_pulse (DATA_SYNC)              0.00       0.53 f
  B0/SYNC_VALID (SYS_CTRL)                 0.00       0.53 f
  B0/U46/Y (INVX2M)                        0.30       0.82 r
  B0/U52/Y (NAND2X2M)                      0.13       0.96 f
  B0/U16/Y (OAI21X2M)                      0.09       1.05 r
  B0/U49/Y (MX4X1M)                        0.25       1.30 r
  B0/U47/Y (MX3X1M)                        0.24       1.55 r
  B0/Addr[0] (SYS_CTRL)                    0.00       1.55 r
  U18/Y (BUFX2M)                           0.87       2.42 r
  B1/Address[0] (RegFile)                  0.00       2.42 r
  B1/U48/Y (INVX2M)                        0.22       2.64 f
  B1/U23/Y (INVX2M)                        0.35       2.99 r
  B1/U24/Y (NOR2BX2M)                      0.15       3.14 f
  B1/U41/Y (NAND2X2M)                      0.23       3.37 r
  B1/U138/Y (OAI2BB2X1M)                   0.19       3.56 r
  B1/RegFile_reg[6][6]/D (DFFRQX2M)        0.00       3.56 r
  data arrival time                                   3.56

  clock REF_CLK (rise edge)               20.00      20.00
  clock network delay (ideal)              0.00      20.00
  clock uncertainty                       -0.20      19.80
  B1/RegFile_reg[6][6]/CK (DFFRQX2M)       0.00      19.80 r
  library setup time                      -0.31      19.49
  data required time                                 19.49
  -----------------------------------------------------------
  data required time                                 19.49
  data arrival time                                  -3.56
  -----------------------------------------------------------
  slack (MET)                                        15.93


  Startpoint: B5/enable_pulse_reg
              (rising edge-triggered flip-flop clocked by REF_CLK)
  Endpoint: B1/RegFile_reg[6][5]
            (rising edge-triggered flip-flop clocked by REF_CLK)
  Path Group: REF_CLK
  Path Type: max

  Point                                    Incr       Path
  -----------------------------------------------------------
  clock REF_CLK (rise edge)                0.00       0.00
  clock network delay (ideal)              0.00       0.00
  B5/enable_pulse_reg/CK (DFFRQX2M)        0.00       0.00 r
  B5/enable_pulse_reg/Q (DFFRQX2M)         0.53       0.53 f
  B5/enable_pulse (DATA_SYNC)              0.00       0.53 f
  B0/SYNC_VALID (SYS_CTRL)                 0.00       0.53 f
  B0/U46/Y (INVX2M)                        0.30       0.82 r
  B0/U52/Y (NAND2X2M)                      0.13       0.96 f
  B0/U16/Y (OAI21X2M)                      0.09       1.05 r
  B0/U49/Y (MX4X1M)                        0.25       1.30 r
  B0/U47/Y (MX3X1M)                        0.24       1.55 r
  B0/Addr[0] (SYS_CTRL)                    0.00       1.55 r
  U18/Y (BUFX2M)                           0.87       2.42 r
  B1/Address[0] (RegFile)                  0.00       2.42 r
  B1/U48/Y (INVX2M)                        0.22       2.64 f
  B1/U23/Y (INVX2M)                        0.35       2.99 r
  B1/U24/Y (NOR2BX2M)                      0.15       3.14 f
  B1/U41/Y (NAND2X2M)                      0.23       3.37 r
  B1/U137/Y (OAI2BB2X1M)                   0.19       3.56 r
  B1/RegFile_reg[6][5]/D (DFFRQX2M)        0.00       3.56 r
  data arrival time                                   3.56

  clock REF_CLK (rise edge)               20.00      20.00
  clock network delay (ideal)              0.00      20.00
  clock uncertainty                       -0.20      19.80
  B1/RegFile_reg[6][5]/CK (DFFRQX2M)       0.00      19.80 r
  library setup time                      -0.31      19.49
  data required time                                 19.49
  -----------------------------------------------------------
  data required time                                 19.49
  data arrival time                                  -3.56
  -----------------------------------------------------------
  slack (MET)                                        15.93


  Startpoint: B5/enable_pulse_reg
              (rising edge-triggered flip-flop clocked by REF_CLK)
  Endpoint: B1/RegFile_reg[6][4]
            (rising edge-triggered flip-flop clocked by REF_CLK)
  Path Group: REF_CLK
  Path Type: max

  Point                                    Incr       Path
  -----------------------------------------------------------
  clock REF_CLK (rise edge)                0.00       0.00
  clock network delay (ideal)              0.00       0.00
  B5/enable_pulse_reg/CK (DFFRQX2M)        0.00       0.00 r
  B5/enable_pulse_reg/Q (DFFRQX2M)         0.53       0.53 f
  B5/enable_pulse (DATA_SYNC)              0.00       0.53 f
  B0/SYNC_VALID (SYS_CTRL)                 0.00       0.53 f
  B0/U46/Y (INVX2M)                        0.30       0.82 r
  B0/U52/Y (NAND2X2M)                      0.13       0.96 f
  B0/U16/Y (OAI21X2M)                      0.09       1.05 r
  B0/U49/Y (MX4X1M)                        0.25       1.30 r
  B0/U47/Y (MX3X1M)                        0.24       1.55 r
  B0/Addr[0] (SYS_CTRL)                    0.00       1.55 r
  U18/Y (BUFX2M)                           0.87       2.42 r
  B1/Address[0] (RegFile)                  0.00       2.42 r
  B1/U48/Y (INVX2M)                        0.22       2.64 f
  B1/U23/Y (INVX2M)                        0.35       2.99 r
  B1/U24/Y (NOR2BX2M)                      0.15       3.14 f
  B1/U41/Y (NAND2X2M)                      0.23       3.37 r
  B1/U136/Y (OAI2BB2X1M)                   0.19       3.56 r
  B1/RegFile_reg[6][4]/D (DFFRQX2M)        0.00       3.56 r
  data arrival time                                   3.56

  clock REF_CLK (rise edge)               20.00      20.00
  clock network delay (ideal)              0.00      20.00
  clock uncertainty                       -0.20      19.80
  B1/RegFile_reg[6][4]/CK (DFFRQX2M)       0.00      19.80 r
  library setup time                      -0.31      19.49
  data required time                                 19.49
  -----------------------------------------------------------
  data required time                                 19.49
  data arrival time                                  -3.56
  -----------------------------------------------------------
  slack (MET)                                        15.93


  Startpoint: B5/enable_pulse_reg
              (rising edge-triggered flip-flop clocked by REF_CLK)
  Endpoint: B1/RegFile_reg[6][3]
            (rising edge-triggered flip-flop clocked by REF_CLK)
  Path Group: REF_CLK
  Path Type: max

  Point                                    Incr       Path
  -----------------------------------------------------------
  clock REF_CLK (rise edge)                0.00       0.00
  clock network delay (ideal)              0.00       0.00
  B5/enable_pulse_reg/CK (DFFRQX2M)        0.00       0.00 r
  B5/enable_pulse_reg/Q (DFFRQX2M)         0.53       0.53 f
  B5/enable_pulse (DATA_SYNC)              0.00       0.53 f
  B0/SYNC_VALID (SYS_CTRL)                 0.00       0.53 f
  B0/U46/Y (INVX2M)                        0.30       0.82 r
  B0/U52/Y (NAND2X2M)                      0.13       0.96 f
  B0/U16/Y (OAI21X2M)                      0.09       1.05 r
  B0/U49/Y (MX4X1M)                        0.25       1.30 r
  B0/U47/Y (MX3X1M)                        0.24       1.55 r
  B0/Addr[0] (SYS_CTRL)                    0.00       1.55 r
  U18/Y (BUFX2M)                           0.87       2.42 r
  B1/Address[0] (RegFile)                  0.00       2.42 r
  B1/U48/Y (INVX2M)                        0.22       2.64 f
  B1/U23/Y (INVX2M)                        0.35       2.99 r
  B1/U24/Y (NOR2BX2M)                      0.15       3.14 f
  B1/U41/Y (NAND2X2M)                      0.23       3.37 r
  B1/U135/Y (OAI2BB2X1M)                   0.19       3.56 r
  B1/RegFile_reg[6][3]/D (DFFRQX2M)        0.00       3.56 r
  data arrival time                                   3.56

  clock REF_CLK (rise edge)               20.00      20.00
  clock network delay (ideal)              0.00      20.00
  clock uncertainty                       -0.20      19.80
  B1/RegFile_reg[6][3]/CK (DFFRQX2M)       0.00      19.80 r
  library setup time                      -0.31      19.49
  data required time                                 19.49
  -----------------------------------------------------------
  data required time                                 19.49
  data arrival time                                  -3.56
  -----------------------------------------------------------
  slack (MET)                                        15.93


  Startpoint: B5/enable_pulse_reg
              (rising edge-triggered flip-flop clocked by REF_CLK)
  Endpoint: B1/RegFile_reg[6][2]
            (rising edge-triggered flip-flop clocked by REF_CLK)
  Path Group: REF_CLK
  Path Type: max

  Point                                    Incr       Path
  -----------------------------------------------------------
  clock REF_CLK (rise edge)                0.00       0.00
  clock network delay (ideal)              0.00       0.00
  B5/enable_pulse_reg/CK (DFFRQX2M)        0.00       0.00 r
  B5/enable_pulse_reg/Q (DFFRQX2M)         0.53       0.53 f
  B5/enable_pulse (DATA_SYNC)              0.00       0.53 f
  B0/SYNC_VALID (SYS_CTRL)                 0.00       0.53 f
  B0/U46/Y (INVX2M)                        0.30       0.82 r
  B0/U52/Y (NAND2X2M)                      0.13       0.96 f
  B0/U16/Y (OAI21X2M)                      0.09       1.05 r
  B0/U49/Y (MX4X1M)                        0.25       1.30 r
  B0/U47/Y (MX3X1M)                        0.24       1.55 r
  B0/Addr[0] (SYS_CTRL)                    0.00       1.55 r
  U18/Y (BUFX2M)                           0.87       2.42 r
  B1/Address[0] (RegFile)                  0.00       2.42 r
  B1/U48/Y (INVX2M)                        0.22       2.64 f
  B1/U23/Y (INVX2M)                        0.35       2.99 r
  B1/U24/Y (NOR2BX2M)                      0.15       3.14 f
  B1/U41/Y (NAND2X2M)                      0.23       3.37 r
  B1/U134/Y (OAI2BB2X1M)                   0.19       3.56 r
  B1/RegFile_reg[6][2]/D (DFFRQX2M)        0.00       3.56 r
  data arrival time                                   3.56

  clock REF_CLK (rise edge)               20.00      20.00
  clock network delay (ideal)              0.00      20.00
  clock uncertainty                       -0.20      19.80
  B1/RegFile_reg[6][2]/CK (DFFRQX2M)       0.00      19.80 r
  library setup time                      -0.31      19.49
  data required time                                 19.49
  -----------------------------------------------------------
  data required time                                 19.49
  data arrival time                                  -3.56
  -----------------------------------------------------------
  slack (MET)                                        15.93


  Startpoint: B5/enable_pulse_reg
              (rising edge-triggered flip-flop clocked by REF_CLK)
  Endpoint: B1/RegFile_reg[6][1]
            (rising edge-triggered flip-flop clocked by REF_CLK)
  Path Group: REF_CLK
  Path Type: max

  Point                                    Incr       Path
  -----------------------------------------------------------
  clock REF_CLK (rise edge)                0.00       0.00
  clock network delay (ideal)              0.00       0.00
  B5/enable_pulse_reg/CK (DFFRQX2M)        0.00       0.00 r
  B5/enable_pulse_reg/Q (DFFRQX2M)         0.53       0.53 f
  B5/enable_pulse (DATA_SYNC)              0.00       0.53 f
  B0/SYNC_VALID (SYS_CTRL)                 0.00       0.53 f
  B0/U46/Y (INVX2M)                        0.30       0.82 r
  B0/U52/Y (NAND2X2M)                      0.13       0.96 f
  B0/U16/Y (OAI21X2M)                      0.09       1.05 r
  B0/U49/Y (MX4X1M)                        0.25       1.30 r
  B0/U47/Y (MX3X1M)                        0.24       1.55 r
  B0/Addr[0] (SYS_CTRL)                    0.00       1.55 r
  U18/Y (BUFX2M)                           0.87       2.42 r
  B1/Address[0] (RegFile)                  0.00       2.42 r
  B1/U48/Y (INVX2M)                        0.22       2.64 f
  B1/U23/Y (INVX2M)                        0.35       2.99 r
  B1/U24/Y (NOR2BX2M)                      0.15       3.14 f
  B1/U41/Y (NAND2X2M)                      0.23       3.37 r
  B1/U133/Y (OAI2BB2X1M)                   0.19       3.56 r
  B1/RegFile_reg[6][1]/D (DFFRQX2M)        0.00       3.56 r
  data arrival time                                   3.56

  clock REF_CLK (rise edge)               20.00      20.00
  clock network delay (ideal)              0.00      20.00
  clock uncertainty                       -0.20      19.80
  B1/RegFile_reg[6][1]/CK (DFFRQX2M)       0.00      19.80 r
  library setup time                      -0.31      19.49
  data required time                                 19.49
  -----------------------------------------------------------
  data required time                                 19.49
  data arrival time                                  -3.56
  -----------------------------------------------------------
  slack (MET)                                        15.93


  Startpoint: B5/enable_pulse_reg
              (rising edge-triggered flip-flop clocked by REF_CLK)
  Endpoint: B1/RegFile_reg[6][0]
            (rising edge-triggered flip-flop clocked by REF_CLK)
  Path Group: REF_CLK
  Path Type: max

  Point                                    Incr       Path
  -----------------------------------------------------------
  clock REF_CLK (rise edge)                0.00       0.00
  clock network delay (ideal)              0.00       0.00
  B5/enable_pulse_reg/CK (DFFRQX2M)        0.00       0.00 r
  B5/enable_pulse_reg/Q (DFFRQX2M)         0.53       0.53 f
  B5/enable_pulse (DATA_SYNC)              0.00       0.53 f
  B0/SYNC_VALID (SYS_CTRL)                 0.00       0.53 f
  B0/U46/Y (INVX2M)                        0.30       0.82 r
  B0/U52/Y (NAND2X2M)                      0.13       0.96 f
  B0/U16/Y (OAI21X2M)                      0.09       1.05 r
  B0/U49/Y (MX4X1M)                        0.25       1.30 r
  B0/U47/Y (MX3X1M)                        0.24       1.55 r
  B0/Addr[0] (SYS_CTRL)                    0.00       1.55 r
  U18/Y (BUFX2M)                           0.87       2.42 r
  B1/Address[0] (RegFile)                  0.00       2.42 r
  B1/U48/Y (INVX2M)                        0.22       2.64 f
  B1/U23/Y (INVX2M)                        0.35       2.99 r
  B1/U24/Y (NOR2BX2M)                      0.15       3.14 f
  B1/U41/Y (NAND2X2M)                      0.23       3.37 r
  B1/U132/Y (OAI2BB2X1M)                   0.19       3.56 r
  B1/RegFile_reg[6][0]/D (DFFRQX2M)        0.00       3.56 r
  data arrival time                                   3.56

  clock REF_CLK (rise edge)               20.00      20.00
  clock network delay (ideal)              0.00      20.00
  clock uncertainty                       -0.20      19.80
  B1/RegFile_reg[6][0]/CK (DFFRQX2M)       0.00      19.80 r
  library setup time                      -0.31      19.49
  data required time                                 19.49
  -----------------------------------------------------------
  data required time                                 19.49
  data arrival time                                  -3.56
  -----------------------------------------------------------
  slack (MET)                                        15.93


  Startpoint: B5/enable_pulse_reg
              (rising edge-triggered flip-flop clocked by REF_CLK)
  Endpoint: B1/RegFile_reg[10][7]
            (rising edge-triggered flip-flop clocked by REF_CLK)
  Path Group: REF_CLK
  Path Type: max

  Point                                    Incr       Path
  -----------------------------------------------------------
  clock REF_CLK (rise edge)                0.00       0.00
  clock network delay (ideal)              0.00       0.00
  B5/enable_pulse_reg/CK (DFFRQX2M)        0.00       0.00 r
  B5/enable_pulse_reg/Q (DFFRQX2M)         0.53       0.53 f
  B5/enable_pulse (DATA_SYNC)              0.00       0.53 f
  B0/SYNC_VALID (SYS_CTRL)                 0.00       0.53 f
  B0/U46/Y (INVX2M)                        0.30       0.82 r
  B0/U52/Y (NAND2X2M)                      0.13       0.96 f
  B0/U16/Y (OAI21X2M)                      0.09       1.05 r
  B0/U49/Y (MX4X1M)                        0.25       1.30 r
  B0/U47/Y (MX3X1M)                        0.24       1.55 r
  B0/Addr[0] (SYS_CTRL)                    0.00       1.55 r
  U18/Y (BUFX2M)                           0.87       2.42 r
  B1/Address[0] (RegFile)                  0.00       2.42 r
  B1/U48/Y (INVX2M)                        0.22       2.64 f
  B1/U23/Y (INVX2M)                        0.35       2.99 r
  B1/U26/Y (NOR2BX2M)                      0.16       3.14 f
  B1/U31/Y (NAND2X2M)                      0.23       3.37 r
  B1/U184/Y (OAI2BB2X1M)                   0.19       3.56 r
  B1/RegFile_reg[10][7]/D (DFFRQX2M)       0.00       3.56 r
  data arrival time                                   3.56

  clock REF_CLK (rise edge)               20.00      20.00
  clock network delay (ideal)              0.00      20.00
  clock uncertainty                       -0.20      19.80
  B1/RegFile_reg[10][7]/CK (DFFRQX2M)      0.00      19.80 r
  library setup time                      -0.31      19.49
  data required time                                 19.49
  -----------------------------------------------------------
  data required time                                 19.49
  data arrival time                                  -3.56
  -----------------------------------------------------------
  slack (MET)                                        15.93


  Startpoint: B5/enable_pulse_reg
              (rising edge-triggered flip-flop clocked by REF_CLK)
  Endpoint: B1/RegFile_reg[10][6]
            (rising edge-triggered flip-flop clocked by REF_CLK)
  Path Group: REF_CLK
  Path Type: max

  Point                                    Incr       Path
  -----------------------------------------------------------
  clock REF_CLK (rise edge)                0.00       0.00
  clock network delay (ideal)              0.00       0.00
  B5/enable_pulse_reg/CK (DFFRQX2M)        0.00       0.00 r
  B5/enable_pulse_reg/Q (DFFRQX2M)         0.53       0.53 f
  B5/enable_pulse (DATA_SYNC)              0.00       0.53 f
  B0/SYNC_VALID (SYS_CTRL)                 0.00       0.53 f
  B0/U46/Y (INVX2M)                        0.30       0.82 r
  B0/U52/Y (NAND2X2M)                      0.13       0.96 f
  B0/U16/Y (OAI21X2M)                      0.09       1.05 r
  B0/U49/Y (MX4X1M)                        0.25       1.30 r
  B0/U47/Y (MX3X1M)                        0.24       1.55 r
  B0/Addr[0] (SYS_CTRL)                    0.00       1.55 r
  U18/Y (BUFX2M)                           0.87       2.42 r
  B1/Address[0] (RegFile)                  0.00       2.42 r
  B1/U48/Y (INVX2M)                        0.22       2.64 f
  B1/U23/Y (INVX2M)                        0.35       2.99 r
  B1/U26/Y (NOR2BX2M)                      0.16       3.14 f
  B1/U31/Y (NAND2X2M)                      0.23       3.37 r
  B1/U183/Y (OAI2BB2X1M)                   0.19       3.56 r
  B1/RegFile_reg[10][6]/D (DFFRQX2M)       0.00       3.56 r
  data arrival time                                   3.56

  clock REF_CLK (rise edge)               20.00      20.00
  clock network delay (ideal)              0.00      20.00
  clock uncertainty                       -0.20      19.80
  B1/RegFile_reg[10][6]/CK (DFFRQX2M)      0.00      19.80 r
  library setup time                      -0.31      19.49
  data required time                                 19.49
  -----------------------------------------------------------
  data required time                                 19.49
  data arrival time                                  -3.56
  -----------------------------------------------------------
  slack (MET)                                        15.93


  Startpoint: B5/enable_pulse_reg
              (rising edge-triggered flip-flop clocked by REF_CLK)
  Endpoint: B1/RegFile_reg[10][5]
            (rising edge-triggered flip-flop clocked by REF_CLK)
  Path Group: REF_CLK
  Path Type: max

  Point                                    Incr       Path
  -----------------------------------------------------------
  clock REF_CLK (rise edge)                0.00       0.00
  clock network delay (ideal)              0.00       0.00
  B5/enable_pulse_reg/CK (DFFRQX2M)        0.00       0.00 r
  B5/enable_pulse_reg/Q (DFFRQX2M)         0.53       0.53 f
  B5/enable_pulse (DATA_SYNC)              0.00       0.53 f
  B0/SYNC_VALID (SYS_CTRL)                 0.00       0.53 f
  B0/U46/Y (INVX2M)                        0.30       0.82 r
  B0/U52/Y (NAND2X2M)                      0.13       0.96 f
  B0/U16/Y (OAI21X2M)                      0.09       1.05 r
  B0/U49/Y (MX4X1M)                        0.25       1.30 r
  B0/U47/Y (MX3X1M)                        0.24       1.55 r
  B0/Addr[0] (SYS_CTRL)                    0.00       1.55 r
  U18/Y (BUFX2M)                           0.87       2.42 r
  B1/Address[0] (RegFile)                  0.00       2.42 r
  B1/U48/Y (INVX2M)                        0.22       2.64 f
  B1/U23/Y (INVX2M)                        0.35       2.99 r
  B1/U26/Y (NOR2BX2M)                      0.16       3.14 f
  B1/U31/Y (NAND2X2M)                      0.23       3.37 r
  B1/U182/Y (OAI2BB2X1M)                   0.19       3.56 r
  B1/RegFile_reg[10][5]/D (DFFRQX2M)       0.00       3.56 r
  data arrival time                                   3.56

  clock REF_CLK (rise edge)               20.00      20.00
  clock network delay (ideal)              0.00      20.00
  clock uncertainty                       -0.20      19.80
  B1/RegFile_reg[10][5]/CK (DFFRQX2M)      0.00      19.80 r
  library setup time                      -0.31      19.49
  data required time                                 19.49
  -----------------------------------------------------------
  data required time                                 19.49
  data arrival time                                  -3.56
  -----------------------------------------------------------
  slack (MET)                                        15.93


  Startpoint: B5/enable_pulse_reg
              (rising edge-triggered flip-flop clocked by REF_CLK)
  Endpoint: B1/RegFile_reg[10][4]
            (rising edge-triggered flip-flop clocked by REF_CLK)
  Path Group: REF_CLK
  Path Type: max

  Point                                    Incr       Path
  -----------------------------------------------------------
  clock REF_CLK (rise edge)                0.00       0.00
  clock network delay (ideal)              0.00       0.00
  B5/enable_pulse_reg/CK (DFFRQX2M)        0.00       0.00 r
  B5/enable_pulse_reg/Q (DFFRQX2M)         0.53       0.53 f
  B5/enable_pulse (DATA_SYNC)              0.00       0.53 f
  B0/SYNC_VALID (SYS_CTRL)                 0.00       0.53 f
  B0/U46/Y (INVX2M)                        0.30       0.82 r
  B0/U52/Y (NAND2X2M)                      0.13       0.96 f
  B0/U16/Y (OAI21X2M)                      0.09       1.05 r
  B0/U49/Y (MX4X1M)                        0.25       1.30 r
  B0/U47/Y (MX3X1M)                        0.24       1.55 r
  B0/Addr[0] (SYS_CTRL)                    0.00       1.55 r
  U18/Y (BUFX2M)                           0.87       2.42 r
  B1/Address[0] (RegFile)                  0.00       2.42 r
  B1/U48/Y (INVX2M)                        0.22       2.64 f
  B1/U23/Y (INVX2M)                        0.35       2.99 r
  B1/U26/Y (NOR2BX2M)                      0.16       3.14 f
  B1/U31/Y (NAND2X2M)                      0.23       3.37 r
  B1/U181/Y (OAI2BB2X1M)                   0.19       3.56 r
  B1/RegFile_reg[10][4]/D (DFFRQX2M)       0.00       3.56 r
  data arrival time                                   3.56

  clock REF_CLK (rise edge)               20.00      20.00
  clock network delay (ideal)              0.00      20.00
  clock uncertainty                       -0.20      19.80
  B1/RegFile_reg[10][4]/CK (DFFRQX2M)      0.00      19.80 r
  library setup time                      -0.31      19.49
  data required time                                 19.49
  -----------------------------------------------------------
  data required time                                 19.49
  data arrival time                                  -3.56
  -----------------------------------------------------------
  slack (MET)                                        15.93


  Startpoint: B5/enable_pulse_reg
              (rising edge-triggered flip-flop clocked by REF_CLK)
  Endpoint: B1/RegFile_reg[10][3]
            (rising edge-triggered flip-flop clocked by REF_CLK)
  Path Group: REF_CLK
  Path Type: max

  Point                                    Incr       Path
  -----------------------------------------------------------
  clock REF_CLK (rise edge)                0.00       0.00
  clock network delay (ideal)              0.00       0.00
  B5/enable_pulse_reg/CK (DFFRQX2M)        0.00       0.00 r
  B5/enable_pulse_reg/Q (DFFRQX2M)         0.53       0.53 f
  B5/enable_pulse (DATA_SYNC)              0.00       0.53 f
  B0/SYNC_VALID (SYS_CTRL)                 0.00       0.53 f
  B0/U46/Y (INVX2M)                        0.30       0.82 r
  B0/U52/Y (NAND2X2M)                      0.13       0.96 f
  B0/U16/Y (OAI21X2M)                      0.09       1.05 r
  B0/U49/Y (MX4X1M)                        0.25       1.30 r
  B0/U47/Y (MX3X1M)                        0.24       1.55 r
  B0/Addr[0] (SYS_CTRL)                    0.00       1.55 r
  U18/Y (BUFX2M)                           0.87       2.42 r
  B1/Address[0] (RegFile)                  0.00       2.42 r
  B1/U48/Y (INVX2M)                        0.22       2.64 f
  B1/U23/Y (INVX2M)                        0.35       2.99 r
  B1/U26/Y (NOR2BX2M)                      0.16       3.14 f
  B1/U31/Y (NAND2X2M)                      0.23       3.37 r
  B1/U180/Y (OAI2BB2X1M)                   0.19       3.56 r
  B1/RegFile_reg[10][3]/D (DFFRQX2M)       0.00       3.56 r
  data arrival time                                   3.56

  clock REF_CLK (rise edge)               20.00      20.00
  clock network delay (ideal)              0.00      20.00
  clock uncertainty                       -0.20      19.80
  B1/RegFile_reg[10][3]/CK (DFFRQX2M)      0.00      19.80 r
  library setup time                      -0.31      19.49
  data required time                                 19.49
  -----------------------------------------------------------
  data required time                                 19.49
  data arrival time                                  -3.56
  -----------------------------------------------------------
  slack (MET)                                        15.93


  Startpoint: B5/enable_pulse_reg
              (rising edge-triggered flip-flop clocked by REF_CLK)
  Endpoint: B1/RegFile_reg[10][2]
            (rising edge-triggered flip-flop clocked by REF_CLK)
  Path Group: REF_CLK
  Path Type: max

  Point                                    Incr       Path
  -----------------------------------------------------------
  clock REF_CLK (rise edge)                0.00       0.00
  clock network delay (ideal)              0.00       0.00
  B5/enable_pulse_reg/CK (DFFRQX2M)        0.00       0.00 r
  B5/enable_pulse_reg/Q (DFFRQX2M)         0.53       0.53 f
  B5/enable_pulse (DATA_SYNC)              0.00       0.53 f
  B0/SYNC_VALID (SYS_CTRL)                 0.00       0.53 f
  B0/U46/Y (INVX2M)                        0.30       0.82 r
  B0/U52/Y (NAND2X2M)                      0.13       0.96 f
  B0/U16/Y (OAI21X2M)                      0.09       1.05 r
  B0/U49/Y (MX4X1M)                        0.25       1.30 r
  B0/U47/Y (MX3X1M)                        0.24       1.55 r
  B0/Addr[0] (SYS_CTRL)                    0.00       1.55 r
  U18/Y (BUFX2M)                           0.87       2.42 r
  B1/Address[0] (RegFile)                  0.00       2.42 r
  B1/U48/Y (INVX2M)                        0.22       2.64 f
  B1/U23/Y (INVX2M)                        0.35       2.99 r
  B1/U26/Y (NOR2BX2M)                      0.16       3.14 f
  B1/U31/Y (NAND2X2M)                      0.23       3.37 r
  B1/U179/Y (OAI2BB2X1M)                   0.19       3.56 r
  B1/RegFile_reg[10][2]/D (DFFRQX2M)       0.00       3.56 r
  data arrival time                                   3.56

  clock REF_CLK (rise edge)               20.00      20.00
  clock network delay (ideal)              0.00      20.00
  clock uncertainty                       -0.20      19.80
  B1/RegFile_reg[10][2]/CK (DFFRQX2M)      0.00      19.80 r
  library setup time                      -0.31      19.49
  data required time                                 19.49
  -----------------------------------------------------------
  data required time                                 19.49
  data arrival time                                  -3.56
  -----------------------------------------------------------
  slack (MET)                                        15.93


  Startpoint: B5/enable_pulse_reg
              (rising edge-triggered flip-flop clocked by REF_CLK)
  Endpoint: B1/RegFile_reg[10][1]
            (rising edge-triggered flip-flop clocked by REF_CLK)
  Path Group: REF_CLK
  Path Type: max

  Point                                    Incr       Path
  -----------------------------------------------------------
  clock REF_CLK (rise edge)                0.00       0.00
  clock network delay (ideal)              0.00       0.00
  B5/enable_pulse_reg/CK (DFFRQX2M)        0.00       0.00 r
  B5/enable_pulse_reg/Q (DFFRQX2M)         0.53       0.53 f
  B5/enable_pulse (DATA_SYNC)              0.00       0.53 f
  B0/SYNC_VALID (SYS_CTRL)                 0.00       0.53 f
  B0/U46/Y (INVX2M)                        0.30       0.82 r
  B0/U52/Y (NAND2X2M)                      0.13       0.96 f
  B0/U16/Y (OAI21X2M)                      0.09       1.05 r
  B0/U49/Y (MX4X1M)                        0.25       1.30 r
  B0/U47/Y (MX3X1M)                        0.24       1.55 r
  B0/Addr[0] (SYS_CTRL)                    0.00       1.55 r
  U18/Y (BUFX2M)                           0.87       2.42 r
  B1/Address[0] (RegFile)                  0.00       2.42 r
  B1/U48/Y (INVX2M)                        0.22       2.64 f
  B1/U23/Y (INVX2M)                        0.35       2.99 r
  B1/U26/Y (NOR2BX2M)                      0.16       3.14 f
  B1/U31/Y (NAND2X2M)                      0.23       3.37 r
  B1/U178/Y (OAI2BB2X1M)                   0.19       3.56 r
  B1/RegFile_reg[10][1]/D (DFFRQX2M)       0.00       3.56 r
  data arrival time                                   3.56

  clock REF_CLK (rise edge)               20.00      20.00
  clock network delay (ideal)              0.00      20.00
  clock uncertainty                       -0.20      19.80
  B1/RegFile_reg[10][1]/CK (DFFRQX2M)      0.00      19.80 r
  library setup time                      -0.31      19.49
  data required time                                 19.49
  -----------------------------------------------------------
  data required time                                 19.49
  data arrival time                                  -3.56
  -----------------------------------------------------------
  slack (MET)                                        15.93


  Startpoint: B5/enable_pulse_reg
              (rising edge-triggered flip-flop clocked by REF_CLK)
  Endpoint: B1/RegFile_reg[10][0]
            (rising edge-triggered flip-flop clocked by REF_CLK)
  Path Group: REF_CLK
  Path Type: max

  Point                                    Incr       Path
  -----------------------------------------------------------
  clock REF_CLK (rise edge)                0.00       0.00
  clock network delay (ideal)              0.00       0.00
  B5/enable_pulse_reg/CK (DFFRQX2M)        0.00       0.00 r
  B5/enable_pulse_reg/Q (DFFRQX2M)         0.53       0.53 f
  B5/enable_pulse (DATA_SYNC)              0.00       0.53 f
  B0/SYNC_VALID (SYS_CTRL)                 0.00       0.53 f
  B0/U46/Y (INVX2M)                        0.30       0.82 r
  B0/U52/Y (NAND2X2M)                      0.13       0.96 f
  B0/U16/Y (OAI21X2M)                      0.09       1.05 r
  B0/U49/Y (MX4X1M)                        0.25       1.30 r
  B0/U47/Y (MX3X1M)                        0.24       1.55 r
  B0/Addr[0] (SYS_CTRL)                    0.00       1.55 r
  U18/Y (BUFX2M)                           0.87       2.42 r
  B1/Address[0] (RegFile)                  0.00       2.42 r
  B1/U48/Y (INVX2M)                        0.22       2.64 f
  B1/U23/Y (INVX2M)                        0.35       2.99 r
  B1/U26/Y (NOR2BX2M)                      0.16       3.14 f
  B1/U31/Y (NAND2X2M)                      0.23       3.37 r
  B1/U177/Y (OAI2BB2X1M)                   0.19       3.56 r
  B1/RegFile_reg[10][0]/D (DFFRQX2M)       0.00       3.56 r
  data arrival time                                   3.56

  clock REF_CLK (rise edge)               20.00      20.00
  clock network delay (ideal)              0.00      20.00
  clock uncertainty                       -0.20      19.80
  B1/RegFile_reg[10][0]/CK (DFFRQX2M)      0.00      19.80 r
  library setup time                      -0.31      19.49
  data required time                                 19.49
  -----------------------------------------------------------
  data required time                                 19.49
  data arrival time                                  -3.56
  -----------------------------------------------------------
  slack (MET)                                        15.93


  Startpoint: B5/enable_pulse_reg
              (rising edge-triggered flip-flop clocked by REF_CLK)
  Endpoint: B1/RegFile_reg[14][5]
            (rising edge-triggered flip-flop clocked by REF_CLK)
  Path Group: REF_CLK
  Path Type: max

  Point                                    Incr       Path
  -----------------------------------------------------------
  clock REF_CLK (rise edge)                0.00       0.00
  clock network delay (ideal)              0.00       0.00
  B5/enable_pulse_reg/CK (DFFRQX2M)        0.00       0.00 r
  B5/enable_pulse_reg/Q (DFFRQX2M)         0.53       0.53 f
  B5/enable_pulse (DATA_SYNC)              0.00       0.53 f
  B0/SYNC_VALID (SYS_CTRL)                 0.00       0.53 f
  B0/U46/Y (INVX2M)                        0.30       0.82 r
  B0/U52/Y (NAND2X2M)                      0.13       0.96 f
  B0/U16/Y (OAI21X2M)                      0.09       1.05 r
  B0/U49/Y (MX4X1M)                        0.25       1.30 r
  B0/U47/Y (MX3X1M)                        0.24       1.55 r
  B0/Addr[0] (SYS_CTRL)                    0.00       1.55 r
  U18/Y (BUFX2M)                           0.87       2.42 r
  B1/Address[0] (RegFile)                  0.00       2.42 r
  B1/U48/Y (INVX2M)                        0.22       2.64 f
  B1/U23/Y (INVX2M)                        0.35       2.99 r
  B1/U26/Y (NOR2BX2M)                      0.16       3.14 f
  B1/U36/Y (NAND2X2M)                      0.23       3.37 r
  B1/U214/Y (OAI2BB2X1M)                   0.19       3.56 r
  B1/RegFile_reg[14][5]/D (DFFRQX2M)       0.00       3.56 r
  data arrival time                                   3.56

  clock REF_CLK (rise edge)               20.00      20.00
  clock network delay (ideal)              0.00      20.00
  clock uncertainty                       -0.20      19.80
  B1/RegFile_reg[14][5]/CK (DFFRQX2M)      0.00      19.80 r
  library setup time                      -0.31      19.49
  data required time                                 19.49
  -----------------------------------------------------------
  data required time                                 19.49
  data arrival time                                  -3.56
  -----------------------------------------------------------
  slack (MET)                                        15.93


  Startpoint: B5/enable_pulse_reg
              (rising edge-triggered flip-flop clocked by REF_CLK)
  Endpoint: B1/RegFile_reg[14][4]
            (rising edge-triggered flip-flop clocked by REF_CLK)
  Path Group: REF_CLK
  Path Type: max

  Point                                    Incr       Path
  -----------------------------------------------------------
  clock REF_CLK (rise edge)                0.00       0.00
  clock network delay (ideal)              0.00       0.00
  B5/enable_pulse_reg/CK (DFFRQX2M)        0.00       0.00 r
  B5/enable_pulse_reg/Q (DFFRQX2M)         0.53       0.53 f
  B5/enable_pulse (DATA_SYNC)              0.00       0.53 f
  B0/SYNC_VALID (SYS_CTRL)                 0.00       0.53 f
  B0/U46/Y (INVX2M)                        0.30       0.82 r
  B0/U52/Y (NAND2X2M)                      0.13       0.96 f
  B0/U16/Y (OAI21X2M)                      0.09       1.05 r
  B0/U49/Y (MX4X1M)                        0.25       1.30 r
  B0/U47/Y (MX3X1M)                        0.24       1.55 r
  B0/Addr[0] (SYS_CTRL)                    0.00       1.55 r
  U18/Y (BUFX2M)                           0.87       2.42 r
  B1/Address[0] (RegFile)                  0.00       2.42 r
  B1/U48/Y (INVX2M)                        0.22       2.64 f
  B1/U23/Y (INVX2M)                        0.35       2.99 r
  B1/U26/Y (NOR2BX2M)                      0.16       3.14 f
  B1/U36/Y (NAND2X2M)                      0.23       3.37 r
  B1/U213/Y (OAI2BB2X1M)                   0.19       3.56 r
  B1/RegFile_reg[14][4]/D (DFFRQX2M)       0.00       3.56 r
  data arrival time                                   3.56

  clock REF_CLK (rise edge)               20.00      20.00
  clock network delay (ideal)              0.00      20.00
  clock uncertainty                       -0.20      19.80
  B1/RegFile_reg[14][4]/CK (DFFRQX2M)      0.00      19.80 r
  library setup time                      -0.31      19.49
  data required time                                 19.49
  -----------------------------------------------------------
  data required time                                 19.49
  data arrival time                                  -3.56
  -----------------------------------------------------------
  slack (MET)                                        15.93


  Startpoint: B5/enable_pulse_reg
              (rising edge-triggered flip-flop clocked by REF_CLK)
  Endpoint: B1/RegFile_reg[14][3]
            (rising edge-triggered flip-flop clocked by REF_CLK)
  Path Group: REF_CLK
  Path Type: max

  Point                                    Incr       Path
  -----------------------------------------------------------
  clock REF_CLK (rise edge)                0.00       0.00
  clock network delay (ideal)              0.00       0.00
  B5/enable_pulse_reg/CK (DFFRQX2M)        0.00       0.00 r
  B5/enable_pulse_reg/Q (DFFRQX2M)         0.53       0.53 f
  B5/enable_pulse (DATA_SYNC)              0.00       0.53 f
  B0/SYNC_VALID (SYS_CTRL)                 0.00       0.53 f
  B0/U46/Y (INVX2M)                        0.30       0.82 r
  B0/U52/Y (NAND2X2M)                      0.13       0.96 f
  B0/U16/Y (OAI21X2M)                      0.09       1.05 r
  B0/U49/Y (MX4X1M)                        0.25       1.30 r
  B0/U47/Y (MX3X1M)                        0.24       1.55 r
  B0/Addr[0] (SYS_CTRL)                    0.00       1.55 r
  U18/Y (BUFX2M)                           0.87       2.42 r
  B1/Address[0] (RegFile)                  0.00       2.42 r
  B1/U48/Y (INVX2M)                        0.22       2.64 f
  B1/U23/Y (INVX2M)                        0.35       2.99 r
  B1/U26/Y (NOR2BX2M)                      0.16       3.14 f
  B1/U36/Y (NAND2X2M)                      0.23       3.37 r
  B1/U212/Y (OAI2BB2X1M)                   0.19       3.56 r
  B1/RegFile_reg[14][3]/D (DFFRQX2M)       0.00       3.56 r
  data arrival time                                   3.56

  clock REF_CLK (rise edge)               20.00      20.00
  clock network delay (ideal)              0.00      20.00
  clock uncertainty                       -0.20      19.80
  B1/RegFile_reg[14][3]/CK (DFFRQX2M)      0.00      19.80 r
  library setup time                      -0.31      19.49
  data required time                                 19.49
  -----------------------------------------------------------
  data required time                                 19.49
  data arrival time                                  -3.56
  -----------------------------------------------------------
  slack (MET)                                        15.93


  Startpoint: B5/enable_pulse_reg
              (rising edge-triggered flip-flop clocked by REF_CLK)
  Endpoint: B1/RegFile_reg[14][2]
            (rising edge-triggered flip-flop clocked by REF_CLK)
  Path Group: REF_CLK
  Path Type: max

  Point                                    Incr       Path
  -----------------------------------------------------------
  clock REF_CLK (rise edge)                0.00       0.00
  clock network delay (ideal)              0.00       0.00
  B5/enable_pulse_reg/CK (DFFRQX2M)        0.00       0.00 r
  B5/enable_pulse_reg/Q (DFFRQX2M)         0.53       0.53 f
  B5/enable_pulse (DATA_SYNC)              0.00       0.53 f
  B0/SYNC_VALID (SYS_CTRL)                 0.00       0.53 f
  B0/U46/Y (INVX2M)                        0.30       0.82 r
  B0/U52/Y (NAND2X2M)                      0.13       0.96 f
  B0/U16/Y (OAI21X2M)                      0.09       1.05 r
  B0/U49/Y (MX4X1M)                        0.25       1.30 r
  B0/U47/Y (MX3X1M)                        0.24       1.55 r
  B0/Addr[0] (SYS_CTRL)                    0.00       1.55 r
  U18/Y (BUFX2M)                           0.87       2.42 r
  B1/Address[0] (RegFile)                  0.00       2.42 r
  B1/U48/Y (INVX2M)                        0.22       2.64 f
  B1/U23/Y (INVX2M)                        0.35       2.99 r
  B1/U26/Y (NOR2BX2M)                      0.16       3.14 f
  B1/U36/Y (NAND2X2M)                      0.23       3.37 r
  B1/U211/Y (OAI2BB2X1M)                   0.19       3.56 r
  B1/RegFile_reg[14][2]/D (DFFRQX2M)       0.00       3.56 r
  data arrival time                                   3.56

  clock REF_CLK (rise edge)               20.00      20.00
  clock network delay (ideal)              0.00      20.00
  clock uncertainty                       -0.20      19.80
  B1/RegFile_reg[14][2]/CK (DFFRQX2M)      0.00      19.80 r
  library setup time                      -0.31      19.49
  data required time                                 19.49
  -----------------------------------------------------------
  data required time                                 19.49
  data arrival time                                  -3.56
  -----------------------------------------------------------
  slack (MET)                                        15.93


  Startpoint: B5/enable_pulse_reg
              (rising edge-triggered flip-flop clocked by REF_CLK)
  Endpoint: B1/RegFile_reg[14][1]
            (rising edge-triggered flip-flop clocked by REF_CLK)
  Path Group: REF_CLK
  Path Type: max

  Point                                    Incr       Path
  -----------------------------------------------------------
  clock REF_CLK (rise edge)                0.00       0.00
  clock network delay (ideal)              0.00       0.00
  B5/enable_pulse_reg/CK (DFFRQX2M)        0.00       0.00 r
  B5/enable_pulse_reg/Q (DFFRQX2M)         0.53       0.53 f
  B5/enable_pulse (DATA_SYNC)              0.00       0.53 f
  B0/SYNC_VALID (SYS_CTRL)                 0.00       0.53 f
  B0/U46/Y (INVX2M)                        0.30       0.82 r
  B0/U52/Y (NAND2X2M)                      0.13       0.96 f
  B0/U16/Y (OAI21X2M)                      0.09       1.05 r
  B0/U49/Y (MX4X1M)                        0.25       1.30 r
  B0/U47/Y (MX3X1M)                        0.24       1.55 r
  B0/Addr[0] (SYS_CTRL)                    0.00       1.55 r
  U18/Y (BUFX2M)                           0.87       2.42 r
  B1/Address[0] (RegFile)                  0.00       2.42 r
  B1/U48/Y (INVX2M)                        0.22       2.64 f
  B1/U23/Y (INVX2M)                        0.35       2.99 r
  B1/U26/Y (NOR2BX2M)                      0.16       3.14 f
  B1/U36/Y (NAND2X2M)                      0.23       3.37 r
  B1/U210/Y (OAI2BB2X1M)                   0.19       3.56 r
  B1/RegFile_reg[14][1]/D (DFFRQX2M)       0.00       3.56 r
  data arrival time                                   3.56

  clock REF_CLK (rise edge)               20.00      20.00
  clock network delay (ideal)              0.00      20.00
  clock uncertainty                       -0.20      19.80
  B1/RegFile_reg[14][1]/CK (DFFRQX2M)      0.00      19.80 r
  library setup time                      -0.31      19.49
  data required time                                 19.49
  -----------------------------------------------------------
  data required time                                 19.49
  data arrival time                                  -3.56
  -----------------------------------------------------------
  slack (MET)                                        15.93


  Startpoint: B5/enable_pulse_reg
              (rising edge-triggered flip-flop clocked by REF_CLK)
  Endpoint: B1/RegFile_reg[14][0]
            (rising edge-triggered flip-flop clocked by REF_CLK)
  Path Group: REF_CLK
  Path Type: max

  Point                                    Incr       Path
  -----------------------------------------------------------
  clock REF_CLK (rise edge)                0.00       0.00
  clock network delay (ideal)              0.00       0.00
  B5/enable_pulse_reg/CK (DFFRQX2M)        0.00       0.00 r
  B5/enable_pulse_reg/Q (DFFRQX2M)         0.53       0.53 f
  B5/enable_pulse (DATA_SYNC)              0.00       0.53 f
  B0/SYNC_VALID (SYS_CTRL)                 0.00       0.53 f
  B0/U46/Y (INVX2M)                        0.30       0.82 r
  B0/U52/Y (NAND2X2M)                      0.13       0.96 f
  B0/U16/Y (OAI21X2M)                      0.09       1.05 r
  B0/U49/Y (MX4X1M)                        0.25       1.30 r
  B0/U47/Y (MX3X1M)                        0.24       1.55 r
  B0/Addr[0] (SYS_CTRL)                    0.00       1.55 r
  U18/Y (BUFX2M)                           0.87       2.42 r
  B1/Address[0] (RegFile)                  0.00       2.42 r
  B1/U48/Y (INVX2M)                        0.22       2.64 f
  B1/U23/Y (INVX2M)                        0.35       2.99 r
  B1/U26/Y (NOR2BX2M)                      0.16       3.14 f
  B1/U36/Y (NAND2X2M)                      0.23       3.37 r
  B1/U209/Y (OAI2BB2X1M)                   0.19       3.56 r
  B1/RegFile_reg[14][0]/D (DFFRQX2M)       0.00       3.56 r
  data arrival time                                   3.56

  clock REF_CLK (rise edge)               20.00      20.00
  clock network delay (ideal)              0.00      20.00
  clock uncertainty                       -0.20      19.80
  B1/RegFile_reg[14][0]/CK (DFFRQX2M)      0.00      19.80 r
  library setup time                      -0.31      19.49
  data required time                                 19.49
  -----------------------------------------------------------
  data required time                                 19.49
  data arrival time                                  -3.56
  -----------------------------------------------------------
  slack (MET)                                        15.93


  Startpoint: B4/B0/B5/par_err_reg
              (rising edge-triggered flip-flop clocked by RX_CLK)
  Endpoint: Parity_Error
            (output port clocked by RX_CLK)
  Path Group: REGOUT
  Path Type: max

  Point                                                   Incr       Path
  --------------------------------------------------------------------------
  clock RX_CLK (rise edge)                                0.00       0.00
  clock network delay (ideal)                             0.00       0.00
  B4/B0/B5/par_err_reg/CK (DFFRX2M)                       0.00       0.00 r
  B4/B0/B5/par_err_reg/Q (DFFRX2M)                        1.03       1.03 r
  B4/B0/B5/par_err (ParityCheck)                          0.00       1.03 r
  B4/B0/Parity_Error (UART_RX_DATA_WIDTH8_scale_WIDTH6)
                                                          0.00       1.03 r
  B4/Parity_Error (UART_TOP)                              0.00       1.03 r
  Parity_Error (out)                                      0.00       1.03 r
  data arrival time                                                  1.03

  clock RX_CLK (rise edge)                              271.30     271.30
  clock network delay (ideal)                             0.00     271.30
  clock uncertainty                                      -0.20     271.10
  output external delay                                 -54.26     216.84
  data required time                                               216.84
  --------------------------------------------------------------------------
  data required time                                               216.84
  data arrival time                                                 -1.03
  --------------------------------------------------------------------------
  slack (MET)                                                      215.81


  Startpoint: B4/B0/B6/stp_err_reg
              (rising edge-triggered flip-flop clocked by RX_CLK)
  Endpoint: Stop_Error (output port clocked by RX_CLK)
  Path Group: REGOUT
  Path Type: max

  Point                                                   Incr       Path
  --------------------------------------------------------------------------
  clock RX_CLK (rise edge)                                0.00       0.00
  clock network delay (ideal)                             0.00       0.00
  B4/B0/B6/stp_err_reg/CK (DFFRX2M)                       0.00       0.00 r
  B4/B0/B6/stp_err_reg/Q (DFFRX2M)                        1.01       1.01 r
  B4/B0/B6/stp_err (StopCheck)                            0.00       1.01 r
  B4/B0/Stop_Error (UART_RX_DATA_WIDTH8_scale_WIDTH6)     0.00       1.01 r
  B4/Stop_Error (UART_TOP)                                0.00       1.01 r
  Stop_Error (out)                                        0.00       1.01 r
  data arrival time                                                  1.01

  clock RX_CLK (rise edge)                              271.30     271.30
  clock network delay (ideal)                             0.00     271.30
  clock uncertainty                                      -0.20     271.10
  output external delay                                 -54.26     216.84
  data required time                                               216.84
  --------------------------------------------------------------------------
  data required time                                               216.84
  data arrival time                                                 -1.01
  --------------------------------------------------------------------------
  slack (MET)                                                      215.82


  Startpoint: B4/B1/B4/TX_OUT_reg
              (rising edge-triggered flip-flop clocked by TX_CLK)
  Endpoint: TX_OUT (output port clocked by TX_CLK)
  Path Group: REGOUT
  Path Type: max

  Point                                    Incr       Path
  -----------------------------------------------------------
  clock TX_CLK (rise edge)                 0.00       0.00
  clock network delay (ideal)              0.00       0.00
  B4/B1/B4/TX_OUT_reg/CK (DFFSQX2M)        0.00       0.00 r
  B4/B1/B4/TX_OUT_reg/Q (DFFSQX2M)         0.90       0.90 r
  B4/B1/B4/TX_OUT (MUXX)                   0.00       0.90 r
  B4/B1/TX_OUT (UART_TX_DATA_WIDTH8)       0.00       0.90 r
  B4/TX_OUT (UART_TOP)                     0.00       0.90 r
  TX_OUT (out)                             0.00       0.90 r
  data arrival time                                   0.90

  clock TX_CLK (rise edge)              8681.50    8681.50
  clock network delay (ideal)              0.00    8681.50
  clock uncertainty                       -0.20    8681.30
  output external delay                -1736.30    6945.00
  data required time                               6945.00
  -----------------------------------------------------------
  data required time                               6945.00
  data arrival time                                  -0.90
  -----------------------------------------------------------
  slack (MET)                                      6944.10


  Startpoint: B4/B0/B1/edge_cnt_reg[1]
              (rising edge-triggered flip-flop clocked by RX_CLK)
  Endpoint: B4/B0/B1/edge_cnt_reg[5]
            (rising edge-triggered flip-flop clocked by RX_CLK)
  Path Group: RX_CLK
  Path Type: max

  Point                                                   Incr       Path
  --------------------------------------------------------------------------
  clock RX_CLK (rise edge)                                0.00       0.00
  clock network delay (ideal)                             0.00       0.00
  B4/B0/B1/edge_cnt_reg[1]/CK (DFFRX1M)                   0.00       0.00 r
  B4/B0/B1/edge_cnt_reg[1]/Q (DFFRX1M)                    0.66       0.66 f
  B4/B0/B1/U74/Y (NOR3X2M)                                0.35       1.00 r
  B4/B0/B1/U87/Y (NAND4X2M)                               0.31       1.31 f
  B4/B0/B1/U83/Y (AND2X2M)                                0.27       1.58 f
  B4/B0/B1/U100/CO (ADDHX1M)                              0.19       1.77 f
  B4/B0/B1/U102/CO (ADDHX1M)                              0.19       1.96 f
  B4/B0/B1/U97/CO (ADDHX1M)                               0.19       2.15 f
  B4/B0/B1/U114/CO (ADDHX1M)                              0.19       2.35 f
  B4/B0/B1/U89/Y (XNOR2X2M)                               0.12       2.46 f
  B4/B0/B1/U30/Y (AOI222X1M)                              0.41       2.88 r
  B4/B0/B1/U29/Y (NOR2X2M)                                0.07       2.94 f
  B4/B0/B1/edge_cnt_reg[5]/D (DFFRX1M)                    0.00       2.94 f
  data arrival time                                                  2.94

  clock RX_CLK (rise edge)                              271.30     271.30
  clock network delay (ideal)                             0.00     271.30
  clock uncertainty                                      -0.20     271.10
  B4/B0/B1/edge_cnt_reg[5]/CK (DFFRX1M)                   0.00     271.10 r
  library setup time                                     -0.16     270.94
  data required time                                               270.94
  --------------------------------------------------------------------------
  data required time                                               270.94
  data arrival time                                                 -2.94
  --------------------------------------------------------------------------
  slack (MET)                                                      268.00


  Startpoint: B4/B0/B1/edge_cnt_reg[1]
              (rising edge-triggered flip-flop clocked by RX_CLK)
  Endpoint: B4/B0/B2/samples_reg[0]
            (rising edge-triggered flip-flop clocked by RX_CLK)
  Path Group: RX_CLK
  Path Type: max

  Point                                                   Incr       Path
  --------------------------------------------------------------------------
  clock RX_CLK (rise edge)                                0.00       0.00
  clock network delay (ideal)                             0.00       0.00
  B4/B0/B1/edge_cnt_reg[1]/CK (DFFRX1M)                   0.00       0.00 r
  B4/B0/B1/edge_cnt_reg[1]/Q (DFFRX1M)                    0.71       0.71 r
  B4/B0/B1/edge_cnt[1] (edge_bit_counter_scale_WIDTH6)
                                                          0.00       0.71 r
  B4/B0/B0/edge_cnt[1] (UART_RX_FSM_scale_WIDTH6)         0.00       0.71 r
  B4/B0/B0/U37/Y (INVX2M)                                 0.11       0.82 f
  B4/B0/B0/U28/Y (OAI32X1M)                               0.32       1.14 r
  B4/B0/B0/U31/Y (AOI22X1M)                               0.17       1.31 f
  B4/B0/B0/U29/Y (OAI22X1M)                               0.24       1.54 r
  B4/B0/B0/U26/Y (AOI31X2M)                               0.14       1.68 f
  B4/B0/B0/U25/Y (NOR3BX2M)                               0.23       1.91 r
  B4/B0/B0/dat_samp_en (UART_RX_FSM_scale_WIDTH6)         0.00       1.91 r
  B4/B0/B2/dat_samp_en (data_sampling_scale_WIDTH6)       0.00       1.91 r
  B4/B0/B2/U19/Y (INVX2M)                                 0.08       1.99 f
  B4/B0/B2/U3/Y (NOR4X1M)                                 0.39       2.38 r
  B4/B0/B2/U7/Y (NAND4X2M)                                0.18       2.56 f
  B4/B0/B2/U6/Y (OAI2BB2X1M)                              0.26       2.83 f
  B4/B0/B2/samples_reg[0]/D (DFFRX1M)                     0.00       2.83 f
  data arrival time                                                  2.83

  clock RX_CLK (rise edge)                              271.30     271.30
  clock network delay (ideal)                             0.00     271.30
  clock uncertainty                                      -0.20     271.10
  B4/B0/B2/samples_reg[0]/CK (DFFRX1M)                    0.00     271.10 r
  library setup time                                     -0.16     270.94
  data required time                                               270.94
  --------------------------------------------------------------------------
  data required time                                               270.94
  data arrival time                                                 -2.83
  --------------------------------------------------------------------------
  slack (MET)                                                      268.11


  Startpoint: B4/B0/B1/edge_cnt_reg[1]
              (rising edge-triggered flip-flop clocked by RX_CLK)
  Endpoint: B4/B0/B2/samples_reg[1]
            (rising edge-triggered flip-flop clocked by RX_CLK)
  Path Group: RX_CLK
  Path Type: max

  Point                                                   Incr       Path
  --------------------------------------------------------------------------
  clock RX_CLK (rise edge)                                0.00       0.00
  clock network delay (ideal)                             0.00       0.00
  B4/B0/B1/edge_cnt_reg[1]/CK (DFFRX1M)                   0.00       0.00 r
  B4/B0/B1/edge_cnt_reg[1]/Q (DFFRX1M)                    0.71       0.71 r
  B4/B0/B1/edge_cnt[1] (edge_bit_counter_scale_WIDTH6)
                                                          0.00       0.71 r
  B4/B0/B0/edge_cnt[1] (UART_RX_FSM_scale_WIDTH6)         0.00       0.71 r
  B4/B0/B0/U37/Y (INVX2M)                                 0.11       0.82 f
  B4/B0/B0/U28/Y (OAI32X1M)                               0.32       1.14 r
  B4/B0/B0/U31/Y (AOI22X1M)                               0.17       1.31 f
  B4/B0/B0/U29/Y (OAI22X1M)                               0.24       1.54 r
  B4/B0/B0/U26/Y (AOI31X2M)                               0.14       1.68 f
  B4/B0/B0/U25/Y (NOR3BX2M)                               0.23       1.91 r
  B4/B0/B0/dat_samp_en (UART_RX_FSM_scale_WIDTH6)         0.00       1.91 r
  B4/B0/B2/dat_samp_en (data_sampling_scale_WIDTH6)       0.00       1.91 r
  B4/B0/B2/U19/Y (INVX2M)                                 0.08       1.99 f
  B4/B0/B2/U3/Y (NOR4X1M)                                 0.39       2.38 r
  B4/B0/B2/U11/Y (NAND3X2M)                               0.15       2.53 f
  B4/B0/B2/U10/Y (OAI2BB2X1M)                             0.25       2.78 f
  B4/B0/B2/samples_reg[1]/D (DFFRX1M)                     0.00       2.78 f
  data arrival time                                                  2.78

  clock RX_CLK (rise edge)                              271.30     271.30
  clock network delay (ideal)                             0.00     271.30
  clock uncertainty                                      -0.20     271.10
  B4/B0/B2/samples_reg[1]/CK (DFFRX1M)                    0.00     271.10 r
  library setup time                                     -0.16     270.94
  data required time                                               270.94
  --------------------------------------------------------------------------
  data required time                                               270.94
  data arrival time                                                 -2.78
  --------------------------------------------------------------------------
  slack (MET)                                                      268.16


  Startpoint: B4/B0/B1/edge_cnt_reg[1]
              (rising edge-triggered flip-flop clocked by RX_CLK)
  Endpoint: B4/B0/B2/samples_reg[2]
            (rising edge-triggered flip-flop clocked by RX_CLK)
  Path Group: RX_CLK
  Path Type: max

  Point                                                   Incr       Path
  --------------------------------------------------------------------------
  clock RX_CLK (rise edge)                                0.00       0.00
  clock network delay (ideal)                             0.00       0.00
  B4/B0/B1/edge_cnt_reg[1]/CK (DFFRX1M)                   0.00       0.00 r
  B4/B0/B1/edge_cnt_reg[1]/Q (DFFRX1M)                    0.71       0.71 r
  B4/B0/B1/edge_cnt[1] (edge_bit_counter_scale_WIDTH6)
                                                          0.00       0.71 r
  B4/B0/B0/edge_cnt[1] (UART_RX_FSM_scale_WIDTH6)         0.00       0.71 r
  B4/B0/B0/U37/Y (INVX2M)                                 0.11       0.82 f
  B4/B0/B0/U28/Y (OAI32X1M)                               0.32       1.14 r
  B4/B0/B0/U31/Y (AOI22X1M)                               0.17       1.31 f
  B4/B0/B0/U29/Y (OAI22X1M)                               0.24       1.54 r
  B4/B0/B0/U26/Y (AOI31X2M)                               0.14       1.68 f
  B4/B0/B0/U25/Y (NOR3BX2M)                               0.23       1.91 r
  B4/B0/B0/dat_samp_en (UART_RX_FSM_scale_WIDTH6)         0.00       1.91 r
  B4/B0/B2/dat_samp_en (data_sampling_scale_WIDTH6)       0.00       1.91 r
  B4/B0/B2/U19/Y (INVX2M)                                 0.08       1.99 f
  B4/B0/B2/U3/Y (NOR4X1M)                                 0.39       2.38 r
  B4/B0/B2/U15/Y (OAI2B1X2M)                              0.14       2.52 f
  B4/B0/B2/U14/Y (OAI2BB2X1M)                             0.25       2.77 f
  B4/B0/B2/samples_reg[2]/D (DFFRX1M)                     0.00       2.77 f
  data arrival time                                                  2.77

  clock RX_CLK (rise edge)                              271.30     271.30
  clock network delay (ideal)                             0.00     271.30
  clock uncertainty                                      -0.20     271.10
  B4/B0/B2/samples_reg[2]/CK (DFFRX1M)                    0.00     271.10 r
  library setup time                                     -0.16     270.94
  data required time                                               270.94
  --------------------------------------------------------------------------
  data required time                                               270.94
  data arrival time                                                 -2.77
  --------------------------------------------------------------------------
  slack (MET)                                                      268.17


  Startpoint: B4/B0/B1/edge_cnt_reg[1]
              (rising edge-triggered flip-flop clocked by RX_CLK)
  Endpoint: B4/B0/B1/edge_cnt_reg[4]
            (rising edge-triggered flip-flop clocked by RX_CLK)
  Path Group: RX_CLK
  Path Type: max

  Point                                                   Incr       Path
  --------------------------------------------------------------------------
  clock RX_CLK (rise edge)                                0.00       0.00
  clock network delay (ideal)                             0.00       0.00
  B4/B0/B1/edge_cnt_reg[1]/CK (DFFRX1M)                   0.00       0.00 r
  B4/B0/B1/edge_cnt_reg[1]/Q (DFFRX1M)                    0.66       0.66 f
  B4/B0/B1/U74/Y (NOR3X2M)                                0.35       1.00 r
  B4/B0/B1/U87/Y (NAND4X2M)                               0.31       1.31 f
  B4/B0/B1/U83/Y (AND2X2M)                                0.27       1.58 f
  B4/B0/B1/U100/CO (ADDHX1M)                              0.19       1.77 f
  B4/B0/B1/U102/CO (ADDHX1M)                              0.19       1.96 f
  B4/B0/B1/U97/CO (ADDHX1M)                               0.19       2.15 f
  B4/B0/B1/U114/S (ADDHX1M)                               0.14       2.29 f
  B4/B0/B1/U28/Y (AOI222X1M)                              0.42       2.71 r
  B4/B0/B1/U27/Y (NOR2X2M)                                0.07       2.77 f
  B4/B0/B1/edge_cnt_reg[4]/D (DFFRX1M)                    0.00       2.77 f
  data arrival time                                                  2.77

  clock RX_CLK (rise edge)                              271.30     271.30
  clock network delay (ideal)                             0.00     271.30
  clock uncertainty                                      -0.20     271.10
  B4/B0/B1/edge_cnt_reg[4]/CK (DFFRX1M)                   0.00     271.10 r
  library setup time                                     -0.16     270.94
  data required time                                               270.94
  --------------------------------------------------------------------------
  data required time                                               270.94
  data arrival time                                                 -2.77
  --------------------------------------------------------------------------
  slack (MET)                                                      268.17


  Startpoint: B4/B0/B1/edge_cnt_reg[1]
              (rising edge-triggered flip-flop clocked by RX_CLK)
  Endpoint: B4/B0/B1/edge_cnt_reg[3]
            (rising edge-triggered flip-flop clocked by RX_CLK)
  Path Group: RX_CLK
  Path Type: max

  Point                                                   Incr       Path
  --------------------------------------------------------------------------
  clock RX_CLK (rise edge)                                0.00       0.00
  clock network delay (ideal)                             0.00       0.00
  B4/B0/B1/edge_cnt_reg[1]/CK (DFFRX1M)                   0.00       0.00 r
  B4/B0/B1/edge_cnt_reg[1]/Q (DFFRX1M)                    0.66       0.66 f
  B4/B0/B1/U74/Y (NOR3X2M)                                0.35       1.00 r
  B4/B0/B1/U87/Y (NAND4X2M)                               0.31       1.31 f
  B4/B0/B1/U83/Y (AND2X2M)                                0.27       1.58 f
  B4/B0/B1/U100/CO (ADDHX1M)                              0.19       1.77 f
  B4/B0/B1/U102/CO (ADDHX1M)                              0.19       1.96 f
  B4/B0/B1/U97/S (ADDHX1M)                                0.14       2.10 f
  B4/B0/B1/U26/Y (AOI222X1M)                              0.42       2.51 r
  B4/B0/B1/U25/Y (NOR2X2M)                                0.07       2.58 f
  B4/B0/B1/edge_cnt_reg[3]/D (DFFRX1M)                    0.00       2.58 f
  data arrival time                                                  2.58

  clock RX_CLK (rise edge)                              271.30     271.30
  clock network delay (ideal)                             0.00     271.30
  clock uncertainty                                      -0.20     271.10
  B4/B0/B1/edge_cnt_reg[3]/CK (DFFRX1M)                   0.00     271.10 r
  library setup time                                     -0.16     270.94
  data required time                                               270.94
  --------------------------------------------------------------------------
  data required time                                               270.94
  data arrival time                                                 -2.58
  --------------------------------------------------------------------------
  slack (MET)                                                      268.36


  Startpoint: B4/B0/B1/edge_cnt_reg[1]
              (rising edge-triggered flip-flop clocked by RX_CLK)
  Endpoint: B4/B0/B1/bit_cnt_reg[3]
            (rising edge-triggered flip-flop clocked by RX_CLK)
  Path Group: RX_CLK
  Path Type: max

  Point                                                   Incr       Path
  --------------------------------------------------------------------------
  clock RX_CLK (rise edge)                                0.00       0.00
  clock network delay (ideal)                             0.00       0.00
  B4/B0/B1/edge_cnt_reg[1]/CK (DFFRX1M)                   0.00       0.00 r
  B4/B0/B1/edge_cnt_reg[1]/Q (DFFRX1M)                    0.66       0.66 f
  B4/B0/B1/U74/Y (NOR3X2M)                                0.35       1.00 r
  B4/B0/B1/U86/Y (NAND4X2M)                               0.30       1.30 f
  B4/B0/B1/U38/Y (NOR2BX2M)                               0.27       1.57 r
  B4/B0/B1/U16/Y (OR3X2M)                                 0.21       1.78 r
  B4/B0/B1/U73/Y (OAI2B11X2M)                             0.17       1.95 f
  B4/B0/B1/U70/Y (OAI222X1M)                              0.29       2.24 r
  B4/B0/B1/U69/Y (AND2X2M)                                0.18       2.41 r
  B4/B0/B1/bit_cnt_reg[3]/D (DFFRX1M)                     0.00       2.41 r
  data arrival time                                                  2.41

  clock RX_CLK (rise edge)                              271.30     271.30
  clock network delay (ideal)                             0.00     271.30
  clock uncertainty                                      -0.20     271.10
  B4/B0/B1/bit_cnt_reg[3]/CK (DFFRX1M)                    0.00     271.10 r
  library setup time                                     -0.23     270.86
  data required time                                               270.86
  --------------------------------------------------------------------------
  data required time                                               270.86
  data arrival time                                                 -2.41
  --------------------------------------------------------------------------
  slack (MET)                                                      268.45


  Startpoint: B4/B0/B1/edge_cnt_reg[1]
              (rising edge-triggered flip-flop clocked by RX_CLK)
  Endpoint: B4/B0/B1/bit_cnt_reg[1]
            (rising edge-triggered flip-flop clocked by RX_CLK)
  Path Group: RX_CLK
  Path Type: max

  Point                                                   Incr       Path
  --------------------------------------------------------------------------
  clock RX_CLK (rise edge)                                0.00       0.00
  clock network delay (ideal)                             0.00       0.00
  B4/B0/B1/edge_cnt_reg[1]/CK (DFFRX1M)                   0.00       0.00 r
  B4/B0/B1/edge_cnt_reg[1]/Q (DFFRX1M)                    0.66       0.66 f
  B4/B0/B1/U74/Y (NOR3X2M)                                0.35       1.00 r
  B4/B0/B1/U86/Y (NAND4X2M)                               0.30       1.30 f
  B4/B0/B1/U38/Y (NOR2BX2M)                               0.27       1.57 r
  B4/B0/B1/U16/Y (OR3X2M)                                 0.21       1.78 r
  B4/B0/B1/U73/Y (OAI2B11X2M)                             0.17       1.95 f
  B4/B0/B1/U88/Y (OAI21X2M)                               0.17       2.12 r
  B4/B0/B1/U67/Y (AOI32X1M)                               0.09       2.22 f
  B4/B0/B1/U65/Y (AOI2B1X1M)                              0.15       2.36 r
  B4/B0/B1/bit_cnt_reg[1]/D (DFFRX1M)                     0.00       2.36 r
  data arrival time                                                  2.36

  clock RX_CLK (rise edge)                              271.30     271.30
  clock network delay (ideal)                             0.00     271.30
  clock uncertainty                                      -0.20     271.10
  B4/B0/B1/bit_cnt_reg[1]/CK (DFFRX1M)                    0.00     271.10 r
  library setup time                                     -0.24     270.85
  data required time                                               270.85
  --------------------------------------------------------------------------
  data required time                                               270.85
  data arrival time                                                 -2.36
  --------------------------------------------------------------------------
  slack (MET)                                                      268.49


  Startpoint: B4/B0/B1/edge_cnt_reg[1]
              (rising edge-triggered flip-flop clocked by RX_CLK)
  Endpoint: B4/B0/B1/bit_cnt_reg[2]
            (rising edge-triggered flip-flop clocked by RX_CLK)
  Path Group: RX_CLK
  Path Type: max

  Point                                                   Incr       Path
  --------------------------------------------------------------------------
  clock RX_CLK (rise edge)                                0.00       0.00
  clock network delay (ideal)                             0.00       0.00
  B4/B0/B1/edge_cnt_reg[1]/CK (DFFRX1M)                   0.00       0.00 r
  B4/B0/B1/edge_cnt_reg[1]/Q (DFFRX1M)                    0.66       0.66 f
  B4/B0/B1/U74/Y (NOR3X2M)                                0.35       1.00 r
  B4/B0/B1/U86/Y (NAND4X2M)                               0.30       1.30 f
  B4/B0/B1/U38/Y (NOR2BX2M)                               0.27       1.57 r
  B4/B0/B1/U16/Y (OR3X2M)                                 0.21       1.78 r
  B4/B0/B1/U73/Y (OAI2B11X2M)                             0.17       1.95 f
  B4/B0/B1/U41/Y (OAI21X2M)                               0.17       2.12 r
  B4/B0/B1/U63/Y (AOI32X1M)                               0.09       2.22 f
  B4/B0/B1/U61/Y (AOI2B1X1M)                              0.14       2.36 r
  B4/B0/B1/bit_cnt_reg[2]/D (DFFRX1M)                     0.00       2.36 r
  data arrival time                                                  2.36

  clock RX_CLK (rise edge)                              271.30     271.30
  clock network delay (ideal)                             0.00     271.30
  clock uncertainty                                      -0.20     271.10
  B4/B0/B1/bit_cnt_reg[2]/CK (DFFRX1M)                    0.00     271.10 r
  library setup time                                     -0.24     270.85
  data required time                                               270.85
  --------------------------------------------------------------------------
  data required time                                               270.85
  data arrival time                                                 -2.36
  --------------------------------------------------------------------------
  slack (MET)                                                      268.49


  Startpoint: B4/B0/B1/edge_cnt_reg[1]
              (rising edge-triggered flip-flop clocked by RX_CLK)
  Endpoint: B4/B0/B1/bit_cnt_reg[0]
            (rising edge-triggered flip-flop clocked by RX_CLK)
  Path Group: RX_CLK
  Path Type: max

  Point                                                   Incr       Path
  --------------------------------------------------------------------------
  clock RX_CLK (rise edge)                                0.00       0.00
  clock network delay (ideal)                             0.00       0.00
  B4/B0/B1/edge_cnt_reg[1]/CK (DFFRX1M)                   0.00       0.00 r
  B4/B0/B1/edge_cnt_reg[1]/Q (DFFRX1M)                    0.66       0.66 f
  B4/B0/B1/U74/Y (NOR3X2M)                                0.35       1.00 r
  B4/B0/B1/U85/Y (NAND4X2M)                               0.30       1.30 f
  B4/B0/B1/U32/Y (AOI222X1M)                              0.64       1.94 r
  B4/B0/B1/U57/Y (AOI2B1X1M)                              0.28       2.22 r
  B4/B0/B1/U54/Y (OAI211X2M)                              0.11       2.33 f
  B4/B0/B1/bit_cnt_reg[0]/D (DFFSQX2M)                    0.00       2.33 f
  data arrival time                                                  2.33

  clock RX_CLK (rise edge)                              271.30     271.30
  clock network delay (ideal)                             0.00     271.30
  clock uncertainty                                      -0.20     271.10
  B4/B0/B1/bit_cnt_reg[0]/CK (DFFSQX2M)                   0.00     271.10 r
  library setup time                                     -0.25     270.85
  data required time                                               270.85
  --------------------------------------------------------------------------
  data required time                                               270.85
  data arrival time                                                 -2.33
  --------------------------------------------------------------------------
  slack (MET)                                                      268.52


  Startpoint: B4/B0/B1/edge_cnt_reg[1]
              (rising edge-triggered flip-flop clocked by RX_CLK)
  Endpoint: B4/B0/B1/edge_cnt_reg[2]
            (rising edge-triggered flip-flop clocked by RX_CLK)
  Path Group: RX_CLK
  Path Type: max

  Point                                                   Incr       Path
  --------------------------------------------------------------------------
  clock RX_CLK (rise edge)                                0.00       0.00
  clock network delay (ideal)                             0.00       0.00
  B4/B0/B1/edge_cnt_reg[1]/CK (DFFRX1M)                   0.00       0.00 r
  B4/B0/B1/edge_cnt_reg[1]/Q (DFFRX1M)                    0.66       0.66 f
  B4/B0/B1/U74/Y (NOR3X2M)                                0.35       1.00 r
  B4/B0/B1/U87/Y (NAND4X2M)                               0.31       1.31 f
  B4/B0/B1/U83/Y (AND2X2M)                                0.27       1.58 f
  B4/B0/B1/U100/CO (ADDHX1M)                              0.19       1.77 f
  B4/B0/B1/U102/S (ADDHX1M)                               0.14       1.90 f
  B4/B0/B1/U24/Y (AOI222X1M)                              0.42       2.32 r
  B4/B0/B1/U23/Y (NOR2X2M)                                0.07       2.38 f
  B4/B0/B1/edge_cnt_reg[2]/D (DFFRX1M)                    0.00       2.38 f
  data arrival time                                                  2.38

  clock RX_CLK (rise edge)                              271.30     271.30
  clock network delay (ideal)                             0.00     271.30
  clock uncertainty                                      -0.20     271.10
  B4/B0/B1/edge_cnt_reg[2]/CK (DFFRX1M)                   0.00     271.10 r
  library setup time                                     -0.16     270.94
  data required time                                               270.94
  --------------------------------------------------------------------------
  data required time                                               270.94
  data arrival time                                                 -2.38
  --------------------------------------------------------------------------
  slack (MET)                                                      268.56


  Startpoint: B4/B0/B1/edge_cnt_reg[3]
              (rising edge-triggered flip-flop clocked by RX_CLK)
  Endpoint: B4/B0/B3/DATA_reg[7]
            (rising edge-triggered flip-flop clocked by RX_CLK)
  Path Group: RX_CLK
  Path Type: max

  Point                                                   Incr       Path
  --------------------------------------------------------------------------
  clock RX_CLK (rise edge)                                0.00       0.00
  clock network delay (ideal)                             0.00       0.00
  B4/B0/B1/edge_cnt_reg[3]/CK (DFFRX1M)                   0.00       0.00 r
  B4/B0/B1/edge_cnt_reg[3]/Q (DFFRX1M)                    0.71       0.71 r
  B4/B0/B1/edge_cnt[3] (edge_bit_counter_scale_WIDTH6)
                                                          0.00       0.71 r
  B4/B0/B0/edge_cnt[3] (UART_RX_FSM_scale_WIDTH6)         0.00       0.71 r
  B4/B0/B0/U36/Y (INVX2M)                                 0.12       0.83 f
  B4/B0/B0/U20/Y (AOI33X2M)                               0.26       1.09 r
  B4/B0/B0/U19/Y (OAI22X1M)                               0.16       1.24 f
  B4/B0/B0/U18/Y (AND4X2M)                                0.25       1.49 f
  B4/B0/B0/U5/Y (NAND2X2M)                                0.12       1.62 r
  B4/B0/B0/U6/Y (NOR2X2M)                                 0.05       1.67 f
  B4/B0/B0/deser_en (UART_RX_FSM_scale_WIDTH6)            0.00       1.67 f
  B4/B0/B3/deser_en (deserializer_DATA_WIDTH8)            0.00       1.67 f
  B4/B0/B3/U9/Y (BUFX2M)                                  0.19       1.86 f
  B4/B0/B3/U2/Y (INVX2M)                                  0.15       2.01 r
  B4/B0/B3/U10/Y (OAI2BB2X1M)                             0.17       2.18 r
  B4/B0/B3/DATA_reg[7]/D (DFFRX1M)                        0.00       2.18 r
  data arrival time                                                  2.18

  clock RX_CLK (rise edge)                              271.30     271.30
  clock network delay (ideal)                             0.00     271.30
  clock uncertainty                                      -0.20     271.10
  B4/B0/B3/DATA_reg[7]/CK (DFFRX1M)                       0.00     271.10 r
  library setup time                                     -0.25     270.85
  data required time                                               270.85
  --------------------------------------------------------------------------
  data required time                                               270.85
  data arrival time                                                 -2.18
  --------------------------------------------------------------------------
  slack (MET)                                                      268.67


  Startpoint: B4/B0/B1/edge_cnt_reg[3]
              (rising edge-triggered flip-flop clocked by RX_CLK)
  Endpoint: B4/B0/B3/DATA_reg[6]
            (rising edge-triggered flip-flop clocked by RX_CLK)
  Path Group: RX_CLK
  Path Type: max

  Point                                                   Incr       Path
  --------------------------------------------------------------------------
  clock RX_CLK (rise edge)                                0.00       0.00
  clock network delay (ideal)                             0.00       0.00
  B4/B0/B1/edge_cnt_reg[3]/CK (DFFRX1M)                   0.00       0.00 r
  B4/B0/B1/edge_cnt_reg[3]/Q (DFFRX1M)                    0.66       0.66 f
  B4/B0/B1/edge_cnt[3] (edge_bit_counter_scale_WIDTH6)
                                                          0.00       0.66 f
  B4/B0/B0/edge_cnt[3] (UART_RX_FSM_scale_WIDTH6)         0.00       0.66 f
  B4/B0/B0/U36/Y (INVX2M)                                 0.14       0.80 r
  B4/B0/B0/U20/Y (AOI33X2M)                               0.15       0.95 f
  B4/B0/B0/U19/Y (OAI22X1M)                               0.23       1.17 r
  B4/B0/B0/U18/Y (AND4X2M)                                0.25       1.42 r
  B4/B0/B0/U5/Y (NAND2X2M)                                0.12       1.54 f
  B4/B0/B0/U6/Y (NOR2X2M)                                 0.10       1.64 r
  B4/B0/B0/deser_en (UART_RX_FSM_scale_WIDTH6)            0.00       1.64 r
  B4/B0/B3/deser_en (deserializer_DATA_WIDTH8)            0.00       1.64 r
  B4/B0/B3/U9/Y (BUFX2M)                                  0.21       1.85 r
  B4/B0/B3/U2/Y (INVX2M)                                  0.12       1.97 f
  B4/B0/B3/U3/Y (OAI22X1M)                                0.18       2.15 r
  B4/B0/B3/DATA_reg[6]/D (DFFRX1M)                        0.00       2.15 r
  data arrival time                                                  2.15

  clock RX_CLK (rise edge)                              271.30     271.30
  clock network delay (ideal)                             0.00     271.30
  clock uncertainty                                      -0.20     271.10
  B4/B0/B3/DATA_reg[6]/CK (DFFRX1M)                       0.00     271.10 r
  library setup time                                     -0.26     270.84
  data required time                                               270.84
  --------------------------------------------------------------------------
  data required time                                               270.84
  data arrival time                                                 -2.15
  --------------------------------------------------------------------------
  slack (MET)                                                      268.68


  Startpoint: B4/B0/B1/edge_cnt_reg[3]
              (rising edge-triggered flip-flop clocked by RX_CLK)
  Endpoint: B4/B0/B3/DATA_reg[5]
            (rising edge-triggered flip-flop clocked by RX_CLK)
  Path Group: RX_CLK
  Path Type: max

  Point                                                   Incr       Path
  --------------------------------------------------------------------------
  clock RX_CLK (rise edge)                                0.00       0.00
  clock network delay (ideal)                             0.00       0.00
  B4/B0/B1/edge_cnt_reg[3]/CK (DFFRX1M)                   0.00       0.00 r
  B4/B0/B1/edge_cnt_reg[3]/Q (DFFRX1M)                    0.66       0.66 f
  B4/B0/B1/edge_cnt[3] (edge_bit_counter_scale_WIDTH6)
                                                          0.00       0.66 f
  B4/B0/B0/edge_cnt[3] (UART_RX_FSM_scale_WIDTH6)         0.00       0.66 f
  B4/B0/B0/U36/Y (INVX2M)                                 0.14       0.80 r
  B4/B0/B0/U20/Y (AOI33X2M)                               0.15       0.95 f
  B4/B0/B0/U19/Y (OAI22X1M)                               0.23       1.17 r
  B4/B0/B0/U18/Y (AND4X2M)                                0.25       1.42 r
  B4/B0/B0/U5/Y (NAND2X2M)                                0.12       1.54 f
  B4/B0/B0/U6/Y (NOR2X2M)                                 0.10       1.64 r
  B4/B0/B0/deser_en (UART_RX_FSM_scale_WIDTH6)            0.00       1.64 r
  B4/B0/B3/deser_en (deserializer_DATA_WIDTH8)            0.00       1.64 r
  B4/B0/B3/U9/Y (BUFX2M)                                  0.21       1.85 r
  B4/B0/B3/U2/Y (INVX2M)                                  0.12       1.97 f
  B4/B0/B3/U4/Y (OAI22X1M)                                0.18       2.15 r
  B4/B0/B3/DATA_reg[5]/D (DFFRX1M)                        0.00       2.15 r
  data arrival time                                                  2.15

  clock RX_CLK (rise edge)                              271.30     271.30
  clock network delay (ideal)                             0.00     271.30
  clock uncertainty                                      -0.20     271.10
  B4/B0/B3/DATA_reg[5]/CK (DFFRX1M)                       0.00     271.10 r
  library setup time                                     -0.26     270.84
  data required time                                               270.84
  --------------------------------------------------------------------------
  data required time                                               270.84
  data arrival time                                                 -2.15
  --------------------------------------------------------------------------
  slack (MET)                                                      268.68


  Startpoint: B4/B0/B1/edge_cnt_reg[3]
              (rising edge-triggered flip-flop clocked by RX_CLK)
  Endpoint: B4/B0/B3/DATA_reg[4]
            (rising edge-triggered flip-flop clocked by RX_CLK)
  Path Group: RX_CLK
  Path Type: max

  Point                                                   Incr       Path
  --------------------------------------------------------------------------
  clock RX_CLK (rise edge)                                0.00       0.00
  clock network delay (ideal)                             0.00       0.00
  B4/B0/B1/edge_cnt_reg[3]/CK (DFFRX1M)                   0.00       0.00 r
  B4/B0/B1/edge_cnt_reg[3]/Q (DFFRX1M)                    0.66       0.66 f
  B4/B0/B1/edge_cnt[3] (edge_bit_counter_scale_WIDTH6)
                                                          0.00       0.66 f
  B4/B0/B0/edge_cnt[3] (UART_RX_FSM_scale_WIDTH6)         0.00       0.66 f
  B4/B0/B0/U36/Y (INVX2M)                                 0.14       0.80 r
  B4/B0/B0/U20/Y (AOI33X2M)                               0.15       0.95 f
  B4/B0/B0/U19/Y (OAI22X1M)                               0.23       1.17 r
  B4/B0/B0/U18/Y (AND4X2M)                                0.25       1.42 r
  B4/B0/B0/U5/Y (NAND2X2M)                                0.12       1.54 f
  B4/B0/B0/U6/Y (NOR2X2M)                                 0.10       1.64 r
  B4/B0/B0/deser_en (UART_RX_FSM_scale_WIDTH6)            0.00       1.64 r
  B4/B0/B3/deser_en (deserializer_DATA_WIDTH8)            0.00       1.64 r
  B4/B0/B3/U9/Y (BUFX2M)                                  0.21       1.85 r
  B4/B0/B3/U2/Y (INVX2M)                                  0.12       1.97 f
  B4/B0/B3/U5/Y (OAI22X1M)                                0.18       2.15 r
  B4/B0/B3/DATA_reg[4]/D (DFFRX1M)                        0.00       2.15 r
  data arrival time                                                  2.15

  clock RX_CLK (rise edge)                              271.30     271.30
  clock network delay (ideal)                             0.00     271.30
  clock uncertainty                                      -0.20     271.10
  B4/B0/B3/DATA_reg[4]/CK (DFFRX1M)                       0.00     271.10 r
  library setup time                                     -0.26     270.84
  data required time                                               270.84
  --------------------------------------------------------------------------
  data required time                                               270.84
  data arrival time                                                 -2.15
  --------------------------------------------------------------------------
  slack (MET)                                                      268.68


  Startpoint: B4/B0/B1/edge_cnt_reg[3]
              (rising edge-triggered flip-flop clocked by RX_CLK)
  Endpoint: B4/B0/B3/DATA_reg[3]
            (rising edge-triggered flip-flop clocked by RX_CLK)
  Path Group: RX_CLK
  Path Type: max

  Point                                                   Incr       Path
  --------------------------------------------------------------------------
  clock RX_CLK (rise edge)                                0.00       0.00
  clock network delay (ideal)                             0.00       0.00
  B4/B0/B1/edge_cnt_reg[3]/CK (DFFRX1M)                   0.00       0.00 r
  B4/B0/B1/edge_cnt_reg[3]/Q (DFFRX1M)                    0.66       0.66 f
  B4/B0/B1/edge_cnt[3] (edge_bit_counter_scale_WIDTH6)
                                                          0.00       0.66 f
  B4/B0/B0/edge_cnt[3] (UART_RX_FSM_scale_WIDTH6)         0.00       0.66 f
  B4/B0/B0/U36/Y (INVX2M)                                 0.14       0.80 r
  B4/B0/B0/U20/Y (AOI33X2M)                               0.15       0.95 f
  B4/B0/B0/U19/Y (OAI22X1M)                               0.23       1.17 r
  B4/B0/B0/U18/Y (AND4X2M)                                0.25       1.42 r
  B4/B0/B0/U5/Y (NAND2X2M)                                0.12       1.54 f
  B4/B0/B0/U6/Y (NOR2X2M)                                 0.10       1.64 r
  B4/B0/B0/deser_en (UART_RX_FSM_scale_WIDTH6)            0.00       1.64 r
  B4/B0/B3/deser_en (deserializer_DATA_WIDTH8)            0.00       1.64 r
  B4/B0/B3/U9/Y (BUFX2M)                                  0.21       1.85 r
  B4/B0/B3/U2/Y (INVX2M)                                  0.12       1.97 f
  B4/B0/B3/U6/Y (OAI22X1M)                                0.18       2.15 r
  B4/B0/B3/DATA_reg[3]/D (DFFRX1M)                        0.00       2.15 r
  data arrival time                                                  2.15

  clock RX_CLK (rise edge)                              271.30     271.30
  clock network delay (ideal)                             0.00     271.30
  clock uncertainty                                      -0.20     271.10
  B4/B0/B3/DATA_reg[3]/CK (DFFRX1M)                       0.00     271.10 r
  library setup time                                     -0.26     270.84
  data required time                                               270.84
  --------------------------------------------------------------------------
  data required time                                               270.84
  data arrival time                                                 -2.15
  --------------------------------------------------------------------------
  slack (MET)                                                      268.68


  Startpoint: B4/B0/B1/edge_cnt_reg[3]
              (rising edge-triggered flip-flop clocked by RX_CLK)
  Endpoint: B4/B0/B3/DATA_reg[2]
            (rising edge-triggered flip-flop clocked by RX_CLK)
  Path Group: RX_CLK
  Path Type: max

  Point                                                   Incr       Path
  --------------------------------------------------------------------------
  clock RX_CLK (rise edge)                                0.00       0.00
  clock network delay (ideal)                             0.00       0.00
  B4/B0/B1/edge_cnt_reg[3]/CK (DFFRX1M)                   0.00       0.00 r
  B4/B0/B1/edge_cnt_reg[3]/Q (DFFRX1M)                    0.66       0.66 f
  B4/B0/B1/edge_cnt[3] (edge_bit_counter_scale_WIDTH6)
                                                          0.00       0.66 f
  B4/B0/B0/edge_cnt[3] (UART_RX_FSM_scale_WIDTH6)         0.00       0.66 f
  B4/B0/B0/U36/Y (INVX2M)                                 0.14       0.80 r
  B4/B0/B0/U20/Y (AOI33X2M)                               0.15       0.95 f
  B4/B0/B0/U19/Y (OAI22X1M)                               0.23       1.17 r
  B4/B0/B0/U18/Y (AND4X2M)                                0.25       1.42 r
  B4/B0/B0/U5/Y (NAND2X2M)                                0.12       1.54 f
  B4/B0/B0/U6/Y (NOR2X2M)                                 0.10       1.64 r
  B4/B0/B0/deser_en (UART_RX_FSM_scale_WIDTH6)            0.00       1.64 r
  B4/B0/B3/deser_en (deserializer_DATA_WIDTH8)            0.00       1.64 r
  B4/B0/B3/U9/Y (BUFX2M)                                  0.21       1.85 r
  B4/B0/B3/U2/Y (INVX2M)                                  0.12       1.97 f
  B4/B0/B3/U7/Y (OAI22X1M)                                0.18       2.15 r
  B4/B0/B3/DATA_reg[2]/D (DFFRX1M)                        0.00       2.15 r
  data arrival time                                                  2.15

  clock RX_CLK (rise edge)                              271.30     271.30
  clock network delay (ideal)                             0.00     271.30
  clock uncertainty                                      -0.20     271.10
  B4/B0/B3/DATA_reg[2]/CK (DFFRX1M)                       0.00     271.10 r
  library setup time                                     -0.26     270.84
  data required time                                               270.84
  --------------------------------------------------------------------------
  data required time                                               270.84
  data arrival time                                                 -2.15
  --------------------------------------------------------------------------
  slack (MET)                                                      268.68


  Startpoint: B4/B0/B1/edge_cnt_reg[3]
              (rising edge-triggered flip-flop clocked by RX_CLK)
  Endpoint: B4/B0/B3/DATA_reg[1]
            (rising edge-triggered flip-flop clocked by RX_CLK)
  Path Group: RX_CLK
  Path Type: max

  Point                                                   Incr       Path
  --------------------------------------------------------------------------
  clock RX_CLK (rise edge)                                0.00       0.00
  clock network delay (ideal)                             0.00       0.00
  B4/B0/B1/edge_cnt_reg[3]/CK (DFFRX1M)                   0.00       0.00 r
  B4/B0/B1/edge_cnt_reg[3]/Q (DFFRX1M)                    0.66       0.66 f
  B4/B0/B1/edge_cnt[3] (edge_bit_counter_scale_WIDTH6)
                                                          0.00       0.66 f
  B4/B0/B0/edge_cnt[3] (UART_RX_FSM_scale_WIDTH6)         0.00       0.66 f
  B4/B0/B0/U36/Y (INVX2M)                                 0.14       0.80 r
  B4/B0/B0/U20/Y (AOI33X2M)                               0.15       0.95 f
  B4/B0/B0/U19/Y (OAI22X1M)                               0.23       1.17 r
  B4/B0/B0/U18/Y (AND4X2M)                                0.25       1.42 r
  B4/B0/B0/U5/Y (NAND2X2M)                                0.12       1.54 f
  B4/B0/B0/U6/Y (NOR2X2M)                                 0.10       1.64 r
  B4/B0/B0/deser_en (UART_RX_FSM_scale_WIDTH6)            0.00       1.64 r
  B4/B0/B3/deser_en (deserializer_DATA_WIDTH8)            0.00       1.64 r
  B4/B0/B3/U9/Y (BUFX2M)                                  0.21       1.85 r
  B4/B0/B3/U2/Y (INVX2M)                                  0.12       1.97 f
  B4/B0/B3/U8/Y (OAI22X1M)                                0.18       2.15 r
  B4/B0/B3/DATA_reg[1]/D (DFFRX1M)                        0.00       2.15 r
  data arrival time                                                  2.15

  clock RX_CLK (rise edge)                              271.30     271.30
  clock network delay (ideal)                             0.00     271.30
  clock uncertainty                                      -0.20     271.10
  B4/B0/B3/DATA_reg[1]/CK (DFFRX1M)                       0.00     271.10 r
  library setup time                                     -0.26     270.84
  data required time                                               270.84
  --------------------------------------------------------------------------
  data required time                                               270.84
  data arrival time                                                 -2.15
  --------------------------------------------------------------------------
  slack (MET)                                                      268.68


  Startpoint: B4/B0/B1/edge_cnt_reg[1]
              (rising edge-triggered flip-flop clocked by RX_CLK)
  Endpoint: B4/B0/B2/sampled_bit_reg
            (rising edge-triggered flip-flop clocked by RX_CLK)
  Path Group: RX_CLK
  Path Type: max

  Point                                                   Incr       Path
  --------------------------------------------------------------------------
  clock RX_CLK (rise edge)                                0.00       0.00
  clock network delay (ideal)                             0.00       0.00
  B4/B0/B1/edge_cnt_reg[1]/CK (DFFRX1M)                   0.00       0.00 r
  B4/B0/B1/edge_cnt_reg[1]/Q (DFFRX1M)                    0.71       0.71 r
  B4/B0/B1/edge_cnt[1] (edge_bit_counter_scale_WIDTH6)
                                                          0.00       0.71 r
  B4/B0/B0/edge_cnt[1] (UART_RX_FSM_scale_WIDTH6)         0.00       0.71 r
  B4/B0/B0/U37/Y (INVX2M)                                 0.11       0.82 f
  B4/B0/B0/U28/Y (OAI32X1M)                               0.32       1.14 r
  B4/B0/B0/U31/Y (AOI22X1M)                               0.17       1.31 f
  B4/B0/B0/U29/Y (OAI22X1M)                               0.24       1.54 r
  B4/B0/B0/U26/Y (AOI31X2M)                               0.14       1.68 f
  B4/B0/B0/U25/Y (NOR3BX2M)                               0.23       1.91 r
  B4/B0/B0/dat_samp_en (UART_RX_FSM_scale_WIDTH6)         0.00       1.91 r
  B4/B0/B2/dat_samp_en (data_sampling_scale_WIDTH6)       0.00       1.91 r
  B4/B0/B2/U19/Y (INVX2M)                                 0.08       1.99 f
  B4/B0/B2/U20/Y (OAI2BB2X1M)                             0.14       2.13 r
  B4/B0/B2/sampled_bit_reg/D (DFFRX1M)                    0.00       2.13 r
  data arrival time                                                  2.13

  clock RX_CLK (rise edge)                              271.30     271.30
  clock network delay (ideal)                             0.00     271.30
  clock uncertainty                                      -0.20     271.10
  B4/B0/B2/sampled_bit_reg/CK (DFFRX1M)                   0.00     271.10 r
  library setup time                                     -0.25     270.85
  data required time                                               270.85
  --------------------------------------------------------------------------
  data required time                                               270.85
  data arrival time                                                 -2.13
  --------------------------------------------------------------------------
  slack (MET)                                                      268.72


  Startpoint: B4/B0/B1/edge_cnt_reg[1]
              (rising edge-triggered flip-flop clocked by RX_CLK)
  Endpoint: B4/B0/B1/edge_cnt_reg[1]
            (rising edge-triggered flip-flop clocked by RX_CLK)
  Path Group: RX_CLK
  Path Type: max

  Point                                                   Incr       Path
  --------------------------------------------------------------------------
  clock RX_CLK (rise edge)                                0.00       0.00
  clock network delay (ideal)                             0.00       0.00
  B4/B0/B1/edge_cnt_reg[1]/CK (DFFRX1M)                   0.00       0.00 r
  B4/B0/B1/edge_cnt_reg[1]/Q (DFFRX1M)                    0.66       0.66 f
  B4/B0/B1/U74/Y (NOR3X2M)                                0.35       1.00 r
  B4/B0/B1/U87/Y (NAND4X2M)                               0.31       1.31 f
  B4/B0/B1/U7/Y (AND2X2M)                                 0.25       1.56 f
  B4/B0/B1/U100/S (ADDHX1M)                               0.18       1.74 f
  B4/B0/B1/U22/Y (AOI222X1M)                              0.42       2.15 r
  B4/B0/B1/U21/Y (NOR2X2M)                                0.07       2.22 f
  B4/B0/B1/edge_cnt_reg[1]/D (DFFRX1M)                    0.00       2.22 f
  data arrival time                                                  2.22

  clock RX_CLK (rise edge)                              271.30     271.30
  clock network delay (ideal)                             0.00     271.30
  clock uncertainty                                      -0.20     271.10
  B4/B0/B1/edge_cnt_reg[1]/CK (DFFRX1M)                   0.00     271.10 r
  library setup time                                     -0.16     270.94
  data required time                                               270.94
  --------------------------------------------------------------------------
  data required time                                               270.94
  data arrival time                                                 -2.22
  --------------------------------------------------------------------------
  slack (MET)                                                      268.72


  Startpoint: B4/B0/B1/edge_cnt_reg[3]
              (rising edge-triggered flip-flop clocked by RX_CLK)
  Endpoint: B4/B0/B3/DATA_reg[0]
            (rising edge-triggered flip-flop clocked by RX_CLK)
  Path Group: RX_CLK
  Path Type: max

  Point                                                   Incr       Path
  --------------------------------------------------------------------------
  clock RX_CLK (rise edge)                                0.00       0.00
  clock network delay (ideal)                             0.00       0.00
  B4/B0/B1/edge_cnt_reg[3]/CK (DFFRX1M)                   0.00       0.00 r
  B4/B0/B1/edge_cnt_reg[3]/Q (DFFRX1M)                    0.66       0.66 f
  B4/B0/B1/edge_cnt[3] (edge_bit_counter_scale_WIDTH6)
                                                          0.00       0.66 f
  B4/B0/B0/edge_cnt[3] (UART_RX_FSM_scale_WIDTH6)         0.00       0.66 f
  B4/B0/B0/U36/Y (INVX2M)                                 0.14       0.80 r
  B4/B0/B0/U20/Y (AOI33X2M)                               0.15       0.95 f
  B4/B0/B0/U19/Y (OAI22X1M)                               0.23       1.17 r
  B4/B0/B0/U18/Y (AND4X2M)                                0.25       1.42 r
  B4/B0/B0/U5/Y (NAND2X2M)                                0.12       1.54 f
  B4/B0/B0/U6/Y (NOR2X2M)                                 0.10       1.64 r
  B4/B0/B0/deser_en (UART_RX_FSM_scale_WIDTH6)            0.00       1.64 r
  B4/B0/B3/deser_en (deserializer_DATA_WIDTH8)            0.00       1.64 r
  B4/B0/B3/U9/Y (BUFX2M)                                  0.21       1.85 r
  B4/B0/B3/U11/Y (OAI2BB2X1M)                             0.18       2.03 r
  B4/B0/B3/DATA_reg[0]/D (DFFRX1M)                        0.00       2.03 r
  data arrival time                                                  2.03

  clock RX_CLK (rise edge)                              271.30     271.30
  clock network delay (ideal)                             0.00     271.30
  clock uncertainty                                      -0.20     271.10
  B4/B0/B3/DATA_reg[0]/CK (DFFRX1M)                       0.00     271.10 r
  library setup time                                     -0.25     270.85
  data required time                                               270.85
  --------------------------------------------------------------------------
  data required time                                               270.85
  data arrival time                                                 -2.03
  --------------------------------------------------------------------------
  slack (MET)                                                      268.82


  Startpoint: B4/B0/B1/edge_cnt_reg[3]
              (rising edge-triggered flip-flop clocked by RX_CLK)
  Endpoint: B4/B0/B4/strt_glitch_reg
            (rising edge-triggered flip-flop clocked by RX_CLK)
  Path Group: RX_CLK
  Path Type: max

  Point                                                   Incr       Path
  --------------------------------------------------------------------------
  clock RX_CLK (rise edge)                                0.00       0.00
  clock network delay (ideal)                             0.00       0.00
  B4/B0/B1/edge_cnt_reg[3]/CK (DFFRX1M)                   0.00       0.00 r
  B4/B0/B1/edge_cnt_reg[3]/Q (DFFRX1M)                    0.66       0.66 f
  B4/B0/B1/edge_cnt[3] (edge_bit_counter_scale_WIDTH6)
                                                          0.00       0.66 f
  B4/B0/B0/edge_cnt[3] (UART_RX_FSM_scale_WIDTH6)         0.00       0.66 f
  B4/B0/B0/U36/Y (INVX2M)                                 0.14       0.80 r
  B4/B0/B0/U20/Y (AOI33X2M)                               0.15       0.95 f
  B4/B0/B0/U19/Y (OAI22X1M)                               0.23       1.17 r
  B4/B0/B0/U18/Y (AND4X2M)                                0.25       1.42 r
  B4/B0/B0/U5/Y (NAND2X2M)                                0.12       1.54 f
  B4/B0/B0/U56/Y (NOR3X2M)                                0.22       1.76 r
  B4/B0/B0/strt_chk_en (UART_RX_FSM_scale_WIDTH6)         0.00       1.76 r
  B4/B0/B4/strt_chk_en (StartCheck)                       0.00       1.76 r
  B4/B0/B4/U2/Y (AO2B2X2M)                                0.35       2.11 f
  B4/B0/B4/strt_glitch_reg/D (DFFRX1M)                    0.00       2.11 f
  data arrival time                                                  2.11

  clock RX_CLK (rise edge)                              271.30     271.30
  clock network delay (ideal)                             0.00     271.30
  clock uncertainty                                      -0.20     271.10
  B4/B0/B4/strt_glitch_reg/CK (DFFRX1M)                   0.00     271.10 r
  library setup time                                     -0.15     270.94
  data required time                                               270.94
  --------------------------------------------------------------------------
  data required time                                               270.94
  data arrival time                                                 -2.11
  --------------------------------------------------------------------------
  slack (MET)                                                      268.83


  Startpoint: B4/B0/B1/edge_cnt_reg[3]
              (rising edge-triggered flip-flop clocked by RX_CLK)
  Endpoint: B4/B0/B6/stp_err_reg
            (rising edge-triggered flip-flop clocked by RX_CLK)
  Path Group: RX_CLK
  Path Type: max

  Point                                                   Incr       Path
  --------------------------------------------------------------------------
  clock RX_CLK (rise edge)                                0.00       0.00
  clock network delay (ideal)                             0.00       0.00
  B4/B0/B1/edge_cnt_reg[3]/CK (DFFRX1M)                   0.00       0.00 r
  B4/B0/B1/edge_cnt_reg[3]/Q (DFFRX1M)                    0.71       0.71 r
  B4/B0/B1/edge_cnt[3] (edge_bit_counter_scale_WIDTH6)
                                                          0.00       0.71 r
  B4/B0/B0/edge_cnt[3] (UART_RX_FSM_scale_WIDTH6)         0.00       0.71 r
  B4/B0/B0/U36/Y (INVX2M)                                 0.12       0.83 f
  B4/B0/B0/U20/Y (AOI33X2M)                               0.26       1.09 r
  B4/B0/B0/U19/Y (OAI22X1M)                               0.16       1.24 f
  B4/B0/B0/U18/Y (AND4X2M)                                0.25       1.49 f
  B4/B0/B0/U5/Y (NAND2X2M)                                0.12       1.62 r
  B4/B0/B0/U52/Y (NOR2X2M)                                0.06       1.68 f
  B4/B0/B0/stp_chk_en (UART_RX_FSM_scale_WIDTH6)          0.00       1.68 f
  B4/B0/B6/stp_chk_en (StopCheck)                         0.00       1.68 f
  B4/B0/B6/U3/Y (INVX2M)                                  0.06       1.73 r
  B4/B0/B6/U2/Y (OAI2BB2X1M)                              0.14       1.87 r
  B4/B0/B6/stp_err_reg/D (DFFRX2M)                        0.00       1.87 r
  data arrival time                                                  1.87

  clock RX_CLK (rise edge)                              271.30     271.30
  clock network delay (ideal)                             0.00     271.30
  clock uncertainty                                      -0.20     271.10
  B4/B0/B6/stp_err_reg/CK (DFFRX2M)                       0.00     271.10 r
  library setup time                                     -0.24     270.85
  data required time                                               270.85
  --------------------------------------------------------------------------
  data required time                                               270.85
  data arrival time                                                 -1.87
  --------------------------------------------------------------------------
  slack (MET)                                                      268.98


  Startpoint: B4/B0/B1/edge_cnt_reg[3]
              (rising edge-triggered flip-flop clocked by RX_CLK)
  Endpoint: B4/B0/B5/par_err_reg
            (rising edge-triggered flip-flop clocked by RX_CLK)
  Path Group: RX_CLK
  Path Type: max

  Point                                                   Incr       Path
  --------------------------------------------------------------------------
  clock RX_CLK (rise edge)                                0.00       0.00
  clock network delay (ideal)                             0.00       0.00
  B4/B0/B1/edge_cnt_reg[3]/CK (DFFRX1M)                   0.00       0.00 r
  B4/B0/B1/edge_cnt_reg[3]/Q (DFFRX1M)                    0.71       0.71 r
  B4/B0/B1/edge_cnt[3] (edge_bit_counter_scale_WIDTH6)
                                                          0.00       0.71 r
  B4/B0/B0/edge_cnt[3] (UART_RX_FSM_scale_WIDTH6)         0.00       0.71 r
  B4/B0/B0/U36/Y (INVX2M)                                 0.12       0.83 f
  B4/B0/B0/U20/Y (AOI33X2M)                               0.26       1.09 r
  B4/B0/B0/U19/Y (OAI22X1M)                               0.16       1.24 f
  B4/B0/B0/U18/Y (AND4X2M)                                0.25       1.49 f
  B4/B0/B0/U5/Y (NAND2X2M)                                0.12       1.62 r
  B4/B0/B0/U7/Y (NOR2X2M)                                 0.06       1.68 f
  B4/B0/B0/par_chk_en (UART_RX_FSM_scale_WIDTH6)          0.00       1.68 f
  B4/B0/B5/par_chk_en (ParityCheck)                       0.00       1.68 f
  B4/B0/B5/U8/Y (INVX2M)                                  0.06       1.73 r
  B4/B0/B5/U6/Y (OAI2BB2X1M)                              0.14       1.87 r
  B4/B0/B5/par_err_reg/D (DFFRX2M)                        0.00       1.87 r
  data arrival time                                                  1.87

  clock RX_CLK (rise edge)                              271.30     271.30
  clock network delay (ideal)                             0.00     271.30
  clock uncertainty                                      -0.20     271.10
  B4/B0/B5/par_err_reg/CK (DFFRX2M)                       0.00     271.10 r
  library setup time                                     -0.24     270.85
  data required time                                               270.85
  --------------------------------------------------------------------------
  data required time                                               270.85
  data arrival time                                                 -1.87
  --------------------------------------------------------------------------
  slack (MET)                                                      268.98


  Startpoint: B4/B0/B1/edge_cnt_reg[1]
              (rising edge-triggered flip-flop clocked by RX_CLK)
  Endpoint: B4/B0/B1/edge_cnt_reg[0]
            (rising edge-triggered flip-flop clocked by RX_CLK)
  Path Group: RX_CLK
  Path Type: max

  Point                                                   Incr       Path
  --------------------------------------------------------------------------
  clock RX_CLK (rise edge)                                0.00       0.00
  clock network delay (ideal)                             0.00       0.00
  B4/B0/B1/edge_cnt_reg[1]/CK (DFFRX1M)                   0.00       0.00 r
  B4/B0/B1/edge_cnt_reg[1]/Q (DFFRX1M)                    0.71       0.71 r
  B4/B0/B1/U74/Y (NOR3X2M)                                0.14       0.85 f
  B4/B0/B1/U86/Y (NAND4X2M)                               0.19       1.04 r
  B4/B0/B1/U82/Y (AND2X2M)                                0.18       1.23 r
  B4/B0/B1/U50/Y (INVX2M)                                 0.04       1.27 f
  B4/B0/B1/U19/Y (AOI221XLM)                              0.42       1.69 r
  B4/B0/B1/U17/Y (OAI2B11X2M)                             0.16       1.84 f
  B4/B0/B1/edge_cnt_reg[0]/D (DFFSQX2M)                   0.00       1.84 f
  data arrival time                                                  1.84

  clock RX_CLK (rise edge)                              271.30     271.30
  clock network delay (ideal)                             0.00     271.30
  clock uncertainty                                      -0.20     271.10
  B4/B0/B1/edge_cnt_reg[0]/CK (DFFSQX2M)                  0.00     271.10 r
  library setup time                                     -0.26     270.84
  data required time                                               270.84
  --------------------------------------------------------------------------
  data required time                                               270.84
  data arrival time                                                 -1.84
  --------------------------------------------------------------------------
  slack (MET)                                                      269.00


  Startpoint: B4/B0/B5/par_err_reg
              (rising edge-triggered flip-flop clocked by RX_CLK)
  Endpoint: B4/B0/B0/current_state_reg[2]
            (rising edge-triggered flip-flop clocked by RX_CLK)
  Path Group: RX_CLK
  Path Type: max

  Point                                                   Incr       Path
  --------------------------------------------------------------------------
  clock RX_CLK (rise edge)                                0.00       0.00
  clock network delay (ideal)                             0.00       0.00
  B4/B0/B5/par_err_reg/CK (DFFRX2M)                       0.00       0.00 r
  B4/B0/B5/par_err_reg/Q (DFFRX2M)                        1.03       1.03 r
  B4/B0/B5/par_err (ParityCheck)                          0.00       1.03 r
  B4/B0/B0/par_err (UART_RX_FSM_scale_WIDTH6)             0.00       1.03 r
  B4/B0/B0/U53/Y (INVX2M)                                 0.14       1.17 f
  B4/B0/B0/U9/Y (AOI33X2M)                                0.24       1.40 r
  B4/B0/B0/U8/Y (OAI21X2M)                                0.09       1.50 f
  B4/B0/B0/current_state_reg[2]/D (DFFRX1M)               0.00       1.50 f
  data arrival time                                                  1.50

  clock RX_CLK (rise edge)                              271.30     271.30
  clock network delay (ideal)                             0.00     271.30
  clock uncertainty                                      -0.20     271.10
  B4/B0/B0/current_state_reg[2]/CK (DFFRX1M)              0.00     271.10 r
  library setup time                                     -0.16     270.94
  data required time                                               270.94
  --------------------------------------------------------------------------
  data required time                                               270.94
  data arrival time                                                 -1.50
  --------------------------------------------------------------------------
  slack (MET)                                                      269.44


  Startpoint: B4/B0/B1/bit_cnt_reg[2]
              (rising edge-triggered flip-flop clocked by RX_CLK)
  Endpoint: B4/B0/B0/current_state_reg[1]
            (rising edge-triggered flip-flop clocked by RX_CLK)
  Path Group: RX_CLK
  Path Type: max

  Point                                                   Incr       Path
  --------------------------------------------------------------------------
  clock RX_CLK (rise edge)                                0.00       0.00
  clock network delay (ideal)                             0.00       0.00
  B4/B0/B1/bit_cnt_reg[2]/CK (DFFRX1M)                    0.00       0.00 r
  B4/B0/B1/bit_cnt_reg[2]/Q (DFFRX1M)                     0.58       0.58 f
  B4/B0/B1/bit_cnt[2] (edge_bit_counter_scale_WIDTH6)     0.00       0.58 f
  B4/B0/B0/bit_cnt[2] (UART_RX_FSM_scale_WIDTH6)          0.00       0.58 f
  B4/B0/B0/U55/Y (INVX2M)                                 0.11       0.68 r
  B4/B0/B0/U43/Y (NAND4BX1M)                              0.23       0.92 f
  B4/B0/B0/U10/Y (INVX2M)                                 0.12       1.04 r
  B4/B0/B0/U39/Y (AOI32X1M)                               0.12       1.16 f
  B4/B0/B0/U44/Y (OAI211X2M)                              0.21       1.38 r
  B4/B0/B0/current_state_reg[1]/D (DFFRX1M)               0.00       1.38 r
  data arrival time                                                  1.38

  clock RX_CLK (rise edge)                              271.30     271.30
  clock network delay (ideal)                             0.00     271.30
  clock uncertainty                                      -0.20     271.10
  B4/B0/B0/current_state_reg[1]/CK (DFFRX1M)              0.00     271.10 r
  library setup time                                     -0.25     270.84
  data required time                                               270.84
  --------------------------------------------------------------------------
  data required time                                               270.84
  data arrival time                                                 -1.38
  --------------------------------------------------------------------------
  slack (MET)                                                      269.47


  Startpoint: B4/B0/B0/current_state_reg[0]
              (rising edge-triggered flip-flop clocked by RX_CLK)
  Endpoint: B4/B0/B0/current_state_reg[0]
            (rising edge-triggered flip-flop clocked by RX_CLK)
  Path Group: RX_CLK
  Path Type: max

  Point                                                   Incr       Path
  --------------------------------------------------------------------------
  clock RX_CLK (rise edge)                                0.00       0.00
  clock network delay (ideal)                             0.00       0.00
  B4/B0/B0/current_state_reg[0]/CK (DFFRX1M)              0.00       0.00 r
  B4/B0/B0/current_state_reg[0]/Q (DFFRX1M)               0.56       0.56 f
  B4/B0/B0/U24/Y (OA22X2M)                                0.34       0.90 f
  B4/B0/B0/U23/Y (OAI22X1M)                               0.17       1.07 r
  B4/B0/B0/current_state_reg[0]/D (DFFRX1M)               0.00       1.07 r
  data arrival time                                                  1.07

  clock RX_CLK (rise edge)                              271.30     271.30
  clock network delay (ideal)                             0.00     271.30
  clock uncertainty                                      -0.20     271.10
  B4/B0/B0/current_state_reg[0]/CK (DFFRX1M)              0.00     271.10 r
  library setup time                                     -0.26     270.84
  data required time                                               270.84
  --------------------------------------------------------------------------
  data required time                                               270.84
  data arrival time                                                 -1.07
  --------------------------------------------------------------------------
  slack (MET)                                                      269.76


  Startpoint: B9/B2/mem_reg[7][0]
              (rising edge-triggered flip-flop clocked by REF_CLK)
  Endpoint: B4/B1/B0/Data_reg[0]
            (rising edge-triggered flip-flop clocked by TX_CLK)
  Path Group: TX_CLK
  Path Type: max

  Point                                                   Incr       Path
  --------------------------------------------------------------------------
  clock REF_CLK (rise edge)                            8680.00    8680.00
  clock network delay (ideal)                             0.00    8680.00
  B9/B2/mem_reg[7][0]/CK (DFFQX2M)                        0.00    8680.00 r
  B9/B2/mem_reg[7][0]/Q (DFFQX2M)                         0.34    8680.34 f
  B9/B2/U16/Y (MX4X1M)                                    0.34    8680.68 f
  B9/B2/U12/Y (CLKMX2X2M)                                 0.23    8680.91 f
  B9/B2/rdata[0] (fifo_async_width8_depth8_n3)            0.00    8680.91 f
  B9/rdata[0] (FIFO_TOP)                                  0.00    8680.91 f
  B4/RD_DATA[0] (UART_TOP)                                0.00    8680.91 f
  B4/B1/P_DATA[0] (UART_TX_DATA_WIDTH8)                   0.00    8680.91 f
  B4/B1/B0/P_DATA[0] (serializer_DATA_WIDTH8)             0.00    8680.91 f
  B4/B1/B0/U11/Y (NAND2X2M)                               0.07    8680.99 r
  B4/B1/B0/U5/Y (AND2X4M)                                 0.10    8681.09 r
  B4/B1/B0/U4/Y (OAI2BB1X1M)                              0.06    8681.15 f
  B4/B1/B0/Data_reg[0]/D (DFFRQX2M)                       0.00    8681.15 f
  data arrival time                                               8681.15

  clock TX_CLK (rise edge)                             8681.50    8681.50
  clock network delay (ideal)                             0.00    8681.50
  clock uncertainty                                      -0.20    8681.30
  B4/B1/B0/Data_reg[0]/CK (DFFRQX2M)                      0.00    8681.30 r
  library setup time                                     -0.15    8681.15
  data required time                                              8681.15
  --------------------------------------------------------------------------
  data required time                                              8681.15
  data arrival time                                              -8681.15
  --------------------------------------------------------------------------
  slack (MET)                                                        0.00


  Startpoint: B9/B2/mem_reg[6][1]
              (rising edge-triggered flip-flop clocked by REF_CLK)
  Endpoint: B4/B1/B0/Data_reg[1]
            (rising edge-triggered flip-flop clocked by TX_CLK)
  Path Group: TX_CLK
  Path Type: max

  Point                                                   Incr       Path
  --------------------------------------------------------------------------
  clock REF_CLK (rise edge)                            8680.00    8680.00
  clock network delay (ideal)                             0.00    8680.00
  B9/B2/mem_reg[6][1]/CK (DFFQX2M)                        0.00    8680.00 r
  B9/B2/mem_reg[6][1]/Q (DFFQX2M)                         0.33    8680.33 r
  B9/B2/U3/Y (MX4X4M)                                     0.25    8680.58 r
  B9/B2/U2/Y (NAND2X4M)                                   0.05    8680.63 f
  B9/B2/U26/Y (NAND2X2M)                                  0.09    8680.72 r
  B9/B2/rdata[1] (fifo_async_width8_depth8_n3)            0.00    8680.72 r
  B9/rdata[1] (FIFO_TOP)                                  0.00    8680.72 r
  B4/RD_DATA[1] (UART_TOP)                                0.00    8680.72 r
  B4/B1/P_DATA[1] (UART_TX_DATA_WIDTH8)                   0.00    8680.72 r
  B4/B1/B0/P_DATA[1] (serializer_DATA_WIDTH8)             0.00    8680.72 r
  B4/B1/B0/U12/Y (NAND2X2M)                               0.06    8680.78 f
  B4/B1/B0/U14/Y (AND2X2M)                                0.17    8680.95 f
  B4/B1/B0/U16/Y (OAI2BB1X2M)                             0.06    8681.00 r
  B4/B1/B0/Data_reg[1]/D (DFFRQX2M)                       0.00    8681.00 r
  data arrival time                                               8681.00

  clock TX_CLK (rise edge)                             8681.50    8681.50
  clock network delay (ideal)                             0.00    8681.50
  clock uncertainty                                      -0.20    8681.30
  B4/B1/B0/Data_reg[1]/CK (DFFRQX2M)                      0.00    8681.30 r
  library setup time                                     -0.29    8681.00
  data required time                                              8681.00
  --------------------------------------------------------------------------
  data required time                                              8681.00
  data arrival time                                              -8681.00
  --------------------------------------------------------------------------
  slack (MET)                                                        0.00


  Startpoint: B9/B2/mem_reg[4][7]
              (rising edge-triggered flip-flop clocked by REF_CLK)
  Endpoint: B4/B1/B0/Data_reg[7]
            (rising edge-triggered flip-flop clocked by TX_CLK)
  Path Group: TX_CLK
  Path Type: max

  Point                                                   Incr       Path
  --------------------------------------------------------------------------
  clock REF_CLK (rise edge)                            8680.00    8680.00
  clock network delay (ideal)                             0.00    8680.00
  B9/B2/mem_reg[4][7]/CK (DFFQX2M)                        0.00    8680.00 r
  B9/B2/mem_reg[4][7]/Q (DFFQX2M)                         0.34    8680.34 r
  B9/B2/U48/Y (MX2X3M)                                    0.15    8680.48 r
  B9/B2/U50/Y (MX2X3M)                                    0.14    8680.63 r
  B9/B2/U4/Y (NAND2X2M)                                   0.06    8680.68 f
  B9/B2/U17/Y (CLKNAND2X2M)                               0.07    8680.76 r
  B9/B2/rdata[7] (fifo_async_width8_depth8_n3)            0.00    8680.76 r
  B9/rdata[7] (FIFO_TOP)                                  0.00    8680.76 r
  B4/RD_DATA[7] (UART_TOP)                                0.00    8680.76 r
  B4/B1/P_DATA[7] (UART_TX_DATA_WIDTH8)                   0.00    8680.76 r
  B4/B1/B0/P_DATA[7] (serializer_DATA_WIDTH8)             0.00    8680.76 r
  B4/B1/B0/U9/Y (AND2X2M)                                 0.12    8680.88 r
  B4/B1/B0/U25/Y (OR2X2M)                                 0.11    8680.99 r
  B4/B1/B0/Data_reg[7]/D (DFFRQX1M)                       0.00    8680.99 r
  data arrival time                                               8680.99

  clock TX_CLK (rise edge)                             8681.50    8681.50
  clock network delay (ideal)                             0.00    8681.50
  clock uncertainty                                      -0.20    8681.30
  B4/B1/B0/Data_reg[7]/CK (DFFRQX1M)                      0.00    8681.30 r
  library setup time                                     -0.31    8680.99
  data required time                                              8680.99
  --------------------------------------------------------------------------
  data required time                                              8680.99
  data arrival time                                              -8680.99
  --------------------------------------------------------------------------
  slack (MET)                                                        0.00


  Startpoint: B9/B2/mem_reg[7][5]
              (rising edge-triggered flip-flop clocked by REF_CLK)
  Endpoint: B4/B1/B0/Data_reg[5]
            (rising edge-triggered flip-flop clocked by TX_CLK)
  Path Group: TX_CLK
  Path Type: max

  Point                                                   Incr       Path
  --------------------------------------------------------------------------
  clock REF_CLK (rise edge)                            8680.00    8680.00
  clock network delay (ideal)                             0.00    8680.00
  B9/B2/mem_reg[7][5]/CK (DFFQX2M)                        0.00    8680.00 r
  B9/B2/mem_reg[7][5]/Q (DFFQX2M)                         0.34    8680.34 f
  B9/B2/U20/Y (MX2X3M)                                    0.19    8680.54 f
  B9/B2/U8/Y (MX2X3M)                                     0.18    8680.72 f
  B9/B2/U21/Y (NAND2X1M)                                  0.07    8680.79 r
  B9/B2/U23/Y (NAND2X2M)                                  0.06    8680.85 f
  B9/B2/rdata[5] (fifo_async_width8_depth8_n3)            0.00    8680.85 f
  B9/rdata[5] (FIFO_TOP)                                  0.00    8680.85 f
  B4/RD_DATA[5] (UART_TOP)                                0.00    8680.85 f
  B4/B1/P_DATA[5] (UART_TX_DATA_WIDTH8)                   0.00    8680.85 f
  B4/B1/B0/P_DATA[5] (serializer_DATA_WIDTH8)             0.00    8680.85 f
  B4/B1/B0/U23/Y (AOI22XLM)                               0.20    8681.05 r
  B4/B1/B0/U22/Y (OAI2BB1XLM)                             0.10    8681.15 f
  B4/B1/B0/Data_reg[5]/D (DFFRHQX1M)                      0.00    8681.15 f
  data arrival time                                               8681.15

  clock TX_CLK (rise edge)                             8681.50    8681.50
  clock network delay (ideal)                             0.00    8681.50
  clock uncertainty                                      -0.20    8681.30
  B4/B1/B0/Data_reg[5]/CK (DFFRHQX1M)                     0.00    8681.30 r
  library setup time                                     -0.14    8681.15
  data required time                                              8681.15
  --------------------------------------------------------------------------
  data required time                                              8681.15
  data arrival time                                              -8681.15
  --------------------------------------------------------------------------
  slack (MET)                                                        0.00


  Startpoint: B9/B2/mem_reg[7][3]
              (rising edge-triggered flip-flop clocked by REF_CLK)
  Endpoint: B4/B1/B0/Data_reg[3]
            (rising edge-triggered flip-flop clocked by TX_CLK)
  Path Group: TX_CLK
  Path Type: max

  Point                                                   Incr       Path
  --------------------------------------------------------------------------
  clock REF_CLK (rise edge)                            8680.00    8680.00
  clock network delay (ideal)                             0.00    8680.00
  B9/B2/mem_reg[7][3]/CK (DFFQX2M)                        0.00    8680.00 r
  B9/B2/mem_reg[7][3]/Q (DFFQX2M)                         0.34    8680.34 f
  B9/B2/U11/Y (MX4X2M)                                    0.33    8680.67 f
  B9/B2/U10/Y (MX2X3M)                                    0.19    8680.86 f
  B9/B2/rdata[3] (fifo_async_width8_depth8_n3)            0.00    8680.86 f
  B9/rdata[3] (FIFO_TOP)                                  0.00    8680.86 f
  B4/RD_DATA[3] (UART_TOP)                                0.00    8680.86 f
  B4/B1/P_DATA[3] (UART_TX_DATA_WIDTH8)                   0.00    8680.86 f
  B4/B1/B0/P_DATA[3] (serializer_DATA_WIDTH8)             0.00    8680.86 f
  B4/B1/B0/U3/Y (AND2X2M)                                 0.14    8681.01 f
  B4/B1/B0/U8/Y (NOR2X2M)                                 0.11    8681.12 r
  B4/B1/B0/U7/Y (OAI2BB1X2M)                              0.06    8681.18 f
  B4/B1/B0/Data_reg[3]/D (DFFRQX1M)                       0.00    8681.18 f
  data arrival time                                               8681.18

  clock TX_CLK (rise edge)                             8681.50    8681.50
  clock network delay (ideal)                             0.00    8681.50
  clock uncertainty                                      -0.20    8681.30
  B4/B1/B0/Data_reg[3]/CK (DFFRQX1M)                      0.00    8681.30 r
  library setup time                                     -0.12    8681.18
  data required time                                              8681.18
  --------------------------------------------------------------------------
  data required time                                              8681.18
  data arrival time                                              -8681.18
  --------------------------------------------------------------------------
  slack (MET)                                                        0.00


  Startpoint: B9/B2/mem_reg[7][5]
              (rising edge-triggered flip-flop clocked by REF_CLK)
  Endpoint: B4/B1/B2/DATA_reg[5]
            (rising edge-triggered flip-flop clocked by TX_CLK)
  Path Group: TX_CLK
  Path Type: max

  Point                                                   Incr       Path
  --------------------------------------------------------------------------
  clock REF_CLK (rise edge)                            8680.00    8680.00
  clock network delay (ideal)                             0.00    8680.00
  B9/B2/mem_reg[7][5]/CK (DFFQX2M)                        0.00    8680.00 r
  B9/B2/mem_reg[7][5]/Q (DFFQX2M)                         0.34    8680.34 f
  B9/B2/U20/Y (MX2X3M)                                    0.19    8680.54 f
  B9/B2/U8/Y (MX2X3M)                                     0.18    8680.72 f
  B9/B2/U21/Y (NAND2X1M)                                  0.07    8680.79 r
  B9/B2/U23/Y (NAND2X2M)                                  0.06    8680.85 f
  B9/B2/rdata[5] (fifo_async_width8_depth8_n3)            0.00    8680.85 f
  B9/rdata[5] (FIFO_TOP)                                  0.00    8680.85 f
  B4/RD_DATA[5] (UART_TOP)                                0.00    8680.85 f
  B4/B1/P_DATA[5] (UART_TX_DATA_WIDTH8)                   0.00    8680.85 f
  B4/B1/B2/P_DATA[5] (parity_calc_DATA_WIDTH8)            0.00    8680.85 f
  B4/B1/B2/U6/Y (AO2B2XLM)                                0.29    8681.14 f
  B4/B1/B2/DATA_reg[5]/D (DFFRQX2M)                       0.00    8681.14 f
  data arrival time                                               8681.14

  clock TX_CLK (rise edge)                             8681.50    8681.50
  clock network delay (ideal)                             0.00    8681.50
  clock uncertainty                                      -0.20    8681.30
  B4/B1/B2/DATA_reg[5]/CK (DFFRQX2M)                      0.00    8681.30 r
  library setup time                                     -0.16    8681.14
  data required time                                              8681.14
  --------------------------------------------------------------------------
  data required time                                              8681.14
  data arrival time                                              -8681.14
  --------------------------------------------------------------------------
  slack (MET)                                                        0.00


  Startpoint: B9/B2/mem_reg[3][1]
              (rising edge-triggered flip-flop clocked by REF_CLK)
  Endpoint: B4/B1/B2/DATA_reg[1]
            (rising edge-triggered flip-flop clocked by TX_CLK)
  Path Group: TX_CLK
  Path Type: max

  Point                                                   Incr       Path
  --------------------------------------------------------------------------
  clock REF_CLK (rise edge)                            8680.00    8680.00
  clock network delay (ideal)                             0.00    8680.00
  B9/B2/mem_reg[3][1]/CK (DFFQX2M)                        0.00    8680.00 r
  B9/B2/mem_reg[3][1]/Q (DFFQX2M)                         0.34    8680.34 f
  B9/B2/U7/Y (MX4X4M)                                     0.34    8680.69 f
  B9/B2/U6/Y (NAND2X2M)                                   0.07    8680.76 r
  B9/B2/U26/Y (NAND2X2M)                                  0.08    8680.84 f
  B9/B2/rdata[1] (fifo_async_width8_depth8_n3)            0.00    8680.84 f
  B9/rdata[1] (FIFO_TOP)                                  0.00    8680.84 f
  B4/RD_DATA[1] (UART_TOP)                                0.00    8680.84 f
  B4/B1/P_DATA[1] (UART_TX_DATA_WIDTH8)                   0.00    8680.84 f
  B4/B1/B2/P_DATA[1] (parity_calc_DATA_WIDTH8)            0.00    8680.84 f
  B4/B1/B2/U9/Y (AO2B2X2M)                                0.30    8681.14 f
  B4/B1/B2/DATA_reg[1]/D (DFFRQX2M)                       0.00    8681.14 f
  data arrival time                                               8681.14

  clock TX_CLK (rise edge)                             8681.50    8681.50
  clock network delay (ideal)                             0.00    8681.50
  clock uncertainty                                      -0.20    8681.30
  B4/B1/B2/DATA_reg[1]/CK (DFFRQX2M)                      0.00    8681.30 r
  library setup time                                     -0.15    8681.15
  data required time                                              8681.15
  --------------------------------------------------------------------------
  data required time                                              8681.15
  data arrival time                                              -8681.14
  --------------------------------------------------------------------------
  slack (MET)                                                        0.00


  Startpoint: B9/B2/mem_reg[7][0]
              (rising edge-triggered flip-flop clocked by REF_CLK)
  Endpoint: B4/B1/B2/DATA_reg[0]
            (rising edge-triggered flip-flop clocked by TX_CLK)
  Path Group: TX_CLK
  Path Type: max

  Point                                                   Incr       Path
  --------------------------------------------------------------------------
  clock REF_CLK (rise edge)                            8680.00    8680.00
  clock network delay (ideal)                             0.00    8680.00
  B9/B2/mem_reg[7][0]/CK (DFFQX2M)                        0.00    8680.00 r
  B9/B2/mem_reg[7][0]/Q (DFFQX2M)                         0.34    8680.34 f
  B9/B2/U16/Y (MX4X1M)                                    0.34    8680.68 f
  B9/B2/U12/Y (CLKMX2X2M)                                 0.23    8680.91 f
  B9/B2/rdata[0] (fifo_async_width8_depth8_n3)            0.00    8680.91 f
  B9/rdata[0] (FIFO_TOP)                                  0.00    8680.91 f
  B4/RD_DATA[0] (UART_TOP)                                0.00    8680.91 f
  B4/B1/P_DATA[0] (UART_TX_DATA_WIDTH8)                   0.00    8680.91 f
  B4/B1/B2/P_DATA[0] (parity_calc_DATA_WIDTH8)            0.00    8680.91 f
  B4/B1/B2/U7/Y (AO2B2X2M)                                0.26    8681.17 f
  B4/B1/B2/DATA_reg[0]/D (DFFRQX1M)                       0.00    8681.17 f
  data arrival time                                               8681.17

  clock TX_CLK (rise edge)                             8681.50    8681.50
  clock network delay (ideal)                             0.00    8681.50
  clock uncertainty                                      -0.20    8681.30
  B4/B1/B2/DATA_reg[0]/CK (DFFRQX1M)                      0.00    8681.30 r
  library setup time                                     -0.12    8681.17
  data required time                                              8681.17
  --------------------------------------------------------------------------
  data required time                                              8681.17
  data arrival time                                              -8681.17
  --------------------------------------------------------------------------
  slack (MET)                                                        0.00


  Startpoint: B1/RegFile_reg[2][1]
              (rising edge-triggered flip-flop clocked by REF_CLK)
  Endpoint: B4/B1/B2/parity_bit_reg
            (rising edge-triggered flip-flop clocked by TX_CLK)
  Path Group: TX_CLK
  Path Type: max

  Point                                                   Incr       Path
  --------------------------------------------------------------------------
  clock REF_CLK (rise edge)                            8680.00    8680.00
  clock network delay (ideal)                             0.00    8680.00
  B1/RegFile_reg[2][1]/CK (DFFRQX2M)                      0.00    8680.00 r
  B1/RegFile_reg[2][1]/Q (DFFRQX2M)                       0.51    8680.51 f
  B1/REG2[1] (RegFile)                                    0.00    8680.51 f
  B4/UART_CONFIG[1] (UART_TOP)                            0.00    8680.51 f
  B4/B1/PAR_TYP (UART_TX_DATA_WIDTH8)                     0.00    8680.51 f
  B4/B1/B2/PAR_TYP (parity_calc_DATA_WIDTH8)              0.00    8680.51 f
  B4/B1/B2/U11/Y (XNOR3X2M)                               0.38    8680.88 f
  B4/B1/B2/U2/Y (AO22X2M)                                 0.25    8681.14 f
  B4/B1/B2/parity_bit_reg/D (DFFRQX2M)                    0.00    8681.14 f
  data arrival time                                               8681.14

  clock TX_CLK (rise edge)                             8681.50    8681.50
  clock network delay (ideal)                             0.00    8681.50
  clock uncertainty                                      -0.20    8681.30
  B4/B1/B2/parity_bit_reg/CK (DFFRQX2M)                   0.00    8681.30 r
  library setup time                                     -0.15    8681.15
  data required time                                              8681.15
  --------------------------------------------------------------------------
  data required time                                              8681.15
  data arrival time                                              -8681.14
  --------------------------------------------------------------------------
  slack (MET)                                                        0.01


  Startpoint: B9/B2/mem_reg[7][2]
              (rising edge-triggered flip-flop clocked by REF_CLK)
  Endpoint: B4/B1/B0/Data_reg[2]
            (rising edge-triggered flip-flop clocked by TX_CLK)
  Path Group: TX_CLK
  Path Type: max

  Point                                                   Incr       Path
  --------------------------------------------------------------------------
  clock REF_CLK (rise edge)                            8680.00    8680.00
  clock network delay (ideal)                             0.00    8680.00
  B9/B2/mem_reg[7][2]/CK (DFFQX2M)                        0.00    8680.00 r
  B9/B2/mem_reg[7][2]/Q (DFFQX2M)                         0.33    8680.33 r
  B9/B2/U35/Y (MX4X1M)                                    0.22    8680.56 r
  B9/B2/U32/Y (CLKNAND2X2M)                               0.09    8680.64 f
  B9/B2/U33/Y (NAND2X2M)                                  0.09    8680.74 r
  B9/B2/rdata[2] (fifo_async_width8_depth8_n3)            0.00    8680.74 r
  B9/rdata[2] (FIFO_TOP)                                  0.00    8680.74 r
  B4/RD_DATA[2] (UART_TOP)                                0.00    8680.74 r
  B4/B1/P_DATA[2] (UART_TX_DATA_WIDTH8)                   0.00    8680.74 r
  B4/B1/B0/P_DATA[2] (serializer_DATA_WIDTH8)             0.00    8680.74 r
  B4/B1/B0/U17/Y (AOI22XLM)                               0.12    8680.86 f
  B4/B1/B0/U19/Y (OAI2BB1XLM)                             0.11    8680.97 r
  B4/B1/B0/Data_reg[2]/D (DFFRQX1M)                       0.00    8680.97 r
  data arrival time                                               8680.97

  clock TX_CLK (rise edge)                             8681.50    8681.50
  clock network delay (ideal)                             0.00    8681.50
  clock uncertainty                                      -0.20    8681.30
  B4/B1/B0/Data_reg[2]/CK (DFFRQX1M)                      0.00    8681.30 r
  library setup time                                     -0.32    8680.98
  data required time                                              8680.98
  --------------------------------------------------------------------------
  data required time                                              8680.98
  data arrival time                                              -8680.97
  --------------------------------------------------------------------------
  slack (MET)                                                        0.01


  Startpoint: B9/B2/mem_reg[3][2]
              (rising edge-triggered flip-flop clocked by REF_CLK)
  Endpoint: B4/B1/B2/DATA_reg[2]
            (rising edge-triggered flip-flop clocked by TX_CLK)
  Path Group: TX_CLK
  Path Type: max

  Point                                                   Incr       Path
  --------------------------------------------------------------------------
  clock REF_CLK (rise edge)                            8680.00    8680.00
  clock network delay (ideal)                             0.00    8680.00
  B9/B2/mem_reg[3][2]/CK (DFFQX2M)                        0.00    8680.00 r
  B9/B2/mem_reg[3][2]/Q (DFFQX2M)                         0.34    8680.34 f
  B9/B2/U34/Y (MX4X1M)                                    0.35    8680.69 f
  B9/B2/U31/Y (CLKNAND2X2M)                               0.07    8680.76 r
  B9/B2/U33/Y (NAND2X2M)                                  0.07    8680.83 f
  B9/B2/rdata[2] (fifo_async_width8_depth8_n3)            0.00    8680.83 f
  B9/rdata[2] (FIFO_TOP)                                  0.00    8680.83 f
  B4/RD_DATA[2] (UART_TOP)                                0.00    8680.83 f
  B4/B1/P_DATA[2] (UART_TX_DATA_WIDTH8)                   0.00    8680.83 f
  B4/B1/B2/P_DATA[2] (parity_calc_DATA_WIDTH8)            0.00    8680.83 f
  B4/B1/B2/U10/Y (AO2B2X2M)                               0.30    8681.13 f
  B4/B1/B2/DATA_reg[2]/D (DFFRQX2M)                       0.00    8681.13 f
  data arrival time                                               8681.13

  clock TX_CLK (rise edge)                             8681.50    8681.50
  clock network delay (ideal)                             0.00    8681.50
  clock uncertainty                                      -0.20    8681.30
  B4/B1/B2/DATA_reg[2]/CK (DFFRQX2M)                      0.00    8681.30 r
  library setup time                                     -0.15    8681.15
  data required time                                              8681.15
  --------------------------------------------------------------------------
  data required time                                              8681.15
  data arrival time                                              -8681.13
  --------------------------------------------------------------------------
  slack (MET)                                                        0.01


  Startpoint: B9/B2/mem_reg[3][4]
              (rising edge-triggered flip-flop clocked by REF_CLK)
  Endpoint: B4/B1/B2/DATA_reg[4]
            (rising edge-triggered flip-flop clocked by TX_CLK)
  Path Group: TX_CLK
  Path Type: max

  Point                                                   Incr       Path
  --------------------------------------------------------------------------
  clock REF_CLK (rise edge)                            8680.00    8680.00
  clock network delay (ideal)                             0.00    8680.00
  B9/B2/mem_reg[3][4]/CK (DFFQX2M)                        0.00    8680.00 r
  B9/B2/mem_reg[3][4]/Q (DFFQX2M)                         0.34    8680.34 f
  B9/B2/U54/Y (MX4X1M)                                    0.35    8680.69 f
  B9/B2/U5/Y (CLKNAND2X2M)                                0.07    8680.76 r
  B9/B2/U37/Y (NAND2X2M)                                  0.07    8680.83 f
  B9/B2/rdata[4] (fifo_async_width8_depth8_n3)            0.00    8680.83 f
  B9/rdata[4] (FIFO_TOP)                                  0.00    8680.83 f
  B4/RD_DATA[4] (UART_TOP)                                0.00    8680.83 f
  B4/B1/P_DATA[4] (UART_TX_DATA_WIDTH8)                   0.00    8680.83 f
  B4/B1/B2/P_DATA[4] (parity_calc_DATA_WIDTH8)            0.00    8680.83 f
  B4/B1/B2/U14/Y (AO2B2X2M)                               0.30    8681.13 f
  B4/B1/B2/DATA_reg[4]/D (DFFRQX2M)                       0.00    8681.13 f
  data arrival time                                               8681.13

  clock TX_CLK (rise edge)                             8681.50    8681.50
  clock network delay (ideal)                             0.00    8681.50
  clock uncertainty                                      -0.20    8681.30
  B4/B1/B2/DATA_reg[4]/CK (DFFRQX2M)                      0.00    8681.30 r
  library setup time                                     -0.15    8681.15
  data required time                                              8681.15
  --------------------------------------------------------------------------
  data required time                                              8681.15
  data arrival time                                              -8681.13
  --------------------------------------------------------------------------
  slack (MET)                                                        0.01


  Startpoint: B9/B2/mem_reg[7][4]
              (rising edge-triggered flip-flop clocked by REF_CLK)
  Endpoint: B4/B1/B0/Data_reg[4]
            (rising edge-triggered flip-flop clocked by TX_CLK)
  Path Group: TX_CLK
  Path Type: max

  Point                                                   Incr       Path
  --------------------------------------------------------------------------
  clock REF_CLK (rise edge)                            8680.00    8680.00
  clock network delay (ideal)                             0.00    8680.00
  B9/B2/mem_reg[7][4]/CK (DFFQX2M)                        0.00    8680.00 r
  B9/B2/mem_reg[7][4]/Q (DFFQX2M)                         0.33    8680.33 r
  B9/B2/U55/Y (MX4X1M)                                    0.22    8680.55 r
  B9/B2/U36/Y (CLKNAND2X2M)                               0.09    8680.64 f
  B9/B2/U37/Y (NAND2X2M)                                  0.09    8680.74 r
  B9/B2/rdata[4] (fifo_async_width8_depth8_n3)            0.00    8680.74 r
  B9/rdata[4] (FIFO_TOP)                                  0.00    8680.74 r
  B4/RD_DATA[4] (UART_TOP)                                0.00    8680.74 r
  B4/B1/P_DATA[4] (UART_TX_DATA_WIDTH8)                   0.00    8680.74 r
  B4/B1/B0/P_DATA[4] (serializer_DATA_WIDTH8)             0.00    8680.74 r
  B4/B1/B0/U21/Y (AOI22XLM)                               0.12    8680.86 f
  B4/B1/B0/U20/Y (OAI2BB1XLM)                             0.11    8680.97 r
  B4/B1/B0/Data_reg[4]/D (DFFRQX1M)                       0.00    8680.97 r
  data arrival time                                               8680.97

  clock TX_CLK (rise edge)                             8681.50    8681.50
  clock network delay (ideal)                             0.00    8681.50
  clock uncertainty                                      -0.20    8681.30
  B4/B1/B0/Data_reg[4]/CK (DFFRQX1M)                      0.00    8681.30 r
  library setup time                                     -0.32    8680.98
  data required time                                              8680.98
  --------------------------------------------------------------------------
  data required time                                              8680.98
  data arrival time                                              -8680.97
  --------------------------------------------------------------------------
  slack (MET)                                                        0.01


  Startpoint: B9/B2/mem_reg[7][3]
              (rising edge-triggered flip-flop clocked by REF_CLK)
  Endpoint: B4/B1/B2/DATA_reg[3]
            (rising edge-triggered flip-flop clocked by TX_CLK)
  Path Group: TX_CLK
  Path Type: max

  Point                                                   Incr       Path
  --------------------------------------------------------------------------
  clock REF_CLK (rise edge)                            8680.00    8680.00
  clock network delay (ideal)                             0.00    8680.00
  B9/B2/mem_reg[7][3]/CK (DFFQX2M)                        0.00    8680.00 r
  B9/B2/mem_reg[7][3]/Q (DFFQX2M)                         0.34    8680.34 f
  B9/B2/U11/Y (MX4X2M)                                    0.33    8680.67 f
  B9/B2/U10/Y (MX2X3M)                                    0.19    8680.86 f
  B9/B2/rdata[3] (fifo_async_width8_depth8_n3)            0.00    8680.86 f
  B9/rdata[3] (FIFO_TOP)                                  0.00    8680.86 f
  B4/RD_DATA[3] (UART_TOP)                                0.00    8680.86 f
  B4/B1/P_DATA[3] (UART_TX_DATA_WIDTH8)                   0.00    8680.86 f
  B4/B1/B2/P_DATA[3] (parity_calc_DATA_WIDTH8)            0.00    8680.86 f
  B4/B1/B2/U5/Y (AO2B2XLM)                                0.29    8681.15 f
  B4/B1/B2/DATA_reg[3]/D (DFFRQX1M)                       0.00    8681.15 f
  data arrival time                                               8681.15

  clock TX_CLK (rise edge)                             8681.50    8681.50
  clock network delay (ideal)                             0.00    8681.50
  clock uncertainty                                      -0.20    8681.30
  B4/B1/B2/DATA_reg[3]/CK (DFFRQX1M)                      0.00    8681.30 r
  library setup time                                     -0.13    8681.17
  data required time                                              8681.17
  --------------------------------------------------------------------------
  data required time                                              8681.17
  data arrival time                                              -8681.15
  --------------------------------------------------------------------------
  slack (MET)                                                        0.02


  Startpoint: B9/B2/mem_reg[4][7]
              (rising edge-triggered flip-flop clocked by REF_CLK)
  Endpoint: B4/B1/B2/DATA_reg[7]
            (rising edge-triggered flip-flop clocked by TX_CLK)
  Path Group: TX_CLK
  Path Type: max

  Point                                                   Incr       Path
  --------------------------------------------------------------------------
  clock REF_CLK (rise edge)                            8680.00    8680.00
  clock network delay (ideal)                             0.00    8680.00
  B9/B2/mem_reg[4][7]/CK (DFFQX2M)                        0.00    8680.00 r
  B9/B2/mem_reg[4][7]/Q (DFFQX2M)                         0.35    8680.35 f
  B9/B2/U48/Y (MX2X3M)                                    0.18    8680.53 f
  B9/B2/U50/Y (MX2X3M)                                    0.17    8680.71 f
  B9/B2/U4/Y (NAND2X2M)                                   0.06    8680.77 r
  B9/B2/U17/Y (CLKNAND2X2M)                               0.09    8680.86 f
  B9/B2/rdata[7] (fifo_async_width8_depth8_n3)            0.00    8680.86 f
  B9/rdata[7] (FIFO_TOP)                                  0.00    8680.86 f
  B4/RD_DATA[7] (UART_TOP)                                0.00    8680.86 f
  B4/B1/P_DATA[7] (UART_TX_DATA_WIDTH8)                   0.00    8680.86 f
  B4/B1/B2/P_DATA[7] (parity_calc_DATA_WIDTH8)            0.00    8680.86 f
  B4/B1/B2/U3/Y (AO2B2X2M)                                0.25    8681.11 f
  B4/B1/B2/DATA_reg[7]/D (DFFRQX2M)                       0.00    8681.11 f
  data arrival time                                               8681.11

  clock TX_CLK (rise edge)                             8681.50    8681.50
  clock network delay (ideal)                             0.00    8681.50
  clock uncertainty                                      -0.20    8681.30
  B4/B1/B2/DATA_reg[7]/CK (DFFRQX2M)                      0.00    8681.30 r
  library setup time                                     -0.15    8681.15
  data required time                                              8681.15
  --------------------------------------------------------------------------
  data required time                                              8681.15
  data arrival time                                              -8681.11
  --------------------------------------------------------------------------
  slack (MET)                                                        0.04


  Startpoint: B9/B2/mem_reg[3][6]
              (rising edge-triggered flip-flop clocked by REF_CLK)
  Endpoint: B4/B1/B0/Data_reg[6]
            (rising edge-triggered flip-flop clocked by TX_CLK)
  Path Group: TX_CLK
  Path Type: max

  Point                                                   Incr       Path
  --------------------------------------------------------------------------
  clock REF_CLK (rise edge)                            8680.00    8680.00
  clock network delay (ideal)                             0.00    8680.00
  B9/B2/mem_reg[3][6]/CK (DFFQX2M)                        0.00    8680.00 r
  B9/B2/mem_reg[3][6]/Q (DFFQX2M)                         0.34    8680.34 f
  B9/B2/U27/Y (MX4X1M)                                    0.36    8680.70 f
  B9/B2/U13/Y (NAND2X2M)                                  0.08    8680.78 r
  B9/B2/U15/Y (NAND2X2M)                                  0.08    8680.86 f
  B9/B2/rdata[6] (fifo_async_width8_depth8_n3)            0.00    8680.86 f
  B9/rdata[6] (FIFO_TOP)                                  0.00    8680.86 f
  B4/RD_DATA[6] (UART_TOP)                                0.00    8680.86 f
  B4/B1/P_DATA[6] (UART_TX_DATA_WIDTH8)                   0.00    8680.86 f
  B4/B1/B0/P_DATA[6] (serializer_DATA_WIDTH8)             0.00    8680.86 f
  B4/B1/B0/U29/Y (AOI22X1M)                               0.19    8681.04 r
  B4/B1/B0/U28/Y (OAI2BB1X2M)                             0.07    8681.11 f
  B4/B1/B0/Data_reg[6]/D (DFFRQX2M)                       0.00    8681.11 f
  data arrival time                                               8681.11

  clock TX_CLK (rise edge)                             8681.50    8681.50
  clock network delay (ideal)                             0.00    8681.50
  clock uncertainty                                      -0.20    8681.30
  B4/B1/B0/Data_reg[6]/CK (DFFRQX2M)                      0.00    8681.30 r
  library setup time                                     -0.15    8681.15
  data required time                                              8681.15
  --------------------------------------------------------------------------
  data required time                                              8681.15
  data arrival time                                              -8681.11
  --------------------------------------------------------------------------
  slack (MET)                                                        0.04


  Startpoint: B9/B2/mem_reg[3][6]
              (rising edge-triggered flip-flop clocked by REF_CLK)
  Endpoint: B4/B1/B2/DATA_reg[6]
            (rising edge-triggered flip-flop clocked by TX_CLK)
  Path Group: TX_CLK
  Path Type: max

  Point                                                   Incr       Path
  --------------------------------------------------------------------------
  clock REF_CLK (rise edge)                            8680.00    8680.00
  clock network delay (ideal)                             0.00    8680.00
  B9/B2/mem_reg[3][6]/CK (DFFQX2M)                        0.00    8680.00 r
  B9/B2/mem_reg[3][6]/Q (DFFQX2M)                         0.34    8680.34 f
  B9/B2/U27/Y (MX4X1M)                                    0.36    8680.70 f
  B9/B2/U13/Y (NAND2X2M)                                  0.08    8680.78 r
  B9/B2/U15/Y (NAND2X2M)                                  0.08    8680.86 f
  B9/B2/rdata[6] (fifo_async_width8_depth8_n3)            0.00    8680.86 f
  B9/rdata[6] (FIFO_TOP)                                  0.00    8680.86 f
  B4/RD_DATA[6] (UART_TOP)                                0.00    8680.86 f
  B4/B1/P_DATA[6] (UART_TX_DATA_WIDTH8)                   0.00    8680.86 f
  B4/B1/B2/P_DATA[6] (parity_calc_DATA_WIDTH8)            0.00    8680.86 f
  B4/B1/B2/U8/Y (AO2B2X4M)                                0.25    8681.11 f
  B4/B1/B2/DATA_reg[6]/D (DFFRQX2M)                       0.00    8681.11 f
  data arrival time                                               8681.11

  clock TX_CLK (rise edge)                             8681.50    8681.50
  clock network delay (ideal)                             0.00    8681.50
  clock uncertainty                                      -0.20    8681.30
  B4/B1/B2/DATA_reg[6]/CK (DFFRQX2M)                      0.00    8681.30 r
  library setup time                                     -0.15    8681.15
  data required time                                              8681.15
  --------------------------------------------------------------------------
  data required time                                              8681.15
  data arrival time                                              -8681.11
  --------------------------------------------------------------------------
  slack (MET)                                                        0.04


  Startpoint: B1/RegFile_reg[2][0]
              (rising edge-triggered flip-flop clocked by REF_CLK)
  Endpoint: B4/B1/B1/current_state_reg[2]
            (rising edge-triggered flip-flop clocked by TX_CLK)
  Path Group: TX_CLK
  Path Type: max

  Point                                                   Incr       Path
  --------------------------------------------------------------------------
  clock REF_CLK (rise edge)                            8680.00    8680.00
  clock network delay (ideal)                             0.00    8680.00
  B1/RegFile_reg[2][0]/CK (DFFSQX2M)                      0.00    8680.00 r
  B1/RegFile_reg[2][0]/Q (DFFSQX2M)                       0.52    8680.52 f
  B1/REG2[0] (RegFile)                                    0.00    8680.52 f
  B4/UART_CONFIG[0] (UART_TOP)                            0.00    8680.52 f
  B4/B1/PAR_EN (UART_TX_DATA_WIDTH8)                      0.00    8680.52 f
  B4/B1/B1/PAR_EN (UART_FSM)                              0.00    8680.52 f
  B4/B1/B1/U7/Y (AOI2B1X1M)                               0.23    8680.75 f
  B4/B1/B1/U6/Y (NOR2BX2M)                                0.10    8680.86 r
  B4/B1/B1/current_state_reg[2]/D (DFFRQX2M)              0.00    8680.86 r
  data arrival time                                               8680.86

  clock TX_CLK (rise edge)                             8681.50    8681.50
  clock network delay (ideal)                             0.00    8681.50
  clock uncertainty                                      -0.20    8681.30
  B4/B1/B1/current_state_reg[2]/CK (DFFRQX2M)             0.00    8681.30 r
  library setup time                                     -0.30    8681.00
  data required time                                              8681.00
  --------------------------------------------------------------------------
  data required time                                              8681.00
  data arrival time                                              -8680.86
  --------------------------------------------------------------------------
  slack (MET)                                                        0.14


  Startpoint: B4/B1/B1/current_state_reg[1]
              (rising edge-triggered flip-flop clocked by TX_CLK)
  Endpoint: B4/B1/B0/counter_reg[2]
            (rising edge-triggered flip-flop clocked by TX_CLK)
  Path Group: TX_CLK
  Path Type: max

  Point                                                   Incr       Path
  --------------------------------------------------------------------------
  clock TX_CLK (rise edge)                                0.00       0.00
  clock network delay (ideal)                             0.00       0.00
  B4/B1/B1/current_state_reg[1]/CK (DFFRX1M)              0.00       0.00 r
  B4/B1/B1/current_state_reg[1]/Q (DFFRX1M)               0.52       0.52 r
  B4/B1/B1/U8/Y (XNOR2X2M)                                0.21       0.73 r
  B4/B1/B1/U4/Y (NAND2X2M)                                0.11       0.84 f
  B4/B1/B1/U3/Y (INVX2M)                                  0.07       0.91 r
  B4/B1/B1/ser_en (UART_FSM)                              0.00       0.91 r
  B4/B1/B0/ser_en (serializer_DATA_WIDTH8)                0.00       0.91 r
  B4/B1/B0/U27/Y (INVX2M)                                 0.06       0.97 f
  B4/B1/B0/U33/Y (NOR2X2M)                                0.09       1.07 r
  B4/B1/B0/U30/Y (OAI2BB2X1M)                             0.15       1.22 r
  B4/B1/B0/counter_reg[2]/D (DFFRQX2M)                    0.00       1.22 r
  data arrival time                                                  1.22

  clock TX_CLK (rise edge)                             8681.50    8681.50
  clock network delay (ideal)                             0.00    8681.50
  clock uncertainty                                      -0.20    8681.30
  B4/B1/B0/counter_reg[2]/CK (DFFRQX2M)                   0.00    8681.30 r
  library setup time                                     -0.31    8680.99
  data required time                                              8680.99
  --------------------------------------------------------------------------
  data required time                                              8680.99
  data arrival time                                                 -1.22
  --------------------------------------------------------------------------
  slack (MET)                                                     8679.77


  Startpoint: B4/B1/B1/current_state_reg[1]
              (rising edge-triggered flip-flop clocked by TX_CLK)
  Endpoint: B4/B1/B0/counter_reg[0]
            (rising edge-triggered flip-flop clocked by TX_CLK)
  Path Group: TX_CLK
  Path Type: max

  Point                                                   Incr       Path
  --------------------------------------------------------------------------
  clock TX_CLK (rise edge)                                0.00       0.00
  clock network delay (ideal)                             0.00       0.00
  B4/B1/B1/current_state_reg[1]/CK (DFFRX1M)              0.00       0.00 r
  B4/B1/B1/current_state_reg[1]/Q (DFFRX1M)               0.52       0.52 r
  B4/B1/B1/U8/Y (XNOR2X2M)                                0.21       0.73 r
  B4/B1/B1/U4/Y (NAND2X2M)                                0.11       0.84 f
  B4/B1/B1/U3/Y (INVX2M)                                  0.07       0.91 r
  B4/B1/B1/ser_en (UART_FSM)                              0.00       0.91 r
  B4/B1/B0/ser_en (serializer_DATA_WIDTH8)                0.00       0.91 r
  B4/B1/B0/U27/Y (INVX2M)                                 0.06       0.97 f
  B4/B1/B0/U33/Y (NOR2X2M)                                0.09       1.07 r
  B4/B1/B0/counter_reg[0]/D (DFFRQX2M)                    0.00       1.07 r
  data arrival time                                                  1.07

  clock TX_CLK (rise edge)                             8681.50    8681.50
  clock network delay (ideal)                             0.00    8681.50
  clock uncertainty                                      -0.20    8681.30
  B4/B1/B0/counter_reg[0]/CK (DFFRQX2M)                   0.00    8681.30 r
  library setup time                                     -0.30    8681.00
  data required time                                              8681.00
  --------------------------------------------------------------------------
  data required time                                              8681.00
  data arrival time                                                 -1.07
  --------------------------------------------------------------------------
  slack (MET)                                                     8679.93


  Startpoint: B4/B1/B1/current_state_reg[1]
              (rising edge-triggered flip-flop clocked by TX_CLK)
  Endpoint: B4/B1/B0/counter_reg[1]
            (rising edge-triggered flip-flop clocked by TX_CLK)
  Path Group: TX_CLK
  Path Type: max

  Point                                                   Incr       Path
  --------------------------------------------------------------------------
  clock TX_CLK (rise edge)                                0.00       0.00
  clock network delay (ideal)                             0.00       0.00
  B4/B1/B1/current_state_reg[1]/CK (DFFRX1M)              0.00       0.00 r
  B4/B1/B1/current_state_reg[1]/Q (DFFRX1M)               0.52       0.52 r
  B4/B1/B1/U8/Y (XNOR2X2M)                                0.21       0.73 r
  B4/B1/B1/U4/Y (NAND2X2M)                                0.11       0.84 f
  B4/B1/B1/U3/Y (INVX2M)                                  0.07       0.91 r
  B4/B1/B1/ser_en (UART_FSM)                              0.00       0.91 r
  B4/B1/B0/ser_en (serializer_DATA_WIDTH8)                0.00       0.91 r
  B4/B1/B0/U27/Y (INVX2M)                                 0.06       0.97 f
  B4/B1/B0/U35/Y (NOR2X2M)                                0.09       1.06 r
  B4/B1/B0/counter_reg[1]/D (DFFRQX2M)                    0.00       1.06 r
  data arrival time                                                  1.06

  clock TX_CLK (rise edge)                             8681.50    8681.50
  clock network delay (ideal)                             0.00    8681.50
  clock uncertainty                                      -0.20    8681.30
  B4/B1/B0/counter_reg[1]/CK (DFFRQX2M)                   0.00    8681.30 r
  library setup time                                     -0.30    8681.00
  data required time                                              8681.00
  --------------------------------------------------------------------------
  data required time                                              8681.00
  data arrival time                                                 -1.06
  --------------------------------------------------------------------------
  slack (MET)                                                     8679.94


  Startpoint: B4/B1/B1/current_state_reg[2]
              (rising edge-triggered flip-flop clocked by TX_CLK)
  Endpoint: B4/B1/B1/current_state_reg[0]
            (rising edge-triggered flip-flop clocked by TX_CLK)
  Path Group: TX_CLK
  Path Type: max

  Point                                                   Incr       Path
  --------------------------------------------------------------------------
  clock TX_CLK (rise edge)                                0.00       0.00
  clock network delay (ideal)                             0.00       0.00
  B4/B1/B1/current_state_reg[2]/CK (DFFRQX2M)             0.00       0.00 r
  B4/B1/B1/current_state_reg[2]/Q (DFFRQX2M)              0.51       0.51 f
  B4/B1/B1/U11/Y (NOR2X2M)                                0.15       0.66 r
  B4/B1/B1/U14/Y (AOI2B1X1M)                              0.07       0.72 f
  B4/B1/B1/U13/Y (OAI22X1M)                               0.19       0.91 r
  B4/B1/B1/current_state_reg[0]/D (DFFRQX2M)              0.00       0.91 r
  data arrival time                                                  0.91

  clock TX_CLK (rise edge)                             8681.50    8681.50
  clock network delay (ideal)                             0.00    8681.50
  clock uncertainty                                      -0.20    8681.30
  B4/B1/B1/current_state_reg[0]/CK (DFFRQX2M)             0.00    8681.30 r
  library setup time                                     -0.32    8680.98
  data required time                                              8680.98
  --------------------------------------------------------------------------
  data required time                                              8680.98
  data arrival time                                                 -0.91
  --------------------------------------------------------------------------
  slack (MET)                                                     8680.06


  Startpoint: B4/B1/B1/current_state_reg[2]
              (rising edge-triggered flip-flop clocked by TX_CLK)
  Endpoint: B4/B1/B4/TX_OUT_reg
            (rising edge-triggered flip-flop clocked by TX_CLK)
  Path Group: TX_CLK
  Path Type: max

  Point                                                   Incr       Path
  --------------------------------------------------------------------------
  clock TX_CLK (rise edge)                                0.00       0.00
  clock network delay (ideal)                             0.00       0.00
  B4/B1/B1/current_state_reg[2]/CK (DFFRQX2M)             0.00       0.00 r
  B4/B1/B1/current_state_reg[2]/Q (DFFRQX2M)              0.51       0.51 f
  B4/B1/B1/U10/Y (NOR2X2M)                                0.20       0.71 r
  B4/B1/B1/mux_sel[1] (UART_FSM)                          0.00       0.71 r
  B4/B1/B4/mux_sel[1] (MUXX)                              0.00       0.71 r
  B4/B1/B4/U5/Y (NOR2BX2M)                                0.18       0.89 r
  B4/B1/B4/U3/Y (OAI21X2M)                                0.07       0.96 f
  B4/B1/B4/TX_OUT_reg/D (DFFSQX2M)                        0.00       0.96 f
  data arrival time                                                  0.96

  clock TX_CLK (rise edge)                             8681.50    8681.50
  clock network delay (ideal)                             0.00    8681.50
  clock uncertainty                                      -0.20    8681.30
  B4/B1/B4/TX_OUT_reg/CK (DFFSQX2M)                       0.00    8681.30 r
  library setup time                                     -0.24    8681.06
  data required time                                              8681.06
  --------------------------------------------------------------------------
  data required time                                              8681.06
  data arrival time                                                 -0.96
  --------------------------------------------------------------------------
  slack (MET)                                                     8680.10


  Startpoint: B4/B1/B1/current_state_reg[1]
              (rising edge-triggered flip-flop clocked by TX_CLK)
  Endpoint: B4/B1/B1/current_state_reg[1]
            (rising edge-triggered flip-flop clocked by TX_CLK)
  Path Group: TX_CLK
  Path Type: max

  Point                                                   Incr       Path
  --------------------------------------------------------------------------
  clock TX_CLK (rise edge)                                0.00       0.00
  clock network delay (ideal)                             0.00       0.00
  B4/B1/B1/current_state_reg[1]/CK (DFFRX1M)              0.00       0.00 r
  B4/B1/B1/current_state_reg[1]/Q (DFFRX1M)               0.52       0.52 r
  B4/B1/B1/U8/Y (XNOR2X2M)                                0.21       0.73 r
  B4/B1/B1/U4/Y (NAND2X2M)                                0.11       0.84 f
  B4/B1/B1/U15/Y (OAI21X2M)                               0.07       0.91 r
  B4/B1/B1/current_state_reg[1]/D (DFFRX1M)               0.00       0.91 r
  data arrival time                                                  0.91

  clock TX_CLK (rise edge)                             8681.50    8681.50
  clock network delay (ideal)                             0.00    8681.50
  clock uncertainty                                      -0.20    8681.30
  B4/B1/B1/current_state_reg[1]/CK (DFFRX1M)              0.00    8681.30 r
  library setup time                                     -0.25    8681.05
  data required time                                              8681.05
  --------------------------------------------------------------------------
  data required time                                              8681.05
  data arrival time                                                 -0.91
  --------------------------------------------------------------------------
  slack (MET)                                                     8680.14


  Startpoint: B10/counter_reg[0]
              (rising edge-triggered flip-flop clocked by UART_CLK)
  Endpoint: B10/counter_reg[7]
            (rising edge-triggered flip-flop clocked by UART_CLK)
  Path Group: UART_CLK
  Path Type: max

  Point                                                   Incr       Path
  --------------------------------------------------------------------------
  clock UART_CLK (rise edge)                              0.00       0.00
  clock network delay (ideal)                             0.00       0.00
  B10/counter_reg[0]/CK (DFFRQX2M)                        0.00       0.00 r
  B10/counter_reg[0]/Q (DFFRQX2M)                         0.51       0.51 f
  B10/r69/A[0] (ClkDIV_0_DW01_inc_0)                      0.00       0.51 f
  B10/r69/U1_1_1/CO (ADDHX1M)                             0.20       0.71 f
  B10/r69/U1_1_2/CO (ADDHX1M)                             0.19       0.90 f
  B10/r69/U1_1_3/CO (ADDHX1M)                             0.19       1.10 f
  B10/r69/U1_1_4/CO (ADDHX1M)                             0.19       1.29 f
  B10/r69/U1_1_5/CO (ADDHX1M)                             0.19       1.48 f
  B10/r69/U1_1_6/CO (ADDHX1M)                             0.20       1.68 f
  B10/r69/U2/Y (CLKXOR2X2M)                               0.18       1.86 r
  B10/r69/SUM[7] (ClkDIV_0_DW01_inc_0)                    0.00       1.86 r
  B10/U8/Y (NOR2BX1M)                                     0.13       1.99 r
  B10/counter_reg[7]/D (DFFRQX2M)                         0.00       1.99 r
  data arrival time                                                  1.99

  clock UART_CLK (rise edge)                            271.30     271.30
  clock network delay (ideal)                             0.00     271.30
  clock uncertainty                                      -0.20     271.10
  B10/counter_reg[7]/CK (DFFRQX2M)                        0.00     271.10 r
  library setup time                                     -0.30     270.80
  data required time                                               270.80
  --------------------------------------------------------------------------
  data required time                                               270.80
  data arrival time                                                 -1.99
  --------------------------------------------------------------------------
  slack (MET)                                                      268.80


  Startpoint: B11/counter_reg[0]
              (rising edge-triggered flip-flop clocked by UART_CLK)
  Endpoint: B11/counter_reg[7]
            (rising edge-triggered flip-flop clocked by UART_CLK)
  Path Group: UART_CLK
  Path Type: max

  Point                                                   Incr       Path
  --------------------------------------------------------------------------
  clock UART_CLK (rise edge)                              0.00       0.00
  clock network delay (ideal)                             0.00       0.00
  B11/counter_reg[0]/CK (DFFRQX2M)                        0.00       0.00 r
  B11/counter_reg[0]/Q (DFFRQX2M)                         0.51       0.51 f
  B11/r69/A[0] (ClkDIV_1_DW01_inc_0)                      0.00       0.51 f
  B11/r69/U1_1_1/CO (ADDHX1M)                             0.20       0.71 f
  B11/r69/U1_1_2/CO (ADDHX1M)                             0.19       0.90 f
  B11/r69/U1_1_3/CO (ADDHX1M)                             0.19       1.10 f
  B11/r69/U1_1_4/CO (ADDHX1M)                             0.19       1.29 f
  B11/r69/U1_1_5/CO (ADDHX1M)                             0.19       1.48 f
  B11/r69/U1_1_6/CO (ADDHX1M)                             0.20       1.68 f
  B11/r69/U2/Y (CLKXOR2X2M)                               0.18       1.86 r
  B11/r69/SUM[7] (ClkDIV_1_DW01_inc_0)                    0.00       1.86 r
  B11/U8/Y (NOR2BX1M)                                     0.13       1.99 r
  B11/counter_reg[7]/D (DFFRQX2M)                         0.00       1.99 r
  data arrival time                                                  1.99

  clock UART_CLK (rise edge)                            271.30     271.30
  clock network delay (ideal)                             0.00     271.30
  clock uncertainty                                      -0.20     271.10
  B11/counter_reg[7]/CK (DFFRQX2M)                        0.00     271.10 r
  library setup time                                     -0.30     270.80
  data required time                                               270.80
  --------------------------------------------------------------------------
  data required time                                               270.80
  data arrival time                                                 -1.99
  --------------------------------------------------------------------------
  slack (MET)                                                      268.80


  Startpoint: B10/counter_reg[0]
              (rising edge-triggered flip-flop clocked by UART_CLK)
  Endpoint: B10/counter_reg[6]
            (rising edge-triggered flip-flop clocked by UART_CLK)
  Path Group: UART_CLK
  Path Type: max

  Point                                                   Incr       Path
  --------------------------------------------------------------------------
  clock UART_CLK (rise edge)                              0.00       0.00
  clock network delay (ideal)                             0.00       0.00
  B10/counter_reg[0]/CK (DFFRQX2M)                        0.00       0.00 r
  B10/counter_reg[0]/Q (DFFRQX2M)                         0.51       0.51 f
  B10/r69/A[0] (ClkDIV_0_DW01_inc_0)                      0.00       0.51 f
  B10/r69/U1_1_1/CO (ADDHX1M)                             0.20       0.71 f
  B10/r69/U1_1_2/CO (ADDHX1M)                             0.19       0.90 f
  B10/r69/U1_1_3/CO (ADDHX1M)                             0.19       1.10 f
  B10/r69/U1_1_4/CO (ADDHX1M)                             0.19       1.29 f
  B10/r69/U1_1_5/CO (ADDHX1M)                             0.19       1.48 f
  B10/r69/U1_1_6/S (ADDHX1M)                              0.09       1.58 r
  B10/r69/SUM[6] (ClkDIV_0_DW01_inc_0)                    0.00       1.58 r
  B10/U9/Y (NOR2BX1M)                                     0.16       1.74 r
  B10/counter_reg[6]/D (DFFRQX2M)                         0.00       1.74 r
  data arrival time                                                  1.74

  clock UART_CLK (rise edge)                            271.30     271.30
  clock network delay (ideal)                             0.00     271.30
  clock uncertainty                                      -0.20     271.10
  B10/counter_reg[6]/CK (DFFRQX2M)                        0.00     271.10 r
  library setup time                                     -0.30     270.80
  data required time                                               270.80
  --------------------------------------------------------------------------
  data required time                                               270.80
  data arrival time                                                 -1.74
  --------------------------------------------------------------------------
  slack (MET)                                                      269.06


  Startpoint: B11/counter_reg[0]
              (rising edge-triggered flip-flop clocked by UART_CLK)
  Endpoint: B11/counter_reg[6]
            (rising edge-triggered flip-flop clocked by UART_CLK)
  Path Group: UART_CLK
  Path Type: max

  Point                                                   Incr       Path
  --------------------------------------------------------------------------
  clock UART_CLK (rise edge)                              0.00       0.00
  clock network delay (ideal)                             0.00       0.00
  B11/counter_reg[0]/CK (DFFRQX2M)                        0.00       0.00 r
  B11/counter_reg[0]/Q (DFFRQX2M)                         0.51       0.51 f
  B11/r69/A[0] (ClkDIV_1_DW01_inc_0)                      0.00       0.51 f
  B11/r69/U1_1_1/CO (ADDHX1M)                             0.20       0.71 f
  B11/r69/U1_1_2/CO (ADDHX1M)                             0.19       0.90 f
  B11/r69/U1_1_3/CO (ADDHX1M)                             0.19       1.10 f
  B11/r69/U1_1_4/CO (ADDHX1M)                             0.19       1.29 f
  B11/r69/U1_1_5/CO (ADDHX1M)                             0.19       1.48 f
  B11/r69/U1_1_6/S (ADDHX1M)                              0.09       1.58 r
  B11/r69/SUM[6] (ClkDIV_1_DW01_inc_0)                    0.00       1.58 r
  B11/U9/Y (NOR2BX1M)                                     0.16       1.74 r
  B11/counter_reg[6]/D (DFFRQX2M)                         0.00       1.74 r
  data arrival time                                                  1.74

  clock UART_CLK (rise edge)                            271.30     271.30
  clock network delay (ideal)                             0.00     271.30
  clock uncertainty                                      -0.20     271.10
  B11/counter_reg[6]/CK (DFFRQX2M)                        0.00     271.10 r
  library setup time                                     -0.30     270.80
  data required time                                               270.80
  --------------------------------------------------------------------------
  data required time                                               270.80
  data arrival time                                                 -1.74
  --------------------------------------------------------------------------
  slack (MET)                                                      269.06


  Startpoint: B10/counter_reg[0]
              (rising edge-triggered flip-flop clocked by UART_CLK)
  Endpoint: B10/o_div_clk_reg
            (rising edge-triggered flip-flop clocked by UART_CLK)
  Path Group: UART_CLK
  Path Type: max

  Point                                    Incr       Path
  -----------------------------------------------------------
  clock UART_CLK (rise edge)               0.00       0.00
  clock network delay (ideal)              0.00       0.00
  B10/counter_reg[0]/CK (DFFRQX2M)         0.00       0.00 r
  B10/counter_reg[0]/Q (DFFRQX2M)          0.51       0.51 f
  B10/U36/Y (XNOR2X1M)                     0.19       0.70 f
  B10/U35/Y (CLKNAND2X2M)                  0.08       0.79 r
  B10/U31/Y (NOR4X1M)                      0.06       0.84 f
  B10/U30/Y (AND4X1M)                      0.32       1.16 f
  B10/U17/Y (MXI2X1M)                      0.14       1.30 r
  B10/U3/Y (NAND2X2M)                      0.18       1.48 f
  B10/U6/Y (CLKXOR2X2M)                    0.21       1.69 r
  B10/o_div_clk_reg/D (DFFRQX2M)           0.00       1.69 r
  data arrival time                                   1.69

  clock UART_CLK (rise edge)             271.30     271.30
  clock network delay (ideal)              0.00     271.30
  clock uncertainty                       -0.20     271.10
  B10/o_div_clk_reg/CK (DFFRQX2M)          0.00     271.10 r
  library setup time                      -0.29     270.81
  data required time                                270.81
  -----------------------------------------------------------
  data required time                                270.81
  data arrival time                                  -1.69
  -----------------------------------------------------------
  slack (MET)                                       269.12


  Startpoint: B11/counter_reg[0]
              (rising edge-triggered flip-flop clocked by UART_CLK)
  Endpoint: B11/o_div_clk_reg
            (rising edge-triggered flip-flop clocked by UART_CLK)
  Path Group: UART_CLK
  Path Type: max

  Point                                    Incr       Path
  -----------------------------------------------------------
  clock UART_CLK (rise edge)               0.00       0.00
  clock network delay (ideal)              0.00       0.00
  B11/counter_reg[0]/CK (DFFRQX2M)         0.00       0.00 r
  B11/counter_reg[0]/Q (DFFRQX2M)          0.51       0.51 f
  B11/U36/Y (XNOR2X1M)                     0.19       0.70 f
  B11/U35/Y (CLKNAND2X2M)                  0.08       0.78 r
  B11/U31/Y (NOR4X1M)                      0.05       0.83 f
  B11/U30/Y (AND4X1M)                      0.32       1.15 f
  B11/U17/Y (MXI2X1M)                      0.14       1.29 r
  B11/U3/Y (NAND2X2M)                      0.18       1.47 f
  B11/U6/Y (CLKXOR2X2M)                    0.21       1.68 r
  B11/o_div_clk_reg/D (DFFRQX2M)           0.00       1.68 r
  data arrival time                                   1.68

  clock UART_CLK (rise edge)             271.30     271.30
  clock network delay (ideal)              0.00     271.30
  clock uncertainty                       -0.20     271.10
  B11/o_div_clk_reg/CK (DFFRQX2M)          0.00     271.10 r
  library setup time                      -0.29     270.81
  data required time                                270.81
  -----------------------------------------------------------
  data required time                                270.81
  data arrival time                                  -1.68
  -----------------------------------------------------------
  slack (MET)                                       269.13


  Startpoint: B10/counter_reg[0]
              (rising edge-triggered flip-flop clocked by UART_CLK)
  Endpoint: B10/flag_reg
            (rising edge-triggered flip-flop clocked by UART_CLK)
  Path Group: UART_CLK
  Path Type: max

  Point                                    Incr       Path
  -----------------------------------------------------------
  clock UART_CLK (rise edge)               0.00       0.00
  clock network delay (ideal)              0.00       0.00
  B10/counter_reg[0]/CK (DFFRQX2M)         0.00       0.00 r
  B10/counter_reg[0]/Q (DFFRQX2M)          0.51       0.51 f
  B10/U36/Y (XNOR2X1M)                     0.16       0.67 r
  B10/U35/Y (CLKNAND2X2M)                  0.11       0.78 f
  B10/U31/Y (NOR4X1M)                      0.14       0.92 r
  B10/U30/Y (AND4X1M)                      0.27       1.20 r
  B10/U16/Y (CLKNAND2X2M)                  0.11       1.31 f
  B10/U5/Y (OAI2B1X1M)                     0.23       1.53 f
  B10/U4/Y (XNOR2X1M)                      0.19       1.72 f
  B10/flag_reg/D (DFFSQX2M)                0.00       1.72 f
  data arrival time                                   1.72

  clock UART_CLK (rise edge)             271.30     271.30
  clock network delay (ideal)              0.00     271.30
  clock uncertainty                       -0.20     271.10
  B10/flag_reg/CK (DFFSQX2M)               0.00     271.10 r
  library setup time                      -0.25     270.85
  data required time                                270.85
  -----------------------------------------------------------
  data required time                                270.85
  data arrival time                                  -1.72
  -----------------------------------------------------------
  slack (MET)                                       269.13


  Startpoint: B11/counter_reg[0]
              (rising edge-triggered flip-flop clocked by UART_CLK)
  Endpoint: B11/flag_reg
            (rising edge-triggered flip-flop clocked by UART_CLK)
  Path Group: UART_CLK
  Path Type: max

  Point                                    Incr       Path
  -----------------------------------------------------------
  clock UART_CLK (rise edge)               0.00       0.00
  clock network delay (ideal)              0.00       0.00
  B11/counter_reg[0]/CK (DFFRQX2M)         0.00       0.00 r
  B11/counter_reg[0]/Q (DFFRQX2M)          0.51       0.51 f
  B11/U36/Y (XNOR2X1M)                     0.16       0.67 r
  B11/U35/Y (CLKNAND2X2M)                  0.11       0.78 f
  B11/U31/Y (NOR4X1M)                      0.14       0.92 r
  B11/U30/Y (AND4X1M)                      0.27       1.20 r
  B11/U16/Y (CLKNAND2X2M)                  0.11       1.31 f
  B11/U5/Y (OAI2B1X1M)                     0.23       1.53 f
  B11/U4/Y (XNOR2X1M)                      0.18       1.71 f
  B11/flag_reg/D (DFFSQX2M)                0.00       1.71 f
  data arrival time                                   1.71

  clock UART_CLK (rise edge)             271.30     271.30
  clock network delay (ideal)              0.00     271.30
  clock uncertainty                       -0.20     271.10
  B11/flag_reg/CK (DFFSQX2M)               0.00     271.10 r
  library setup time                      -0.25     270.85
  data required time                                270.85
  -----------------------------------------------------------
  data required time                                270.85
  data arrival time                                  -1.71
  -----------------------------------------------------------
  slack (MET)                                       269.14


  Startpoint: B10/counter_reg[0]
              (rising edge-triggered flip-flop clocked by UART_CLK)
  Endpoint: B10/counter_reg[0]
            (rising edge-triggered flip-flop clocked by UART_CLK)
  Path Group: UART_CLK
  Path Type: max

  Point                                    Incr       Path
  -----------------------------------------------------------
  clock UART_CLK (rise edge)               0.00       0.00
  clock network delay (ideal)              0.00       0.00
  B10/counter_reg[0]/CK (DFFRQX2M)         0.00       0.00 r
  B10/counter_reg[0]/Q (DFFRQX2M)          0.51       0.51 f
  B10/U36/Y (XNOR2X1M)                     0.19       0.70 f
  B10/U35/Y (CLKNAND2X2M)                  0.08       0.79 r
  B10/U31/Y (NOR4X1M)                      0.06       0.84 f
  B10/U30/Y (AND4X1M)                      0.32       1.16 f
  B10/U17/Y (MXI2X1M)                      0.14       1.30 r
  B10/U3/Y (NAND2X2M)                      0.18       1.48 f
  B10/U15/Y (NOR2BX1M)                     0.13       1.61 r
  B10/counter_reg[0]/D (DFFRQX2M)          0.00       1.61 r
  data arrival time                                   1.61

  clock UART_CLK (rise edge)             271.30     271.30
  clock network delay (ideal)              0.00     271.30
  clock uncertainty                       -0.20     271.10
  B10/counter_reg[0]/CK (DFFRQX2M)         0.00     271.10 r
  library setup time                      -0.30     270.80
  data required time                                270.80
  -----------------------------------------------------------
  data required time                                270.80
  data arrival time                                  -1.61
  -----------------------------------------------------------
  slack (MET)                                       269.19


  Startpoint: B10/counter_reg[0]
              (rising edge-triggered flip-flop clocked by UART_CLK)
  Endpoint: B10/counter_reg[1]
            (rising edge-triggered flip-flop clocked by UART_CLK)
  Path Group: UART_CLK
  Path Type: max

  Point                                    Incr       Path
  -----------------------------------------------------------
  clock UART_CLK (rise edge)               0.00       0.00
  clock network delay (ideal)              0.00       0.00
  B10/counter_reg[0]/CK (DFFRQX2M)         0.00       0.00 r
  B10/counter_reg[0]/Q (DFFRQX2M)          0.51       0.51 f
  B10/U36/Y (XNOR2X1M)                     0.19       0.70 f
  B10/U35/Y (CLKNAND2X2M)                  0.08       0.79 r
  B10/U31/Y (NOR4X1M)                      0.06       0.84 f
  B10/U30/Y (AND4X1M)                      0.32       1.16 f
  B10/U17/Y (MXI2X1M)                      0.14       1.30 r
  B10/U3/Y (NAND2X2M)                      0.18       1.48 f
  B10/U14/Y (NOR2BX1M)                     0.13       1.61 r
  B10/counter_reg[1]/D (DFFRQX2M)          0.00       1.61 r
  data arrival time                                   1.61

  clock UART_CLK (rise edge)             271.30     271.30
  clock network delay (ideal)              0.00     271.30
  clock uncertainty                       -0.20     271.10
  B10/counter_reg[1]/CK (DFFRQX2M)         0.00     271.10 r
  library setup time                      -0.30     270.80
  data required time                                270.80
  -----------------------------------------------------------
  data required time                                270.80
  data arrival time                                  -1.61
  -----------------------------------------------------------
  slack (MET)                                       269.19


  Startpoint: B10/counter_reg[0]
              (rising edge-triggered flip-flop clocked by UART_CLK)
  Endpoint: B10/counter_reg[2]
            (rising edge-triggered flip-flop clocked by UART_CLK)
  Path Group: UART_CLK
  Path Type: max

  Point                                    Incr       Path
  -----------------------------------------------------------
  clock UART_CLK (rise edge)               0.00       0.00
  clock network delay (ideal)              0.00       0.00
  B10/counter_reg[0]/CK (DFFRQX2M)         0.00       0.00 r
  B10/counter_reg[0]/Q (DFFRQX2M)          0.51       0.51 f
  B10/U36/Y (XNOR2X1M)                     0.19       0.70 f
  B10/U35/Y (CLKNAND2X2M)                  0.08       0.79 r
  B10/U31/Y (NOR4X1M)                      0.06       0.84 f
  B10/U30/Y (AND4X1M)                      0.32       1.16 f
  B10/U17/Y (MXI2X1M)                      0.14       1.30 r
  B10/U3/Y (NAND2X2M)                      0.18       1.48 f
  B10/U13/Y (NOR2BX1M)                     0.13       1.61 r
  B10/counter_reg[2]/D (DFFRQX2M)          0.00       1.61 r
  data arrival time                                   1.61

  clock UART_CLK (rise edge)             271.30     271.30
  clock network delay (ideal)              0.00     271.30
  clock uncertainty                       -0.20     271.10
  B10/counter_reg[2]/CK (DFFRQX2M)         0.00     271.10 r
  library setup time                      -0.30     270.80
  data required time                                270.80
  -----------------------------------------------------------
  data required time                                270.80
  data arrival time                                  -1.61
  -----------------------------------------------------------
  slack (MET)                                       269.19


  Startpoint: B10/counter_reg[0]
              (rising edge-triggered flip-flop clocked by UART_CLK)
  Endpoint: B10/counter_reg[5]
            (rising edge-triggered flip-flop clocked by UART_CLK)
  Path Group: UART_CLK
  Path Type: max

  Point                                    Incr       Path
  -----------------------------------------------------------
  clock UART_CLK (rise edge)               0.00       0.00
  clock network delay (ideal)              0.00       0.00
  B10/counter_reg[0]/CK (DFFRQX2M)         0.00       0.00 r
  B10/counter_reg[0]/Q (DFFRQX2M)          0.51       0.51 f
  B10/U36/Y (XNOR2X1M)                     0.19       0.70 f
  B10/U35/Y (CLKNAND2X2M)                  0.08       0.79 r
  B10/U31/Y (NOR4X1M)                      0.06       0.84 f
  B10/U30/Y (AND4X1M)                      0.32       1.16 f
  B10/U17/Y (MXI2X1M)                      0.14       1.30 r
  B10/U3/Y (NAND2X2M)                      0.18       1.48 f
  B10/U10/Y (NOR2BX1M)                     0.13       1.61 r
  B10/counter_reg[5]/D (DFFRQX2M)          0.00       1.61 r
  data arrival time                                   1.61

  clock UART_CLK (rise edge)             271.30     271.30
  clock network delay (ideal)              0.00     271.30
  clock uncertainty                       -0.20     271.10
  B10/counter_reg[5]/CK (DFFRQX2M)         0.00     271.10 r
  library setup time                      -0.30     270.80
  data required time                                270.80
  -----------------------------------------------------------
  data required time                                270.80
  data arrival time                                  -1.61
  -----------------------------------------------------------
  slack (MET)                                       269.19


  Startpoint: B10/counter_reg[0]
              (rising edge-triggered flip-flop clocked by UART_CLK)
  Endpoint: B10/counter_reg[4]
            (rising edge-triggered flip-flop clocked by UART_CLK)
  Path Group: UART_CLK
  Path Type: max

  Point                                    Incr       Path
  -----------------------------------------------------------
  clock UART_CLK (rise edge)               0.00       0.00
  clock network delay (ideal)              0.00       0.00
  B10/counter_reg[0]/CK (DFFRQX2M)         0.00       0.00 r
  B10/counter_reg[0]/Q (DFFRQX2M)          0.51       0.51 f
  B10/U36/Y (XNOR2X1M)                     0.19       0.70 f
  B10/U35/Y (CLKNAND2X2M)                  0.08       0.79 r
  B10/U31/Y (NOR4X1M)                      0.06       0.84 f
  B10/U30/Y (AND4X1M)                      0.32       1.16 f
  B10/U17/Y (MXI2X1M)                      0.14       1.30 r
  B10/U3/Y (NAND2X2M)                      0.18       1.48 f
  B10/U11/Y (NOR2BX1M)                     0.13       1.61 r
  B10/counter_reg[4]/D (DFFRQX2M)          0.00       1.61 r
  data arrival time                                   1.61

  clock UART_CLK (rise edge)             271.30     271.30
  clock network delay (ideal)              0.00     271.30
  clock uncertainty                       -0.20     271.10
  B10/counter_reg[4]/CK (DFFRQX2M)         0.00     271.10 r
  library setup time                      -0.30     270.80
  data required time                                270.80
  -----------------------------------------------------------
  data required time                                270.80
  data arrival time                                  -1.61
  -----------------------------------------------------------
  slack (MET)                                       269.19


  Startpoint: B10/counter_reg[0]
              (rising edge-triggered flip-flop clocked by UART_CLK)
  Endpoint: B10/counter_reg[3]
            (rising edge-triggered flip-flop clocked by UART_CLK)
  Path Group: UART_CLK
  Path Type: max

  Point                                    Incr       Path
  -----------------------------------------------------------
  clock UART_CLK (rise edge)               0.00       0.00
  clock network delay (ideal)              0.00       0.00
  B10/counter_reg[0]/CK (DFFRQX2M)         0.00       0.00 r
  B10/counter_reg[0]/Q (DFFRQX2M)          0.51       0.51 f
  B10/U36/Y (XNOR2X1M)                     0.19       0.70 f
  B10/U35/Y (CLKNAND2X2M)                  0.08       0.79 r
  B10/U31/Y (NOR4X1M)                      0.06       0.84 f
  B10/U30/Y (AND4X1M)                      0.32       1.16 f
  B10/U17/Y (MXI2X1M)                      0.14       1.30 r
  B10/U3/Y (NAND2X2M)                      0.18       1.48 f
  B10/U12/Y (NOR2BX1M)                     0.13       1.61 r
  B10/counter_reg[3]/D (DFFRQX2M)          0.00       1.61 r
  data arrival time                                   1.61

  clock UART_CLK (rise edge)             271.30     271.30
  clock network delay (ideal)              0.00     271.30
  clock uncertainty                       -0.20     271.10
  B10/counter_reg[3]/CK (DFFRQX2M)         0.00     271.10 r
  library setup time                      -0.30     270.80
  data required time                                270.80
  -----------------------------------------------------------
  data required time                                270.80
  data arrival time                                  -1.61
  -----------------------------------------------------------
  slack (MET)                                       269.19


  Startpoint: B11/counter_reg[0]
              (rising edge-triggered flip-flop clocked by UART_CLK)
  Endpoint: B11/counter_reg[0]
            (rising edge-triggered flip-flop clocked by UART_CLK)
  Path Group: UART_CLK
  Path Type: max

  Point                                    Incr       Path
  -----------------------------------------------------------
  clock UART_CLK (rise edge)               0.00       0.00
  clock network delay (ideal)              0.00       0.00
  B11/counter_reg[0]/CK (DFFRQX2M)         0.00       0.00 r
  B11/counter_reg[0]/Q (DFFRQX2M)          0.51       0.51 f
  B11/U36/Y (XNOR2X1M)                     0.19       0.70 f
  B11/U35/Y (CLKNAND2X2M)                  0.08       0.78 r
  B11/U31/Y (NOR4X1M)                      0.05       0.83 f
  B11/U30/Y (AND4X1M)                      0.32       1.15 f
  B11/U17/Y (MXI2X1M)                      0.14       1.29 r
  B11/U3/Y (NAND2X2M)                      0.18       1.47 f
  B11/U15/Y (NOR2BX1M)                     0.13       1.60 r
  B11/counter_reg[0]/D (DFFRQX2M)          0.00       1.60 r
  data arrival time                                   1.60

  clock UART_CLK (rise edge)             271.30     271.30
  clock network delay (ideal)              0.00     271.30
  clock uncertainty                       -0.20     271.10
  B11/counter_reg[0]/CK (DFFRQX2M)         0.00     271.10 r
  library setup time                      -0.30     270.80
  data required time                                270.80
  -----------------------------------------------------------
  data required time                                270.80
  data arrival time                                  -1.60
  -----------------------------------------------------------
  slack (MET)                                       269.20


  Startpoint: B11/counter_reg[0]
              (rising edge-triggered flip-flop clocked by UART_CLK)
  Endpoint: B11/counter_reg[1]
            (rising edge-triggered flip-flop clocked by UART_CLK)
  Path Group: UART_CLK
  Path Type: max

  Point                                    Incr       Path
  -----------------------------------------------------------
  clock UART_CLK (rise edge)               0.00       0.00
  clock network delay (ideal)              0.00       0.00
  B11/counter_reg[0]/CK (DFFRQX2M)         0.00       0.00 r
  B11/counter_reg[0]/Q (DFFRQX2M)          0.51       0.51 f
  B11/U36/Y (XNOR2X1M)                     0.19       0.70 f
  B11/U35/Y (CLKNAND2X2M)                  0.08       0.78 r
  B11/U31/Y (NOR4X1M)                      0.05       0.83 f
  B11/U30/Y (AND4X1M)                      0.32       1.15 f
  B11/U17/Y (MXI2X1M)                      0.14       1.29 r
  B11/U3/Y (NAND2X2M)                      0.18       1.47 f
  B11/U14/Y (NOR2BX1M)                     0.13       1.60 r
  B11/counter_reg[1]/D (DFFRQX2M)          0.00       1.60 r
  data arrival time                                   1.60

  clock UART_CLK (rise edge)             271.30     271.30
  clock network delay (ideal)              0.00     271.30
  clock uncertainty                       -0.20     271.10
  B11/counter_reg[1]/CK (DFFRQX2M)         0.00     271.10 r
  library setup time                      -0.30     270.80
  data required time                                270.80
  -----------------------------------------------------------
  data required time                                270.80
  data arrival time                                  -1.60
  -----------------------------------------------------------
  slack (MET)                                       269.20


  Startpoint: B11/counter_reg[0]
              (rising edge-triggered flip-flop clocked by UART_CLK)
  Endpoint: B11/counter_reg[2]
            (rising edge-triggered flip-flop clocked by UART_CLK)
  Path Group: UART_CLK
  Path Type: max

  Point                                    Incr       Path
  -----------------------------------------------------------
  clock UART_CLK (rise edge)               0.00       0.00
  clock network delay (ideal)              0.00       0.00
  B11/counter_reg[0]/CK (DFFRQX2M)         0.00       0.00 r
  B11/counter_reg[0]/Q (DFFRQX2M)          0.51       0.51 f
  B11/U36/Y (XNOR2X1M)                     0.19       0.70 f
  B11/U35/Y (CLKNAND2X2M)                  0.08       0.78 r
  B11/U31/Y (NOR4X1M)                      0.05       0.83 f
  B11/U30/Y (AND4X1M)                      0.32       1.15 f
  B11/U17/Y (MXI2X1M)                      0.14       1.29 r
  B11/U3/Y (NAND2X2M)                      0.18       1.47 f
  B11/U13/Y (NOR2BX1M)                     0.13       1.60 r
  B11/counter_reg[2]/D (DFFRQX2M)          0.00       1.60 r
  data arrival time                                   1.60

  clock UART_CLK (rise edge)             271.30     271.30
  clock network delay (ideal)              0.00     271.30
  clock uncertainty                       -0.20     271.10
  B11/counter_reg[2]/CK (DFFRQX2M)         0.00     271.10 r
  library setup time                      -0.30     270.80
  data required time                                270.80
  -----------------------------------------------------------
  data required time                                270.80
  data arrival time                                  -1.60
  -----------------------------------------------------------
  slack (MET)                                       269.20


  Startpoint: B11/counter_reg[0]
              (rising edge-triggered flip-flop clocked by UART_CLK)
  Endpoint: B11/counter_reg[5]
            (rising edge-triggered flip-flop clocked by UART_CLK)
  Path Group: UART_CLK
  Path Type: max

  Point                                    Incr       Path
  -----------------------------------------------------------
  clock UART_CLK (rise edge)               0.00       0.00
  clock network delay (ideal)              0.00       0.00
  B11/counter_reg[0]/CK (DFFRQX2M)         0.00       0.00 r
  B11/counter_reg[0]/Q (DFFRQX2M)          0.51       0.51 f
  B11/U36/Y (XNOR2X1M)                     0.19       0.70 f
  B11/U35/Y (CLKNAND2X2M)                  0.08       0.78 r
  B11/U31/Y (NOR4X1M)                      0.05       0.83 f
  B11/U30/Y (AND4X1M)                      0.32       1.15 f
  B11/U17/Y (MXI2X1M)                      0.14       1.29 r
  B11/U3/Y (NAND2X2M)                      0.18       1.47 f
  B11/U10/Y (NOR2BX1M)                     0.13       1.60 r
  B11/counter_reg[5]/D (DFFRQX2M)          0.00       1.60 r
  data arrival time                                   1.60

  clock UART_CLK (rise edge)             271.30     271.30
  clock network delay (ideal)              0.00     271.30
  clock uncertainty                       -0.20     271.10
  B11/counter_reg[5]/CK (DFFRQX2M)         0.00     271.10 r
  library setup time                      -0.30     270.80
  data required time                                270.80
  -----------------------------------------------------------
  data required time                                270.80
  data arrival time                                  -1.60
  -----------------------------------------------------------
  slack (MET)                                       269.20


  Startpoint: B11/counter_reg[0]
              (rising edge-triggered flip-flop clocked by UART_CLK)
  Endpoint: B11/counter_reg[4]
            (rising edge-triggered flip-flop clocked by UART_CLK)
  Path Group: UART_CLK
  Path Type: max

  Point                                    Incr       Path
  -----------------------------------------------------------
  clock UART_CLK (rise edge)               0.00       0.00
  clock network delay (ideal)              0.00       0.00
  B11/counter_reg[0]/CK (DFFRQX2M)         0.00       0.00 r
  B11/counter_reg[0]/Q (DFFRQX2M)          0.51       0.51 f
  B11/U36/Y (XNOR2X1M)                     0.19       0.70 f
  B11/U35/Y (CLKNAND2X2M)                  0.08       0.78 r
  B11/U31/Y (NOR4X1M)                      0.05       0.83 f
  B11/U30/Y (AND4X1M)                      0.32       1.15 f
  B11/U17/Y (MXI2X1M)                      0.14       1.29 r
  B11/U3/Y (NAND2X2M)                      0.18       1.47 f
  B11/U11/Y (NOR2BX1M)                     0.13       1.60 r
  B11/counter_reg[4]/D (DFFRQX2M)          0.00       1.60 r
  data arrival time                                   1.60

  clock UART_CLK (rise edge)             271.30     271.30
  clock network delay (ideal)              0.00     271.30
  clock uncertainty                       -0.20     271.10
  B11/counter_reg[4]/CK (DFFRQX2M)         0.00     271.10 r
  library setup time                      -0.30     270.80
  data required time                                270.80
  -----------------------------------------------------------
  data required time                                270.80
  data arrival time                                  -1.60
  -----------------------------------------------------------
  slack (MET)                                       269.20


  Startpoint: B11/counter_reg[0]
              (rising edge-triggered flip-flop clocked by UART_CLK)
  Endpoint: B11/counter_reg[3]
            (rising edge-triggered flip-flop clocked by UART_CLK)
  Path Group: UART_CLK
  Path Type: max

  Point                                    Incr       Path
  -----------------------------------------------------------
  clock UART_CLK (rise edge)               0.00       0.00
  clock network delay (ideal)              0.00       0.00
  B11/counter_reg[0]/CK (DFFRQX2M)         0.00       0.00 r
  B11/counter_reg[0]/Q (DFFRQX2M)          0.51       0.51 f
  B11/U36/Y (XNOR2X1M)                     0.19       0.70 f
  B11/U35/Y (CLKNAND2X2M)                  0.08       0.78 r
  B11/U31/Y (NOR4X1M)                      0.05       0.83 f
  B11/U30/Y (AND4X1M)                      0.32       1.15 f
  B11/U17/Y (MXI2X1M)                      0.14       1.29 r
  B11/U3/Y (NAND2X2M)                      0.18       1.47 f
  B11/U12/Y (NOR2BX1M)                     0.13       1.60 r
  B11/counter_reg[3]/D (DFFRQX2M)          0.00       1.60 r
  data arrival time                                   1.60

  clock UART_CLK (rise edge)             271.30     271.30
  clock network delay (ideal)              0.00     271.30
  clock uncertainty                       -0.20     271.10
  B11/counter_reg[3]/CK (DFFRQX2M)         0.00     271.10 r
  library setup time                      -0.30     270.80
  data required time                                270.80
  -----------------------------------------------------------
  data required time                                270.80
  data arrival time                                  -1.60
  -----------------------------------------------------------
  slack (MET)                                       269.20


  Startpoint: B7/sync_reg[1]
              (rising edge-triggered flip-flop clocked by UART_CLK)
  Endpoint: B7/SYNC_RST_reg
            (rising edge-triggered flip-flop clocked by UART_CLK)
  Path Group: UART_CLK
  Path Type: max

  Point                                    Incr       Path
  -----------------------------------------------------------
  clock UART_CLK (rise edge)               0.00       0.00
  clock network delay (ideal)              0.00       0.00
  B7/sync_reg[1]/CK (DFFRQX2M)             0.00       0.00 r
  B7/sync_reg[1]/Q (DFFRQX2M)              0.36       0.36 r
  B7/SYNC_RST_reg/D (DFFRQX2M)             0.00       0.36 r
  data arrival time                                   0.36

  clock UART_CLK (rise edge)             271.30     271.30
  clock network delay (ideal)              0.00     271.30
  clock uncertainty                       -0.20     271.10
  B7/SYNC_RST_reg/CK (DFFRQX2M)            0.00     271.10 r
  library setup time                      -0.29     270.81
  data required time                                270.81
  -----------------------------------------------------------
  data required time                                270.81
  data arrival time                                  -0.36
  -----------------------------------------------------------
  slack (MET)                                       270.45


  Startpoint: B7/sync_reg[0]/CK
              (internal path startpoint clocked by UART_CLK)
  Endpoint: B7/sync_reg[1]
            (rising edge-triggered flip-flop clocked by UART_CLK)
  Path Group: UART_CLK
  Path Type: max

  Point                                    Incr       Path
  -----------------------------------------------------------
  clock UART_CLK (rise edge)               0.00       0.00
  clock network delay (ideal)              0.00       0.00
  input external delay                     0.00       0.00 r
  B7/sync_reg[0]/CK (DFFRQX2M)             0.00       0.00 r
  B7/sync_reg[0]/Q (DFFRQX2M)              0.36       0.36 r
  B7/sync_reg[1]/D (DFFRQX2M)              0.00       0.36 r
  data arrival time                                   0.36

  clock UART_CLK (rise edge)             271.30     271.30
  clock network delay (ideal)              0.00     271.30
  clock uncertainty                       -0.20     271.10
  B7/sync_reg[1]/CK (DFFRQX2M)             0.00     271.10 r
  library setup time                      -0.29     270.81
  data required time                                270.81
  -----------------------------------------------------------
  data required time                                270.81
  data arrival time                                  -0.36
  -----------------------------------------------------------
  slack (MET)                                       270.45


1
